DateTime,Activity To Fee Ratio,Price
2009-01-03T00:00:00.000Z,,
2009-01-04T00:00:00.000Z,,
2009-01-05T00:00:00.000Z,,
2009-01-06T00:00:00.000Z,,
2009-01-07T00:00:00.000Z,,
2009-01-08T00:00:00.000Z,,
2009-01-09T00:00:00.000Z,,
2009-01-10T00:00:00.000Z,,
2009-01-11T00:00:00.000Z,,
2009-01-12T00:00:00.000Z,,
2009-01-13T00:00:00.000Z,,
2009-01-14T00:00:00.000Z,,
2009-01-15T00:00:00.000Z,,
2009-01-16T00:00:00.000Z,,
2009-01-17T00:00:00.000Z,,
2009-01-18T00:00:00.000Z,,
2009-01-19T00:00:00.000Z,,
2009-01-20T00:00:00.000Z,,
2009-01-21T00:00:00.000Z,,
2009-01-22T00:00:00.000Z,,
2009-01-23T00:00:00.000Z,,
2009-01-24T00:00:00.000Z,,
2009-01-25T00:00:00.000Z,,
2009-01-26T00:00:00.000Z,,
2009-01-27T00:00:00.000Z,,
2009-01-28T00:00:00.000Z,,
2009-01-29T00:00:00.000Z,,
2009-01-30T00:00:00.000Z,,
2009-01-31T00:00:00.000Z,,
2009-02-01T00:00:00.000Z,,
2009-02-02T00:00:00.000Z,,
2009-02-03T00:00:00.000Z,0.013052,
2009-02-04T00:00:00.000Z,,
2009-02-05T00:00:00.000Z,,
2009-02-06T00:00:00.000Z,,
2009-02-07T00:00:00.000Z,,
2009-02-08T00:00:00.000Z,,
2009-02-09T00:00:00.000Z,,
2009-02-10T00:00:00.000Z,,
2009-02-11T00:00:00.000Z,,
2009-02-12T00:00:00.000Z,,
2009-02-13T00:00:00.000Z,,
2009-02-14T00:00:00.000Z,,
2009-02-15T00:00:00.000Z,,
2009-02-16T00:00:00.000Z,,
2009-02-17T00:00:00.000Z,,
2009-02-18T00:00:00.000Z,,
2009-02-19T00:00:00.000Z,,
2009-02-20T00:00:00.000Z,,
2009-02-21T00:00:00.000Z,,
2009-02-22T00:00:00.000Z,,
2009-02-23T00:00:00.000Z,,
2009-02-24T00:00:00.000Z,,
2009-02-25T00:00:00.000Z,,
2009-02-26T00:00:00.000Z,,
2009-02-27T00:00:00.000Z,,
2009-02-28T00:00:00.000Z,,
2009-03-01T00:00:00.000Z,,
2009-03-02T00:00:00.000Z,,
2009-03-03T00:00:00.000Z,,
2009-03-04T00:00:00.000Z,,
2009-03-05T00:00:00.000Z,,
2009-03-06T00:00:00.000Z,,
2009-03-07T00:00:00.000Z,,
2009-03-08T00:00:00.000Z,,
2009-03-09T00:00:00.000Z,,
2009-03-10T00:00:00.000Z,,
2009-03-11T00:00:00.000Z,,
2009-03-12T00:00:00.000Z,,
2009-03-13T00:00:00.000Z,,
2009-03-14T00:00:00.000Z,,
2009-03-15T00:00:00.000Z,,
2009-03-16T00:00:00.000Z,,
2009-03-17T00:00:00.000Z,,
2009-03-18T00:00:00.000Z,,
2009-03-19T00:00:00.000Z,,
2009-03-20T00:00:00.000Z,,
2009-03-21T00:00:00.000Z,,
2009-03-22T00:00:00.000Z,,
2009-03-23T00:00:00.000Z,,
2009-03-24T00:00:00.000Z,,
2009-03-25T00:00:00.000Z,,
2009-03-26T00:00:00.000Z,,
2009-03-27T00:00:00.000Z,,
2009-03-28T00:00:00.000Z,,
2009-03-29T00:00:00.000Z,,
2009-03-30T00:00:00.000Z,,
2009-03-31T00:00:00.000Z,,
2009-04-01T00:00:00.000Z,,
2009-04-02T00:00:00.000Z,,
2009-04-03T00:00:00.000Z,,
2009-04-04T00:00:00.000Z,,
2009-04-05T00:00:00.000Z,,
2009-04-06T00:00:00.000Z,,
2009-04-07T00:00:00.000Z,,
2009-04-08T00:00:00.000Z,,
2009-04-09T00:00:00.000Z,,
2009-04-10T00:00:00.000Z,,
2009-04-11T00:00:00.000Z,,
2009-04-12T00:00:00.000Z,,
2009-04-13T00:00:00.000Z,,
2009-04-14T00:00:00.000Z,,
2009-04-15T00:00:00.000Z,,
2009-04-16T00:00:00.000Z,,
2009-04-17T00:00:00.000Z,,
2009-04-18T00:00:00.000Z,,
2009-04-19T00:00:00.000Z,,
2009-04-20T00:00:00.000Z,,
2009-04-21T00:00:00.000Z,,
2009-04-22T00:00:00.000Z,,
2009-04-23T00:00:00.000Z,,
2009-04-24T00:00:00.000Z,,
2009-04-25T00:00:00.000Z,,
2009-04-26T00:00:00.000Z,,
2009-04-27T00:00:00.000Z,,
2009-04-28T00:00:00.000Z,,
2009-04-29T00:00:00.000Z,,
2009-04-30T00:00:00.000Z,,
2009-05-01T00:00:00.000Z,,
2009-05-02T00:00:00.000Z,0.000211,
2009-05-03T00:00:00.000Z,,
2009-05-04T00:00:00.000Z,,
2009-05-05T00:00:00.000Z,,
2009-05-06T00:00:00.000Z,,
2009-05-07T00:00:00.000Z,,
2009-05-08T00:00:00.000Z,,
2009-05-09T00:00:00.000Z,,
2009-05-10T00:00:00.000Z,,
2009-05-11T00:00:00.000Z,0.000813,
2009-05-12T00:00:00.000Z,,
2009-05-13T00:00:00.000Z,,
2009-05-14T00:00:00.000Z,,
2009-05-15T00:00:00.000Z,,
2009-05-16T00:00:00.000Z,,
2009-05-17T00:00:00.000Z,,
2009-05-18T00:00:00.000Z,,
2009-05-19T00:00:00.000Z,,
2009-05-20T00:00:00.000Z,,
2009-05-21T00:00:00.000Z,,
2009-05-22T00:00:00.000Z,,
2009-05-23T00:00:00.000Z,,
2009-05-24T00:00:00.000Z,,
2009-05-25T00:00:00.000Z,,
2009-05-26T00:00:00.000Z,,
2009-05-27T00:00:00.000Z,,
2009-05-28T00:00:00.000Z,,
2009-05-29T00:00:00.000Z,,
2009-05-30T00:00:00.000Z,,
2009-05-31T00:00:00.000Z,,
2009-06-01T00:00:00.000Z,,
2009-06-02T00:00:00.000Z,,
2009-06-03T00:00:00.000Z,,
2009-06-04T00:00:00.000Z,,
2009-06-05T00:00:00.000Z,,
2009-06-06T00:00:00.000Z,,
2009-06-07T00:00:00.000Z,,
2009-06-08T00:00:00.000Z,,
2009-06-09T00:00:00.000Z,,
2009-06-10T00:00:00.000Z,,
2009-06-11T00:00:00.000Z,,
2009-06-12T00:00:00.000Z,,
2009-06-13T00:00:00.000Z,,
2009-06-14T00:00:00.000Z,,
2009-06-15T00:00:00.000Z,,
2009-06-16T00:00:00.000Z,,
2009-06-17T00:00:00.000Z,,
2009-06-18T00:00:00.000Z,,
2009-06-19T00:00:00.000Z,,
2009-06-20T00:00:00.000Z,,
2009-06-21T00:00:00.000Z,,
2009-06-22T00:00:00.000Z,,
2009-06-23T00:00:00.000Z,,
2009-06-24T00:00:00.000Z,,
2009-06-25T00:00:00.000Z,,
2009-06-26T00:00:00.000Z,,
2009-06-27T00:00:00.000Z,,
2009-06-28T00:00:00.000Z,,
2009-06-29T00:00:00.000Z,,
2009-06-30T00:00:00.000Z,,
2009-07-01T00:00:00.000Z,,
2009-07-02T00:00:00.000Z,,
2009-07-03T00:00:00.000Z,,
2009-07-04T00:00:00.000Z,,
2009-07-05T00:00:00.000Z,,
2009-07-06T00:00:00.000Z,,
2009-07-07T00:00:00.000Z,,
2009-07-08T00:00:00.000Z,,
2009-07-09T00:00:00.000Z,,
2009-07-10T00:00:00.000Z,,
2009-07-11T00:00:00.000Z,,
2009-07-12T00:00:00.000Z,,
2009-07-13T00:00:00.000Z,,
2009-07-14T00:00:00.000Z,,
2009-07-15T00:00:00.000Z,,
2009-07-16T00:00:00.000Z,,
2009-07-17T00:00:00.000Z,,
2009-07-18T00:00:00.000Z,,
2009-07-19T00:00:00.000Z,,
2009-07-20T00:00:00.000Z,0.000729,
2009-07-21T00:00:00.000Z,,
2009-07-22T00:00:00.000Z,,
2009-07-23T00:00:00.000Z,,
2009-07-24T00:00:00.000Z,,
2009-07-25T00:00:00.000Z,,
2009-07-26T00:00:00.000Z,,
2009-07-27T00:00:00.000Z,,
2009-07-28T00:00:00.000Z,,
2009-07-29T00:00:00.000Z,,
2009-07-30T00:00:00.000Z,,
2009-07-31T00:00:00.000Z,,
2009-08-01T00:00:00.000Z,,
2009-08-02T00:00:00.000Z,,
2009-08-03T00:00:00.000Z,,
2009-08-04T00:00:00.000Z,,
2009-08-05T00:00:00.000Z,,
2009-08-06T00:00:00.000Z,,
2009-08-07T00:00:00.000Z,0.000677,
2009-08-08T00:00:00.000Z,,
2009-08-09T00:00:00.000Z,,
2009-08-10T00:00:00.000Z,,
2009-08-11T00:00:00.000Z,,
2009-08-12T00:00:00.000Z,,
2009-08-13T00:00:00.000Z,,
2009-08-14T00:00:00.000Z,,
2009-08-15T00:00:00.000Z,,
2009-08-16T00:00:00.000Z,,
2009-08-17T00:00:00.000Z,,
2009-08-18T00:00:00.000Z,,
2009-08-19T00:00:00.000Z,,
2009-08-20T00:00:00.000Z,,
2009-08-21T00:00:00.000Z,,
2009-08-22T00:00:00.000Z,,
2009-08-23T00:00:00.000Z,,
2009-08-24T00:00:00.000Z,,
2009-08-25T00:00:00.000Z,,
2009-08-26T00:00:00.000Z,,
2009-08-27T00:00:00.000Z,,
2009-08-28T00:00:00.000Z,,
2009-08-29T00:00:00.000Z,,
2009-08-30T00:00:00.000Z,,
2009-08-31T00:00:00.000Z,,
2009-09-01T00:00:00.000Z,,
2009-09-02T00:00:00.000Z,,
2009-09-03T00:00:00.000Z,,
2009-09-04T00:00:00.000Z,,
2009-09-05T00:00:00.000Z,,
2009-09-06T00:00:00.000Z,,
2009-09-07T00:00:00.000Z,,
2009-09-08T00:00:00.000Z,,
2009-09-09T00:00:00.000Z,,
2009-09-10T00:00:00.000Z,,
2009-09-11T00:00:00.000Z,,
2009-09-12T00:00:00.000Z,,
2009-09-13T00:00:00.000Z,,
2009-09-14T00:00:00.000Z,,
2009-09-15T00:00:00.000Z,,
2009-09-16T00:00:00.000Z,,
2009-09-17T00:00:00.000Z,0.000645,
2009-09-18T00:00:00.000Z,,
2009-09-19T00:00:00.000Z,,
2009-09-20T00:00:00.000Z,,
2009-09-21T00:00:00.000Z,,
2009-09-22T00:00:00.000Z,,
2009-09-23T00:00:00.000Z,,
2009-09-24T00:00:00.000Z,,
2009-09-25T00:00:00.000Z,,
2009-09-26T00:00:00.000Z,,
2009-09-27T00:00:00.000Z,,
2009-09-28T00:00:00.000Z,,
2009-09-29T00:00:00.000Z,,
2009-09-30T00:00:00.000Z,,
2009-10-01T00:00:00.000Z,,
2009-10-02T00:00:00.000Z,,
2009-10-03T00:00:00.000Z,,
2009-10-04T00:00:00.000Z,,
2009-10-05T00:00:00.000Z,,
2009-10-06T00:00:00.000Z,,
2009-10-07T00:00:00.000Z,,
2009-10-08T00:00:00.000Z,,
2009-10-09T00:00:00.000Z,,
2009-10-10T00:00:00.000Z,,
2009-10-11T00:00:00.000Z,,
2009-10-12T00:00:00.000Z,,
2009-10-13T00:00:00.000Z,,
2009-10-14T00:00:00.000Z,,
2009-10-15T00:00:00.000Z,,
2009-10-16T00:00:00.000Z,,
2009-10-17T00:00:00.000Z,,
2009-10-18T00:00:00.000Z,,
2009-10-19T00:00:00.000Z,,
2009-10-20T00:00:00.000Z,0.000609,
2009-10-21T00:00:00.000Z,,
2009-10-22T00:00:00.000Z,,
2009-10-23T00:00:00.000Z,,
2009-10-24T00:00:00.000Z,,
2009-10-25T00:00:00.000Z,,
2009-10-26T00:00:00.000Z,,
2009-10-27T00:00:00.000Z,,
2009-10-28T00:00:00.000Z,,
2009-10-29T00:00:00.000Z,,
2009-10-30T00:00:00.000Z,,
2009-10-31T00:00:00.000Z,,
2009-11-01T00:00:00.000Z,,
2009-11-02T00:00:00.000Z,,
2009-11-03T00:00:00.000Z,,
2009-11-04T00:00:00.000Z,,
2009-11-05T00:00:00.000Z,,
2009-11-06T00:00:00.000Z,,
2009-11-07T00:00:00.000Z,,
2009-11-08T00:00:00.000Z,,
2009-11-09T00:00:00.000Z,,
2009-11-10T00:00:00.000Z,,
2009-11-11T00:00:00.000Z,,
2009-11-12T00:00:00.000Z,,
2009-11-13T00:00:00.000Z,,
2009-11-14T00:00:00.000Z,,
2009-11-15T00:00:00.000Z,,
2009-11-16T00:00:00.000Z,,
2009-11-17T00:00:00.000Z,,
2009-11-18T00:00:00.000Z,,
2009-11-19T00:00:00.000Z,,
2009-11-20T00:00:00.000Z,,
2009-11-21T00:00:00.000Z,,
2009-11-22T00:00:00.000Z,,
2009-11-23T00:00:00.000Z,,
2009-11-24T00:00:00.000Z,,
2009-11-25T00:00:00.000Z,,
2009-11-26T00:00:00.000Z,,
2009-11-27T00:00:00.000Z,,
2009-11-28T00:00:00.000Z,,
2009-11-29T00:00:00.000Z,,
2009-11-30T00:00:00.000Z,,
2009-12-01T00:00:00.000Z,0.000917,
2009-12-02T00:00:00.000Z,,
2009-12-03T00:00:00.000Z,,
2009-12-04T00:00:00.000Z,,
2009-12-05T00:00:00.000Z,,
2009-12-06T00:00:00.000Z,,
2009-12-07T00:00:00.000Z,,
2009-12-08T00:00:00.000Z,,
2009-12-09T00:00:00.000Z,,
2009-12-10T00:00:00.000Z,,
2009-12-11T00:00:00.000Z,,
2009-12-12T00:00:00.000Z,,
2009-12-13T00:00:00.000Z,,
2009-12-14T00:00:00.000Z,,
2009-12-15T00:00:00.000Z,,
2009-12-16T00:00:00.000Z,,
2009-12-17T00:00:00.000Z,,
2009-12-18T00:00:00.000Z,,
2009-12-19T00:00:00.000Z,,
2009-12-20T00:00:00.000Z,,
2009-12-21T00:00:00.000Z,,
2009-12-22T00:00:00.000Z,,
2009-12-23T00:00:00.000Z,,
2009-12-24T00:00:00.000Z,,
2009-12-25T00:00:00.000Z,,
2009-12-26T00:00:00.000Z,,
2009-12-27T00:00:00.000Z,,
2009-12-28T00:00:00.000Z,,
2009-12-29T00:00:00.000Z,,
2009-12-30T00:00:00.000Z,,
2009-12-31T00:00:00.000Z,,
2010-01-01T00:00:00.000Z,,
2010-01-02T00:00:00.000Z,,
2010-01-03T00:00:00.000Z,,
2010-01-04T00:00:00.000Z,,
2010-01-05T00:00:00.000Z,,
2010-01-06T00:00:00.000Z,,
2010-01-07T00:00:00.000Z,,
2010-01-08T00:00:00.000Z,,
2010-01-09T00:00:00.000Z,,
2010-01-10T00:00:00.000Z,,
2010-01-11T00:00:00.000Z,,
2010-01-12T00:00:00.000Z,0.000693,
2010-01-13T00:00:00.000Z,,
2010-01-14T00:00:00.000Z,,
2010-01-15T00:00:00.000Z,,
2010-01-16T00:00:00.000Z,,
2010-01-17T00:00:00.000Z,,
2010-01-18T00:00:00.000Z,,
2010-01-19T00:00:00.000Z,,
2010-01-20T00:00:00.000Z,,
2010-01-21T00:00:00.000Z,,
2010-01-22T00:00:00.000Z,,
2010-01-23T00:00:00.000Z,,
2010-01-24T00:00:00.000Z,,
2010-01-25T00:00:00.000Z,,
2010-01-26T00:00:00.000Z,,
2010-01-27T00:00:00.000Z,,
2010-01-28T00:00:00.000Z,,
2010-01-29T00:00:00.000Z,,
2010-01-30T00:00:00.000Z,,
2010-01-31T00:00:00.000Z,,
2010-02-01T00:00:00.000Z,,
2010-02-02T00:00:00.000Z,,
2010-02-03T00:00:00.000Z,,
2010-02-04T00:00:00.000Z,,
2010-02-05T00:00:00.000Z,,
2010-02-06T00:00:00.000Z,,
2010-02-07T00:00:00.000Z,,
2010-02-08T00:00:00.000Z,,
2010-02-09T00:00:00.000Z,0.000706,
2010-02-10T00:00:00.000Z,,
2010-02-11T00:00:00.000Z,,
2010-02-12T00:00:00.000Z,,
2010-02-13T00:00:00.000Z,,
2010-02-14T00:00:00.000Z,,
2010-02-15T00:00:00.000Z,,
2010-02-16T00:00:00.000Z,,
2010-02-17T00:00:00.000Z,,
2010-02-18T00:00:00.000Z,,
2010-02-19T00:00:00.000Z,,
2010-02-20T00:00:00.000Z,,
2010-02-21T00:00:00.000Z,,
2010-02-22T00:00:00.000Z,,
2010-02-23T00:00:00.000Z,,
2010-02-24T00:00:00.000Z,,
2010-02-25T00:00:00.000Z,,
2010-02-26T00:00:00.000Z,,
2010-02-27T00:00:00.000Z,,
2010-02-28T00:00:00.000Z,,
2010-03-01T00:00:00.000Z,,
2010-03-02T00:00:00.000Z,,
2010-03-03T00:00:00.000Z,,
2010-03-04T00:00:00.000Z,,
2010-03-05T00:00:00.000Z,,
2010-03-06T00:00:00.000Z,,
2010-03-07T00:00:00.000Z,,
2010-03-08T00:00:00.000Z,,
2010-03-09T00:00:00.000Z,,
2010-03-10T00:00:00.000Z,,
2010-03-11T00:00:00.000Z,,
2010-03-12T00:00:00.000Z,,
2010-03-13T00:00:00.000Z,,
2010-03-14T00:00:00.000Z,,
2010-03-15T00:00:00.000Z,,
2010-03-16T00:00:00.000Z,,
2010-03-17T00:00:00.000Z,,
2010-03-18T00:00:00.000Z,,
2010-03-19T00:00:00.000Z,,
2010-03-20T00:00:00.000Z,,
2010-03-21T00:00:00.000Z,,
2010-03-22T00:00:00.000Z,,
2010-03-23T00:00:00.000Z,,
2010-03-24T00:00:00.000Z,,
2010-03-25T00:00:00.000Z,,
2010-03-26T00:00:00.000Z,,
2010-03-27T00:00:00.000Z,,
2010-03-28T00:00:00.000Z,,
2010-03-29T00:00:00.000Z,,
2010-03-30T00:00:00.000Z,,
2010-03-31T00:00:00.000Z,,
2010-04-01T00:00:00.000Z,,
2010-04-02T00:00:00.000Z,,
2010-04-03T00:00:00.000Z,,
2010-04-04T00:00:00.000Z,0.001079,
2010-04-05T00:00:00.000Z,,
2010-04-06T00:00:00.000Z,,
2010-04-07T00:00:00.000Z,,
2010-04-08T00:00:00.000Z,,
2010-04-09T00:00:00.000Z,,
2010-04-10T00:00:00.000Z,,
2010-04-11T00:00:00.000Z,,
2010-04-12T00:00:00.000Z,,
2010-04-13T00:00:00.000Z,,
2010-04-14T00:00:00.000Z,,
2010-04-15T00:00:00.000Z,,
2010-04-16T00:00:00.000Z,,
2010-04-17T00:00:00.000Z,,
2010-04-18T00:00:00.000Z,,
2010-04-19T00:00:00.000Z,,
2010-04-20T00:00:00.000Z,,
2010-04-21T00:00:00.000Z,,
2010-04-22T00:00:00.000Z,,
2010-04-23T00:00:00.000Z,,
2010-04-24T00:00:00.000Z,,
2010-04-25T00:00:00.000Z,,
2010-04-26T00:00:00.000Z,,
2010-04-27T00:00:00.000Z,,
2010-04-28T00:00:00.000Z,,
2010-04-29T00:00:00.000Z,,
2010-04-30T00:00:00.000Z,,
2010-05-01T00:00:00.000Z,,
2010-05-02T00:00:00.000Z,,
2010-05-03T00:00:00.000Z,,
2010-05-04T00:00:00.000Z,,
2010-05-05T00:00:00.000Z,,
2010-05-06T00:00:00.000Z,,
2010-05-07T00:00:00.000Z,,
2010-05-08T00:00:00.000Z,,
2010-05-09T00:00:00.000Z,,
2010-05-10T00:00:00.000Z,,
2010-05-11T00:00:00.000Z,,
2010-05-12T00:00:00.000Z,,
2010-05-13T00:00:00.000Z,,
2010-05-14T00:00:00.000Z,0.026948,
2010-05-15T00:00:00.000Z,0.0165,
2010-05-16T00:00:00.000Z,,
2010-05-17T00:00:00.000Z,,
2010-05-18T00:00:00.000Z,,
2010-05-19T00:00:00.000Z,,
2010-05-20T00:00:00.000Z,,
2010-05-21T00:00:00.000Z,,
2010-05-22T00:00:00.000Z,0.00287,
2010-05-23T00:00:00.000Z,,
2010-05-24T00:00:00.000Z,,
2010-05-25T00:00:00.000Z,,
2010-05-26T00:00:00.000Z,,
2010-05-27T00:00:00.000Z,,
2010-05-28T00:00:00.000Z,,
2010-05-29T00:00:00.000Z,,
2010-05-30T00:00:00.000Z,,
2010-05-31T00:00:00.000Z,,
2010-06-01T00:00:00.000Z,,
2010-06-02T00:00:00.000Z,,
2010-06-03T00:00:00.000Z,,
2010-06-04T00:00:00.000Z,,
2010-06-05T00:00:00.000Z,,
2010-06-06T00:00:00.000Z,,
2010-06-07T00:00:00.000Z,,
2010-06-08T00:00:00.000Z,,
2010-06-09T00:00:00.000Z,,
2010-06-10T00:00:00.000Z,,
2010-06-11T00:00:00.000Z,,
2010-06-12T00:00:00.000Z,,
2010-06-13T00:00:00.000Z,,
2010-06-14T00:00:00.000Z,,
2010-06-15T00:00:00.000Z,,
2010-06-16T00:00:00.000Z,,
2010-06-17T00:00:00.000Z,,
2010-06-18T00:00:00.000Z,,
2010-06-19T00:00:00.000Z,,
2010-06-20T00:00:00.000Z,,
2010-06-21T00:00:00.000Z,,
2010-06-22T00:00:00.000Z,,
2010-06-23T00:00:00.000Z,,
2010-06-24T00:00:00.000Z,,
2010-06-25T00:00:00.000Z,,
2010-06-26T00:00:00.000Z,,
2010-06-27T00:00:00.000Z,,
2010-06-28T00:00:00.000Z,,
2010-06-29T00:00:00.000Z,,
2010-06-30T00:00:00.000Z,0.003044,
2010-07-01T00:00:00.000Z,,
2010-07-02T00:00:00.000Z,,
2010-07-03T00:00:00.000Z,,
2010-07-04T00:00:00.000Z,,
2010-07-05T00:00:00.000Z,,
2010-07-06T00:00:00.000Z,,
2010-07-07T00:00:00.000Z,,
2010-07-08T00:00:00.000Z,,
2010-07-09T00:00:00.000Z,,
2010-07-10T00:00:00.000Z,,
2010-07-11T00:00:00.000Z,,
2010-07-12T00:00:00.000Z,,
2010-07-13T00:00:00.000Z,,
2010-07-14T00:00:00.000Z,0.000001,
2010-07-15T00:00:00.000Z,0.000329,
2010-07-16T00:00:00.000Z,0.000157,
2010-07-17T00:00:00.000Z,0.000062,0.04951
2010-07-18T00:00:00.000Z,0.000905,0.07263
2010-07-19T00:00:00.000Z,0.000093,0.08515
2010-07-20T00:00:00.000Z,,0.078035
2010-07-21T00:00:00.000Z,,0.072775
2010-07-22T00:00:00.000Z,,0.066155
2010-07-23T00:00:00.000Z,0.000015,0.059085
2010-07-24T00:00:00.000Z,,0.05605
2010-07-25T00:00:00.000Z,0.00136,0.054955
2010-07-26T00:00:00.000Z,0.00122,0.053
2010-07-27T00:00:00.000Z,0.000869,0.05675
2010-07-28T00:00:00.000Z,0.001558,0.058
2010-07-29T00:00:00.000Z,0.001679,0.0635
2010-07-30T00:00:00.000Z,0.000497,0.064
2010-07-31T00:00:00.000Z,0.000632,0.062445
2010-08-01T00:00:00.000Z,0.0005,0.0625
2010-08-02T00:00:00.000Z,0.000335,0.06165
2010-08-03T00:00:00.000Z,,0.062
2010-08-04T00:00:00.000Z,,0.059655
2010-08-05T00:00:00.000Z,,0.0595
2010-08-06T00:00:00.000Z,,0.06155
2010-08-07T00:00:00.000Z,0.004494,0.0606
2010-08-08T00:00:00.000Z,,0.06
2010-08-09T00:00:00.000Z,0.005553,0.0664
2010-08-10T00:00:00.000Z,,0.068705
2010-08-11T00:00:00.000Z,,0.067705
2010-08-12T00:00:00.000Z,,0.065705
2010-08-13T00:00:00.000Z,,0.06625
2010-08-14T00:00:00.000Z,,0.067
2010-08-15T00:00:00.000Z,,0.066
2010-08-16T00:00:00.000Z,0.000868,0.06495
2010-08-17T00:00:00.000Z,,0.069665
2010-08-18T00:00:00.000Z,0.002149,0.07015
2010-08-19T00:00:00.000Z,,0.0673
2010-08-20T00:00:00.000Z,,0.06585
2010-08-21T00:00:00.000Z,,0.06565
2010-08-22T00:00:00.000Z,,0.0638
2010-08-23T00:00:00.000Z,,0.064945
2010-08-24T00:00:00.000Z,0.001266,0.065705
2010-08-25T00:00:00.000Z,,0.0653
2010-08-26T00:00:00.000Z,,0.0649
2010-08-27T00:00:00.000Z,,0.064
2010-08-28T00:00:00.000Z,,0.06455
2010-08-29T00:00:00.000Z,0.00059,0.0644
2010-08-30T00:00:00.000Z,0.00069,0.050555
2010-08-31T00:00:00.000Z,0.000272,0.06245
2010-09-01T00:00:00.000Z,0.000133,0.061255
2010-09-02T00:00:00.000Z,,0.06175
2010-09-03T00:00:00.000Z,,0.061925
2010-09-04T00:00:00.000Z,,0.06179
2010-09-05T00:00:00.000Z,0.000018,0.06225
2010-09-06T00:00:00.000Z,,0.06215
2010-09-07T00:00:00.000Z,,0.061155
2010-09-08T00:00:00.000Z,,0.061495
2010-09-09T00:00:00.000Z,0.000214,0.061745
2010-09-10T00:00:00.000Z,,0.06097
2010-09-11T00:00:00.000Z,,0.06345
2010-09-12T00:00:00.000Z,0.000211,0.0618
2010-09-13T00:00:00.000Z,,0.06235
2010-09-14T00:00:00.000Z,0.000014,0.118
2010-09-15T00:00:00.000Z,,0.06145
2010-09-16T00:00:00.000Z,,0.06185
2010-09-17T00:00:00.000Z,,0.05995
2010-09-18T00:00:00.000Z,0.00032,0.059305
2010-09-19T00:00:00.000Z,,0.06135
2010-09-20T00:00:00.000Z,,0.0627
2010-09-21T00:00:00.000Z,,0.0628
2010-09-22T00:00:00.000Z,,0.061935
2010-09-23T00:00:00.000Z,,0.06225
2010-09-24T00:00:00.000Z,,0.062245
2010-09-25T00:00:00.000Z,,0.06205
2010-09-26T00:00:00.000Z,,0.06207
2010-09-27T00:00:00.000Z,0.000016,0.06209
2010-09-28T00:00:00.000Z,0.000848,0.062205
2010-09-29T00:00:00.000Z,,0.06175
2010-09-30T00:00:00.000Z,,0.061725
2010-10-01T00:00:00.000Z,0.000661,0.061945
2010-10-02T00:00:00.000Z,0.00001,0.06158
2010-10-03T00:00:00.000Z,0.000012,0.0612
2010-10-04T00:00:00.000Z,,0.061405
2010-10-05T00:00:00.000Z,,0.061955
2010-10-06T00:00:00.000Z,,0.06235
2010-10-07T00:00:00.000Z,,0.0649
2010-10-08T00:00:00.000Z,,0.049
2010-10-09T00:00:00.000Z,,0.094
2010-10-10T00:00:00.000Z,,0.105045
2010-10-11T00:00:00.000Z,,0.097
2010-10-12T00:00:00.000Z,,0.0905
2010-10-13T00:00:00.000Z,0.000378,0.0985
2010-10-14T00:00:00.000Z,,0.08475
2010-10-15T00:00:00.000Z,,0.1055
2010-10-16T00:00:00.000Z,,0.1015
2010-10-17T00:00:00.000Z,,0.10225
2010-10-18T00:00:00.000Z,0.000021,0.1
2010-10-19T00:00:00.000Z,,0.09945
2010-10-20T00:00:00.000Z,,0.0985
2010-10-21T00:00:00.000Z,0.000008,0.103
2010-10-22T00:00:00.000Z,,0.10525
2010-10-23T00:00:00.000Z,0.00006,0.10675
2010-10-24T00:00:00.000Z,,0.149
2010-10-25T00:00:00.000Z,,0.140045
2010-10-26T00:00:00.000Z,,0.1565
2010-10-27T00:00:00.000Z,,0.1705
2010-10-28T00:00:00.000Z,,0.18205
2010-10-29T00:00:00.000Z,,0.1815
2010-10-30T00:00:00.000Z,,0.19325
2010-10-31T00:00:00.000Z,,0.18495
2010-11-01T00:00:00.000Z,,0.18375
2010-11-02T00:00:00.000Z,,0.19275
2010-11-03T00:00:00.000Z,,0.2
2010-11-04T00:00:00.000Z,,0.2147
2010-11-05T00:00:00.000Z,,0.237
2010-11-06T00:00:00.000Z,,0.3701
2010-11-07T00:00:00.000Z,,0.378
2010-11-08T00:00:00.000Z,0.000528,0.29805
2010-11-09T00:00:00.000Z,,0.261
2010-11-10T00:00:00.000Z,,0.19
2010-11-11T00:00:00.000Z,,0.225
2010-11-12T00:00:00.000Z,,0.2565
2010-11-13T00:00:00.000Z,,0.28415
2010-11-14T00:00:00.000Z,,0.2846
2010-11-15T00:00:00.000Z,0.000109,0.2755
2010-11-16T00:00:00.000Z,,0.249
2010-11-17T00:00:00.000Z,,0.2508
2010-11-18T00:00:00.000Z,,0.25255
2010-11-19T00:00:00.000Z,0.000125,0.2741
2010-11-20T00:00:00.000Z,0.001276,0.2791
2010-11-21T00:00:00.000Z,0.001372,0.27915
2010-11-22T00:00:00.000Z,0.000897,0.27845
2010-11-23T00:00:00.000Z,0.000727,0.28025
2010-11-24T00:00:00.000Z,0.000197,0.27955
2010-11-25T00:00:00.000Z,,0.28025
2010-11-26T00:00:00.000Z,0.000309,0.28255
2010-11-27T00:00:00.000Z,0.000024,0.2835
2010-11-28T00:00:00.000Z,,0.2773
2010-11-29T00:00:00.000Z,0.000033,0.24705
2010-11-30T00:00:00.000Z,0.000013,0.21695
2010-12-01T00:00:00.000Z,0.000036,0.2197
2010-12-02T00:00:00.000Z,0.000074,0.23665
2010-12-03T00:00:00.000Z,0.000011,0.2491
2010-12-04T00:00:00.000Z,0.000015,0.23195
2010-12-05T00:00:00.000Z,0.000043,0.2125
2010-12-06T00:00:00.000Z,0.000062,0.20455
2010-12-07T00:00:00.000Z,0.000072,0.2089
2010-12-08T00:00:00.000Z,0.000044,0.23
2010-12-09T00:00:00.000Z,0.000045,0.20155
2010-12-10T00:00:00.000Z,0.00011,0.19325
2010-12-11T00:00:00.000Z,0.00011,0.20935
2010-12-12T00:00:00.000Z,0.000124,0.21735
2010-12-13T00:00:00.000Z,0.000186,0.22
2010-12-14T00:00:00.000Z,0.000043,0.2284
2010-12-15T00:00:00.000Z,0.000062,0.242
2010-12-16T00:00:00.000Z,0.000109,0.2386
2010-12-17T00:00:00.000Z,0.000295,0.2445
2010-12-18T00:00:00.000Z,0.000078,0.2449
2010-12-19T00:00:00.000Z,0.000106,0.24495
2010-12-20T00:00:00.000Z,0.000046,0.2575
2010-12-21T00:00:00.000Z,0.000101,0.2535
2010-12-22T00:00:00.000Z,0.000147,0.247
2010-12-23T00:00:00.000Z,0.000059,0.2455
2010-12-24T00:00:00.000Z,0.000092,0.246
2010-12-25T00:00:00.000Z,0.000063,0.24875
2010-12-26T00:00:00.000Z,0.000093,0.2582
2010-12-27T00:00:00.000Z,0.000067,0.2605
2010-12-28T00:00:00.000Z,0.0001,0.2711
2010-12-29T00:00:00.000Z,0.000137,0.286
2010-12-30T00:00:00.000Z,0.000085,0.2955
2010-12-31T00:00:00.000Z,0.000026,0.296
2011-01-01T00:00:00.000Z,0.000083,0.296
2011-01-02T00:00:00.000Z,0.000083,0.2945
2011-01-03T00:00:00.000Z,0.000521,0.29495
2011-01-04T00:00:00.000Z,0.000029,0.29445
2011-01-05T00:00:00.000Z,0.00006,0.2945
2011-01-06T00:00:00.000Z,0.000072,0.2945
2011-01-07T00:00:00.000Z,0.000043,0.30975
2011-01-08T00:00:00.000Z,0.000012,0.31595
2011-01-09T00:00:00.000Z,0.000101,0.32295
2011-01-10T00:00:00.000Z,0.000048,0.32325
2011-01-11T00:00:00.000Z,0.000027,0.3221
2011-01-12T00:00:00.000Z,0.00023,0.33685
2011-01-13T00:00:00.000Z,0.000015,0.3613
2011-01-14T00:00:00.000Z,0.00004,0.3838
2011-01-15T00:00:00.000Z,0.000074,0.3925
2011-01-16T00:00:00.000Z,0.000056,0.393
2011-01-17T00:00:00.000Z,0.000117,0.3509
2011-01-18T00:00:00.000Z,0.000027,0.32725
2011-01-19T00:00:00.000Z,0.000032,0.309
2011-01-20T00:00:00.000Z,0.000081,0.35
2011-01-21T00:00:00.000Z,0.000026,0.404
2011-01-22T00:00:00.000Z,0.000214,0.41715
2011-01-23T00:00:00.000Z,0.000186,0.43215
2011-01-24T00:00:00.000Z,0.000112,0.4117
2011-01-25T00:00:00.000Z,0.000089,0.4125
2011-01-26T00:00:00.000Z,0.000069,0.4052
2011-01-27T00:00:00.000Z,0.000357,0.42925
2011-01-28T00:00:00.000Z,0.000036,0.4336
2011-01-29T00:00:00.000Z,0.000213,0.4375
2011-01-30T00:00:00.000Z,0.000882,0.4625
2011-01-31T00:00:00.000Z,0.000341,0.71
2011-02-01T00:00:00.000Z,0.000413,0.68505
2011-02-02T00:00:00.000Z,0.000034,0.725
2011-02-03T00:00:00.000Z,0.000133,0.70005
2011-02-04T00:00:00.000Z,0.000082,0.775
2011-02-05T00:00:00.000Z,0.000104,0.86575
2011-02-06T00:00:00.000Z,0.000087,0.875
2011-02-07T00:00:00.000Z,0.000226,0.865
2011-02-08T00:00:00.000Z,0.000124,0.88985
2011-02-09T00:00:00.000Z,0.000031,0.955
2011-02-10T00:00:00.000Z,0.000246,0.95
2011-02-11T00:00:00.000Z,0.000116,1.01
2011-02-12T00:00:00.000Z,0.000225,1.04
2011-02-13T00:00:00.000Z,0.000073,1.05
2011-02-14T00:00:00.000Z,0.000666,1.06
2011-02-15T00:00:00.000Z,0.000071,1.06
2011-02-16T00:00:00.000Z,0.000198,1.04
2011-02-17T00:00:00.000Z,0.000035,1.04
2011-02-18T00:00:00.000Z,0.000147,0.91005
2011-02-19T00:00:00.000Z,0.000187,0.9088
2011-02-20T00:00:00.000Z,0.000063,0.8895
2011-02-21T00:00:00.000Z,0.000125,0.85545
2011-02-22T00:00:00.000Z,0.000065,0.89065
2011-02-23T00:00:00.000Z,0.000099,0.90655
2011-02-24T00:00:00.000Z,0.000046,0.95
2011-02-25T00:00:00.000Z,0.00012,0.95545
2011-02-26T00:00:00.000Z,0.000157,0.9403
2011-02-27T00:00:00.000Z,0.000297,0.924
2011-02-28T00:00:00.000Z,0.000171,0.8825
2011-03-01T00:00:00.000Z,0.000081,0.9101
2011-03-02T00:00:00.000Z,0.000105,0.9251
2011-03-03T00:00:00.000Z,0.001444,0.92495
2011-03-04T00:00:00.000Z,0.00022,0.9196
2011-03-05T00:00:00.000Z,0.000666,0.865
2011-03-06T00:00:00.000Z,0.001569,0.8599
2011-03-07T00:00:00.000Z,0.001753,0.8775
2011-03-08T00:00:00.000Z,0.001016,0.8675
2011-03-09T00:00:00.000Z,0.00096,0.86
2011-03-10T00:00:00.000Z,0.000765,0.8913
2011-03-11T00:00:00.000Z,0.00216,0.89255
2011-03-12T00:00:00.000Z,0.000479,0.89985
2011-03-13T00:00:00.000Z,0.000607,0.9039
2011-03-14T00:00:00.000Z,0.000613,0.89
2011-03-15T00:00:00.000Z,0.000555,0.88245
2011-03-16T00:00:00.000Z,0.000572,0.858
2011-03-17T00:00:00.000Z,0.000431,0.845
2011-03-18T00:00:00.000Z,0.000437,0.7803
2011-03-19T00:00:00.000Z,0.000383,0.76415
2011-03-20T00:00:00.000Z,0.000559,0.7651
2011-03-21T00:00:00.000Z,0.001863,0.75645
2011-03-22T00:00:00.000Z,0.002727,0.77525
2011-03-23T00:00:00.000Z,0.002633,0.815
2011-03-24T00:00:00.000Z,0.001885,0.8633
2011-03-25T00:00:00.000Z,0.001243,0.8755
2011-03-26T00:00:00.000Z,0.000938,0.873
2011-03-27T00:00:00.000Z,0.001324,0.84365
2011-03-28T00:00:00.000Z,0.000826,0.805
2011-03-29T00:00:00.000Z,0.000735,0.78225
2011-03-30T00:00:00.000Z,0.001128,0.7805
2011-03-31T00:00:00.000Z,0.000943,0.7845
2011-04-01T00:00:00.000Z,0.001037,0.78555
2011-04-02T00:00:00.000Z,0.000829,0.78695
2011-04-03T00:00:00.000Z,0.001172,0.78595
2011-04-04T00:00:00.000Z,0.001229,0.67345
2011-04-05T00:00:00.000Z,0.001224,0.6639
2011-04-06T00:00:00.000Z,0.001265,0.7201
2011-04-07T00:00:00.000Z,0.000874,0.7527
2011-04-08T00:00:00.000Z,0.001129,0.76495
2011-04-09T00:00:00.000Z,0.001165,0.74405
2011-04-10T00:00:00.000Z,0.001495,0.73445
2011-04-11T00:00:00.000Z,0.001076,0.75465
2011-04-12T00:00:00.000Z,0.001084,0.83465
2011-04-13T00:00:00.000Z,0.000869,0.93
2011-04-14T00:00:00.000Z,0.002381,0.955
2011-04-15T00:00:00.000Z,0.000603,1
2011-04-16T00:00:00.000Z,0.000682,1.03
2011-04-17T00:00:00.000Z,0.000497,1.09
2011-04-18T00:00:00.000Z,0.000591,1.16
2011-04-19T00:00:00.000Z,0.00089,1.17
2011-04-20T00:00:00.000Z,0.001326,1.17
2011-04-21T00:00:00.000Z,0.000834,1.17
2011-04-22T00:00:00.000Z,0.001245,1.3
2011-04-23T00:00:00.000Z,0.001068,1.64
2011-04-24T00:00:00.000Z,0.001428,1.78
2011-04-25T00:00:00.000Z,0.001717,1.61
2011-04-26T00:00:00.000Z,0.000833,1.66
2011-04-27T00:00:00.000Z,0.00123,1.84
2011-04-28T00:00:00.000Z,0.001066,2.15
2011-04-29T00:00:00.000Z,0.0011,2.58
2011-04-30T00:00:00.000Z,0.001268,3.45
2011-05-01T00:00:00.000Z,0.001513,3.19
2011-05-02T00:00:00.000Z,0.000804,3.26
2011-05-03T00:00:00.000Z,0.000796,3.3
2011-05-04T00:00:00.000Z,0.000999,3.42
2011-05-05T00:00:00.000Z,0.001337,3.39
2011-05-06T00:00:00.000Z,0.001107,3.45
2011-05-07T00:00:00.000Z,0.000914,3.57
2011-05-08T00:00:00.000Z,0.001161,3.79
2011-05-09T00:00:00.000Z,0.001439,3.8
2011-05-10T00:00:00.000Z,0.001139,4.9
2011-05-11T00:00:00.000Z,0.001128,5.34
2011-05-12T00:00:00.000Z,0.001001,5.86
2011-05-13T00:00:00.000Z,0.001221,7.39
2011-05-14T00:00:00.000Z,0.001616,7.37
2011-05-15T00:00:00.000Z,0.001791,6.99
2011-05-16T00:00:00.000Z,0.001244,7.63
2011-05-17T00:00:00.000Z,0.001313,7.69
2011-05-18T00:00:00.000Z,0.001519,7.05
2011-05-19T00:00:00.000Z,0.001352,6.98
2011-05-20T00:00:00.000Z,0.001504,6.34
2011-05-21T00:00:00.000Z,0.001958,6.05
2011-05-22T00:00:00.000Z,0.001737,6.38
2011-05-23T00:00:00.000Z,0.00148,7.07
2011-05-24T00:00:00.000Z,0.001601,7.24
2011-05-25T00:00:00.000Z,0.001431,8.28
2011-05-26T00:00:00.000Z,0.001465,8.5
2011-05-27T00:00:00.000Z,0.00128,8.66
2011-05-28T00:00:00.000Z,0.001198,8.4
2011-05-29T00:00:00.000Z,0.001233,8.3
2011-05-30T00:00:00.000Z,0.001466,8.63
2011-05-31T00:00:00.000Z,0.001421,8.8
2011-06-01T00:00:00.000Z,0.001723,9
2011-06-02T00:00:00.000Z,0.001526,10.2
2011-06-03T00:00:00.000Z,0.001474,12.54
2011-06-04T00:00:00.000Z,0.001657,16.47
2011-06-05T00:00:00.000Z,0.001326,17.6
2011-06-06T00:00:00.000Z,0.001398,17.84
2011-06-07T00:00:00.000Z,0.001533,21.29
2011-06-08T00:00:00.000Z,0.001626,27.06
2011-06-09T00:00:00.000Z,0.001649,28.83
2011-06-10T00:00:00.000Z,0.001591,24.71
2011-06-11T00:00:00.000Z,0.001488,18.49
2011-06-12T00:00:00.000Z,0.00164,17.62
2011-06-13T00:00:00.000Z,0.001416,20.25
2011-06-14T00:00:00.000Z,0.001217,19.25
2011-06-15T00:00:00.000Z,0.001455,19.51
2011-06-16T00:00:00.000Z,0.001105,18.45
2011-06-17T00:00:00.000Z,0.001187,15.67
2011-06-18T00:00:00.000Z,0.001085,16
2011-06-19T00:00:00.000Z,0.000933,17.87
2011-06-20T00:00:00.000Z,0.000781,17.51
2011-06-21T00:00:00.000Z,0.000716,17.51
2011-06-22T00:00:00.000Z,0.000662,17.51
2011-06-23T00:00:00.000Z,0.000597,17.51
2011-06-24T00:00:00.000Z,0.000651,17.51
2011-06-25T00:00:00.000Z,0.001035,17.51
2011-06-26T00:00:00.000Z,0.001073,15.76
2011-06-27T00:00:00.000Z,0.00088,16.5
2011-06-28T00:00:00.000Z,0.000758,17.01
2011-06-29T00:00:00.000Z,0.000821,16.94
2011-06-30T00:00:00.000Z,0.000755,16.37
2011-07-01T00:00:00.000Z,0.000618,16
2011-07-02T00:00:00.000Z,0.000457,15.54
2011-07-03T00:00:00.000Z,0.0006,15.5
2011-07-04T00:00:00.000Z,0.000679,14.32
2011-07-05T00:00:00.000Z,0.000807,13
2011-07-06T00:00:00.000Z,0.000632,14.59
2011-07-07T00:00:00.000Z,0.000611,15.2
2011-07-08T00:00:00.000Z,0.000537,14.77
2011-07-09T00:00:00.000Z,0.00057,14.36
2011-07-10T00:00:00.000Z,0.000436,15.02
2011-07-11T00:00:00.000Z,0.000575,14.5
2011-07-12T00:00:00.000Z,0.000555,14.27
2011-07-13T00:00:00.000Z,0.00055,14.03
2011-07-14T00:00:00.000Z,0.000464,13.89
2011-07-15T00:00:00.000Z,0.000667,13.8
2011-07-16T00:00:00.000Z,0.000464,13.66
2011-07-17T00:00:00.000Z,0.000492,13.39
2011-07-18T00:00:00.000Z,0.000464,13.22
2011-07-19T00:00:00.000Z,0.000596,14.07
2011-07-20T00:00:00.000Z,0.000408,13.7
2011-07-21T00:00:00.000Z,0.000354,13.59
2011-07-22T00:00:00.000Z,0.000554,13.63
2011-07-23T00:00:00.000Z,0.000352,13.64
2011-07-24T00:00:00.000Z,0.000439,13.85
2011-07-25T00:00:00.000Z,0.000449,14.24
2011-07-26T00:00:00.000Z,0.000329,13.91
2011-07-27T00:00:00.000Z,0.000379,13.99
2011-07-28T00:00:00.000Z,0.000291,13.63
2011-07-29T00:00:00.000Z,0.00032,13.52
2011-07-30T00:00:00.000Z,0.000289,13.54
2011-07-31T00:00:00.000Z,0.000282,13.87
2011-08-01T00:00:00.000Z,0.000324,13.2
2011-08-02T00:00:00.000Z,0.000342,12.3
2011-08-03T00:00:00.000Z,0.000445,10.43
2011-08-04T00:00:00.000Z,0.00041,10.21
2011-08-05T00:00:00.000Z,0.000296,10.25
2011-08-06T00:00:00.000Z,0.001191,7.85
2011-08-07T00:00:00.000Z,0.000326,7.74
2011-08-08T00:00:00.000Z,0.000323,7.61
2011-08-09T00:00:00.000Z,0.000494,9.89
2011-08-10T00:00:00.000Z,0.000545,9.95
2011-08-11T00:00:00.000Z,0.000389,9.48
2011-08-12T00:00:00.000Z,0.000355,9.36
2011-08-13T00:00:00.000Z,0.000359,9.77
2011-08-14T00:00:00.000Z,0.00048,10.43
2011-08-15T00:00:00.000Z,0.000507,11.31
2011-08-16T00:00:00.000Z,0.000473,11.07
2011-08-17T00:00:00.000Z,0.000331,10.88
2011-08-18T00:00:00.000Z,0.000286,10.93
2011-08-19T00:00:00.000Z,0.000349,11.32
2011-08-20T00:00:00.000Z,0.000257,11.55
2011-08-21T00:00:00.000Z,0.00025,11.41
2011-08-22T00:00:00.000Z,0.0003,11.01
2011-08-23T00:00:00.000Z,0.000307,11.06
2011-08-24T00:00:00.000Z,0.000393,10.96
2011-08-25T00:00:00.000Z,0.000259,10
2011-08-26T00:00:00.000Z,0.000218,8.77
2011-08-27T00:00:00.000Z,0.000241,8.61
2011-08-28T00:00:00.000Z,0.000244,8.97
2011-08-29T00:00:00.000Z,0.000283,8.96
2011-08-30T00:00:00.000Z,0.00056,8.78
2011-08-31T00:00:00.000Z,0.000347,8.4
2011-09-01T00:00:00.000Z,0.00033,8.23
2011-09-02T00:00:00.000Z,0.000425,8.47
2011-09-03T00:00:00.000Z,0.000265,8.52
2011-09-04T00:00:00.000Z,0.000563,8.17
2011-09-05T00:00:00.000Z,0.000393,7.72
2011-09-06T00:00:00.000Z,0.000347,6.89
2011-09-07T00:00:00.000Z,0.000484,7.07
2011-09-08T00:00:00.000Z,0.000295,6.86
2011-09-09T00:00:00.000Z,0.000412,5.38
2011-09-10T00:00:00.000Z,0.000337,5.06
2011-09-11T00:00:00.000Z,0.000331,6
2011-09-12T00:00:00.000Z,0.000323,6
2011-09-13T00:00:00.000Z,0.00028,5.9
2011-09-14T00:00:00.000Z,0.000256,5.59
2011-09-15T00:00:00.000Z,0.000474,5.03
2011-09-16T00:00:00.000Z,0.000341,4.8
2011-09-17T00:00:00.000Z,0.000393,4.81
2011-09-18T00:00:00.000Z,0.000375,5.16
2011-09-19T00:00:00.000Z,0.000369,5.27
2011-09-20T00:00:00.000Z,0.0003,6.13
2011-09-21T00:00:00.000Z,0.000289,5.68
2011-09-22T00:00:00.000Z,0.000216,5.56
2011-09-23T00:00:00.000Z,0.000212,5.56
2011-09-24T00:00:00.000Z,0.000346,5.48
2011-09-25T00:00:00.000Z,0.000175,5.41
2011-09-19T00:00:00.000Z,0.000175,5.41
2011-09-26T00:00:00.000Z,0.00026,4.95
2011-10-03T00:00:00.000Z,0.000369,4.59
2011-10-10T00:00:00.000Z,0.000298,3.99
2011-10-17T00:00:00.000Z,0.00029,2.68
2011-10-24T00:00:00.000Z,0.000248,3.03
2011-10-31T00:00:00.000Z,0.000256,3.14
2011-11-07T00:00:00.000Z,0.000234,3
2011-11-14T00:00:00.000Z,0.000264,2.32
2011-11-21T00:00:00.000Z,0.000297,2.38
2011-11-28T00:00:00.000Z,0.000293,2.85
2011-12-05T00:00:00.000Z,0.002806,3
2011-12-12T00:00:00.000Z,0.002568,3.18
2011-12-19T00:00:00.000Z,0.000299,3.86
2011-12-26T00:00:00.000Z,0.00031,4.33
2012-01-02T00:00:00.000Z,0.000486,6.01
2012-01-09T00:00:00.000Z,0.00094,6.64
2012-01-16T00:00:00.000Z,0.001155,6.26
2012-01-23T00:00:00.000Z,0.002817,5.78
2012-01-30T00:00:00.000Z,0.000698,5.77
2012-02-06T00:00:00.000Z,0.000341,5.68
2012-02-13T00:00:00.000Z,0.00039,4.59
2012-02-20T00:00:00.000Z,0.000249,4.67
2012-02-27T00:00:00.000Z,0.000289,4.82
2012-03-05T00:00:00.000Z,0.000285,4.91
2012-03-12T00:00:00.000Z,0.000356,5.24
2012-03-19T00:00:00.000Z,0.000407,4.72
2012-03-26T00:00:00.000Z,0.000282,4.77
2012-04-02T00:00:00.000Z,0.000283,4.87
2012-04-09T00:00:00.000Z,0.000301,4.88
2012-04-16T00:00:00.000Z,0.000333,5.13
2012-04-23T00:00:00.000Z,0.000383,5.05
2012-04-30T00:00:00.000Z,0.000379,5.04
2012-05-07T00:00:00.000Z,0.00051,4.99
2012-05-14T00:00:00.000Z,0.000711,5.06
2012-05-21T00:00:00.000Z,0.000623,5.11
2012-05-28T00:00:00.000Z,0.000543,5.17
2012-06-04T00:00:00.000Z,0.00065,5.46
2012-06-11T00:00:00.000Z,0.00067,5.97
2012-06-18T00:00:00.000Z,0.000713,6.49
2012-06-25T00:00:00.000Z,0.000433,6.53
2012-07-02T00:00:00.000Z,0.000584,6.65
2012-07-09T00:00:00.000Z,0.000519,7.35
2012-07-16T00:00:00.000Z,0.000639,8.6
2012-07-23T00:00:00.000Z,0.000511,8.71
2012-07-30T00:00:00.000Z,0.000527,10.01
2012-08-06T00:00:00.000Z,0.000658,11.23
2012-08-13T00:00:00.000Z,0.000487,12.05
2012-08-20T00:00:00.000Z,0.000521,10.02
2012-08-27T00:00:00.000Z,0.000732,10.59
2012-09-03T00:00:00.000Z,0.000644,10.78
2012-09-10T00:00:00.000Z,0.000567,11.38
2012-09-17T00:00:00.000Z,0.000549,12.19
2012-09-24T00:00:00.000Z,0.000551,12.26
2012-10-01T00:00:00.000Z,0.000821,12.6
2012-10-08T00:00:00.000Z,0.000506,11.86
2012-10-15T00:00:00.000Z,0.000611,11.76
2012-10-22T00:00:00.000Z,0.000487,11.06
2012-10-29T00:00:00.000Z,0.000649,10.71
2012-11-05T00:00:00.000Z,0.000626,10.86
2012-11-12T00:00:00.000Z,0.000609,11.27
2012-11-19T00:00:00.000Z,0.000669,12.04
2012-11-26T00:00:00.000Z,0.000912,12.38
2012-12-03T00:00:00.000Z,0.000648,13.17
2012-12-10T00:00:00.000Z,0.000798,13.5
2012-12-17T00:00:00.000Z,0.000794,13.36
2012-12-24T00:00:00.000Z,0.000806,13.39
2012-12-31T00:00:00.000Z,0.000726,13.39
2013-01-07T00:00:00.000Z,0.000923,13.91
2013-01-14T00:00:00.000Z,0.000769,15
2013-01-21T00:00:00.000Z,0.0008,17.06
2013-01-28T00:00:00.000Z,0.000927,19.66
2013-02-04T00:00:00.000Z,0.000762,21.78
2013-02-11T00:00:00.000Z,0.001002,25.61
2013-02-18T00:00:00.000Z,0.000954,29.1
2013-02-25T00:00:00.000Z,0.001035,32.41
2013-03-04T00:00:00.000Z,0.001145,41.79
2013-03-11T00:00:00.000Z,0.000857,46.15
2013-03-18T00:00:00.000Z,0.000713,62.18
2013-03-25T00:00:00.000Z,0.000718,84.41
2013-04-01T00:00:00.000Z,0.000608,128.38
2013-04-08T00:00:00.000Z,0.000517,147.01
2013-04-15T00:00:00.000Z,0.000596,99.9
2013-04-22T00:00:00.000Z,0.000527,135.54
2013-04-29T00:00:00.000Z,0.000566,117.66
2013-05-06T00:00:00.000Z,0.000671,113.35
2013-05-13T00:00:00.000Z,0.000721,117.63
2013-05-20T00:00:00.000Z,0.000602,126.58
2013-05-27T00:00:00.000Z,0.000655,128.07
2013-06-03T00:00:00.000Z,0.000673,114.75
2013-06-10T00:00:00.000Z,0.000614,103.64
2013-06-17T00:00:00.000Z,0.000717,107.72
2013-06-24T00:00:00.000Z,0.000565,100.71
2013-07-01T00:00:00.000Z,0.000451,79.94
2013-07-08T00:00:00.000Z,0.000474,86.75
2013-07-15T00:00:00.000Z,0.000472,94.15
2013-07-22T00:00:00.000Z,0.000478,94.85
2013-07-29T00:00:00.000Z,0.000469,104.47
2013-08-05T00:00:00.000Z,0.000549,104.79
2013-08-12T00:00:00.000Z,0.000554,110.02
2013-08-19T00:00:00.000Z,0.000455,120.5
2013-08-26T00:00:00.000Z,0.000816,132.8
2013-09-02T00:00:00.000Z,0.000474,134.64
2013-09-09T00:00:00.000Z,0.00038,137.38
2013-09-16T00:00:00.000Z,0.001203,136.79
2013-09-23T00:00:00.000Z,0.000489,137.73
2013-09-30T00:00:00.000Z,0.000371,134.66
2013-10-07T00:00:00.000Z,0.000362,139.85
2013-10-14T00:00:00.000Z,0.000433,162.67
2013-10-21T00:00:00.000Z,0.000502,198.85
2013-10-28T00:00:00.000Z,0.000368,211.53
2013-11-04T00:00:00.000Z,0.000664,294.57
2013-11-11T00:00:00.000Z,0.000219,420.35
2013-11-18T00:00:00.000Z,0.000147,713.59
2013-11-25T00:00:00.000Z,0.000137,1029.05
2013-12-02T00:00:00.000Z,0.000133,978.37
2013-12-09T00:00:00.000Z,0.000102,921.55
2013-12-16T00:00:00.000Z,0.000098,682.04
2013-12-23T00:00:00.000Z,0.000098,738.41
2013-12-30T00:00:00.000Z,0.000096,852.69
2014-01-06T00:00:00.000Z,0.000108,957.16
2014-01-13T00:00:00.000Z,0.000109,921.17
2014-01-20T00:00:00.000Z,0.000098,954.47
2014-01-27T00:00:00.000Z,0.000087,946.08
2014-02-03T00:00:00.000Z,0.000085,816.67
2014-02-10T00:00:00.000Z,0.000084,484.16
2014-02-17T00:00:00.000Z,0.000087,246.31
2014-02-24T00:00:00.000Z,0.000075,443.52
2014-03-03T00:00:00.000Z,0.000073,634.21
2014-03-10T00:00:00.000Z,0.000078,619.25
2014-03-17T00:00:00.000Z,0.00008,579.74
2014-03-24T00:00:00.000Z,0.000074,515.26
2014-03-31T00:00:00.000Z,0.000072,445.53
2014-04-07T00:00:00.000Z,0.000083,444.15
2014-04-14T00:00:00.000Z,0.000082,497.51
2014-04-21T00:00:00.000Z,0.000081,482.35
2014-04-28T00:00:00.000Z,0.000076,443.79
2014-05-05T00:00:00.000Z,0.000082,441.6
2014-05-12T00:00:00.000Z,0.000072,444.58
2014-05-19T00:00:00.000Z,0.000072,499.07
2014-05-26T00:00:00.000Z,0.000069,591.17
2014-06-02T00:00:00.000Z,0.000065,649.15
2014-06-09T00:00:00.000Z,0.000065,619.62
2014-06-16T00:00:00.000Z,0.000069,599.36
2014-06-16T00:00:00.000Z,0.000054,596.53
2014-06-23T00:00:00.000Z,0.000064,589.85
2014-06-30T00:00:00.000Z,0.000065,630.14
2014-07-07T00:00:00.000Z,0.00006,622.54
2014-07-14T00:00:00.000Z,0.000067,622.93
2014-07-21T00:00:00.000Z,0.000061,611.07
2014-07-28T00:00:00.000Z,0.000059,585.99
2014-08-04T00:00:00.000Z,0.000061,592.37
2014-08-11T00:00:00.000Z,0.000081,532.29
2014-08-18T00:00:00.000Z,0.000059,498.03
2014-08-25T00:00:00.000Z,0.000062,508.46
2014-09-01T00:00:00.000Z,0.000064,483.94
2014-09-08T00:00:00.000Z,0.000059,477.65
2014-09-15T00:00:00.000Z,0.000061,438.18
2014-09-22T00:00:00.000Z,0.000089,410.16
2014-09-29T00:00:00.000Z,0.000062,367.29
2014-10-06T00:00:00.000Z,0.000063,350.46
2014-10-13T00:00:00.000Z,0.00006,386.58
2014-10-20T00:00:00.000Z,0.000061,367.03
2014-10-27T00:00:00.000Z,0.000064,340.71
2014-11-03T00:00:00.000Z,0.000066,338.62
2014-11-10T00:00:00.000Z,0.000062,392.31
2014-11-17T00:00:00.000Z,0.000062,371.41
2014-11-24T00:00:00.000Z,0.000057,375.38
2014-12-01T00:00:00.000Z,0.000057,376.47
2014-12-08T00:00:00.000Z,0.000055,353.63
2014-12-15T00:00:00.000Z,0.000057,326.9
2014-12-22T00:00:00.000Z,0.000065,324.6
2014-12-29T00:00:00.000Z,0.000065,306.73
2015-01-05T00:00:00.000Z,0.000062,279.8
2015-01-12T00:00:00.000Z,0.000071,217.53
2015-01-19T00:00:00.000Z,0.000057,227.41
2015-01-26T00:00:00.000Z,0.000054,243.51
2015-02-02T00:00:00.000Z,0.000053,226.75
2015-02-09T00:00:00.000Z,0.000057,229.17
2015-02-16T00:00:00.000Z,0.000056,239.95
2015-02-23T00:00:00.000Z,0.000058,242.64
2015-03-02T00:00:00.000Z,0.000058,273.07
2015-03-09T00:00:00.000Z,0.000056,289
2015-03-16T00:00:00.000Z,0.000059,269.24
2015-03-23T00:00:00.000Z,0.00006,250.65
2015-03-30T00:00:00.000Z,0.00006,248.99
2015-04-06T00:00:00.000Z,0.00007,244.18
2015-04-13T00:00:00.000Z,0.00006,223.79
2015-04-20T00:00:00.000Z,0.000105,229.11
2015-04-27T00:00:00.000Z,0.00006,231.62
2015-05-04T00:00:00.000Z,0.000059,238.44
2015-05-11T00:00:00.000Z,0.000058,238.17
2015-05-18T00:00:00.000Z,0.000058,236.25
2015-05-25T00:00:00.000Z,0.000072,236.17
2015-06-01T00:00:00.000Z,0.000059,225.04
2015-06-08T00:00:00.000Z,0.000061,229.99
2015-06-15T00:00:00.000Z,0.000072,244.75
2015-06-22T00:00:00.000Z,0.000068,244.54
2015-06-29T00:00:00.000Z,0.000073,258.48
2015-07-06T00:00:00.000Z,0.000127,278.97
2015-07-13T00:00:00.000Z,0.000105,281.19
2015-07-20T00:00:00.000Z,0.000094,280.63
2015-07-27T00:00:00.000Z,0.000107,286.76
2015-08-03T00:00:00.000Z,0.000098,276.37
2015-08-10T00:00:00.000Z,0.000087,263.8
2015-08-17T00:00:00.000Z,0.000082,237.27
2015-08-24T00:00:00.000Z,0.000082,223.61
2015-08-31T00:00:00.000Z,0.000101,230.25
2015-09-07T00:00:00.000Z,0.000093,238.43
2015-09-14T00:00:00.000Z,0.000084,231.43
2015-09-21T00:00:00.000Z,0.000081,231.81
2015-09-28T00:00:00.000Z,0.000081,239.84
2015-10-05T00:00:00.000Z,0.000079,243.33
2015-10-12T00:00:00.000Z,0.000079,256.33
2015-10-19T00:00:00.000Z,0.000077,273.73
2015-10-26T00:00:00.000Z,0.000079,305.97
2015-11-02T00:00:00.000Z,0.000076,385.2
2015-11-09T00:00:00.000Z,0.000068,339.07
2015-11-16T00:00:00.000Z,0.000068,326.61
2015-11-23T00:00:00.000Z,0.00007,340.91
2015-11-30T00:00:00.000Z,0.000073,369.67
2015-12-07T00:00:00.000Z,0.000076,416.96
2015-12-14T00:00:00.000Z,0.000077,451.66
2015-12-21T00:00:00.000Z,0.000078,437.35
2015-12-28T00:00:00.000Z,0.000071,428.22
2016-01-04T00:00:00.000Z,0.000075,440.54
2016-01-11T00:00:00.000Z,0.000076,414.98
2016-01-18T00:00:00.000Z,0.000086,393.08
2016-01-25T00:00:00.000Z,0.000085,384.9
2016-02-01T00:00:00.000Z,0.000083,377.7
2016-02-08T00:00:00.000Z,0.000083,382.51
2016-02-15T00:00:00.000Z,0.000084,418.41
2016-02-22T00:00:00.000Z,0.000088,426.56
2016-02-29T00:00:00.000Z,0.000111,419.42
2016-03-07T00:00:00.000Z,0.000096,413.28
2016-03-14T00:00:00.000Z,0.000092,412.61
2016-03-21T00:00:00.000Z,0.000085,415.54
2016-03-28T00:00:00.000Z,0.000097,416.51
2016-04-04T00:00:00.000Z,0.000097,419.22
2016-04-11T00:00:00.000Z,0.000092,424.94
2016-04-18T00:00:00.000Z,0.000088,441.31
2016-04-25T00:00:00.000Z,0.000172,453.53
2016-05-02T00:00:00.000Z,0.000092,450.95
2016-05-09T00:00:00.000Z,0.000099,455.24
2016-05-16T00:00:00.000Z,0.000114,448.07
2016-05-23T00:00:00.000Z,0.000117,467.4
2016-05-30T00:00:00.000Z,0.000108,547.55
2016-06-06T00:00:00.000Z,0.000102,584.96
2016-06-13T00:00:00.000Z,0.000129,716.83
2016-06-20T00:00:00.000Z,0.000129,655.81
2016-06-27T00:00:00.000Z,0.000119,656.8
2016-07-04T00:00:00.000Z,0.000113,653.42
2016-07-11T00:00:00.000Z,0.000114,659.83
2016-07-18T00:00:00.000Z,0.00013,662.47
2016-07-25T00:00:00.000Z,0.000147,651.65
2016-08-01T00:00:00.000Z,0.000146,573.77
2016-08-08T00:00:00.000Z,0.000146,586.42
2016-08-15T00:00:00.000Z,0.000138,574.58
2016-08-22T00:00:00.000Z,0.000125,578.72
2016-08-29T00:00:00.000Z,0.00012,589.8
2016-09-05T00:00:00.000Z,0.000117,614.65
2016-09-12T00:00:00.000Z,0.000121,608.01
2016-09-19T00:00:00.000Z,0.000123,602.66
2016-09-26T00:00:00.000Z,0.000117,606.51
2016-10-03T00:00:00.000Z,0.000121,612.72
2016-10-10T00:00:00.000Z,0.000126,633.01
2016-10-17T00:00:00.000Z,0.000132,637.56
2016-10-24T00:00:00.000Z,0.000152,676.93
2016-10-31T00:00:00.000Z,0.000136,706.27
2016-11-07T00:00:00.000Z,0.00013,710.34
2016-11-14T00:00:00.000Z,0.000129,728.23
2016-11-21T00:00:00.000Z,0.000167,736.46
2016-11-28T00:00:00.000Z,0.000155,749.33
2016-12-05T00:00:00.000Z,0.000148,764.88
2016-12-12T00:00:00.000Z,0.000149,779.69
2016-12-19T00:00:00.000Z,0.000152,844.72
2016-12-26T00:00:00.000Z,0.000152,944.49
2017-01-02T00:00:00.000Z,0.000184,975.67
2017-01-09T00:00:00.000Z,0.000162,836.3
2017-01-16T00:00:00.000Z,0.00016,881.93
2017-01-23T00:00:00.000Z,0.000182,911.14
2017-01-30T00:00:00.000Z,0.000211,981.41
2017-02-06T00:00:00.000Z,0.000218,1010.98
2017-02-13T00:00:00.000Z,0.000221,1023.33
2017-02-20T00:00:00.000Z,0.000268,1125
2017-02-27T00:00:00.000Z,0.000328,1228.19
2017-03-06T00:00:00.000Z,0.000335,1193.52
2017-03-13T00:00:00.000Z,0.000341,1203.61
2017-03-13T00:00:00.000Z,0.000322,1052.19
2017-03-20T00:00:00.000Z,0.000329,1017.11
2017-03-27T00:00:00.000Z,0.000307,1050.96
2017-04-03T00:00:00.000Z,0.000297,1160.79
2017-04-10T00:00:00.000Z,0.000304,1170.39
2017-04-17T00:00:00.000Z,0.000293,1221.07
2017-04-24T00:00:00.000Z,0.000325,1298.75
2017-05-01T00:00:00.000Z,0.000351,1487.88
2017-05-08T00:00:00.000Z,0.000382,1714.5
2017-05-15T00:00:00.000Z,0.000503,1862.21
2017-05-22T00:00:00.000Z,0.000554,2258.82
2017-05-29T00:00:00.000Z,0.000651,2367.46
2017-06-05T00:00:00.000Z,0.000612,2786.04
2017-06-12T00:00:00.000Z,0.000537,2563.04
2017-06-19T00:00:00.000Z,0.000527,2659.59
2017-06-26T00:00:00.000Z,0.000475,2495.73
2017-07-03T00:00:00.000Z,0.000352,2572.28
2017-07-10T00:00:00.000Z,0.000333,2252.81
2017-07-17T00:00:00.000Z,0.000287,2510.54
2017-07-24T00:00:00.000Z,0.000247,2680.99
2017-07-31T00:00:00.000Z,0.000195,2898.7
2017-08-07T00:00:00.000Z,0.00025,3548.02
2017-08-14T00:00:00.000Z,0.000407,4165.17
2017-08-21T00:00:00.000Z,0.000617,4196.23
2017-08-28T00:00:00.000Z,0.000493,4588.25
2017-09-04T00:00:00.000Z,0.000316,4375.31
2017-09-11T00:00:00.000Z,0.000195,3826.45
2017-09-18T00:00:00.000Z,0.000201,3802.46
2017-09-25T00:00:00.000Z,0.000188,4104.75
2017-10-02T00:00:00.000Z,0.000193,4365.03
2017-10-09T00:00:00.000Z,0.000231,5206.4
2017-10-16T00:00:00.000Z,0.000211,5727.07
2017-10-23T00:00:00.000Z,0.000227,5788.28
2017-10-30T00:00:00.000Z,0.000299,6835.21
2017-11-06T00:00:00.000Z,0.000458,6904.8
2017-11-13T00:00:00.000Z,0.000543,7241.05
2017-11-20T00:00:00.000Z,0.000268,8319.55
2017-11-27T00:00:00.000Z,0.000223,10243.69
2017-12-04T00:00:00.000Z,0.000343,13656.86
2017-12-11T00:00:00.000Z,0.000472,17292.75
2017-12-18T00:00:00.000Z,0.000913,15786.45
2017-12-25T00:00:00.000Z,0.000732,14244.84
2018-01-01T00:00:00.000Z,0.000596,15227.3
2018-01-08T00:00:00.000Z,0.000578,14203.35
2018-01-15T00:00:00.000Z,0.000518,11866.17
2018-01-22T00:00:00.000Z,0.000263,11146.74
2018-01-29T00:00:00.000Z,0.00022,9649.47
2018-02-05T00:00:00.000Z,0.000133,7939.09
2018-02-12T00:00:00.000Z,0.000072,9622.91
2018-02-19T00:00:00.000Z,0.000079,10424.18
2018-02-26T00:00:00.000Z,0.000058,10771.62
2018-03-05T00:00:00.000Z,0.000044,9931.43
2018-03-12T00:00:00.000Z,0.000055,8485
2018-03-19T00:00:00.000Z,0.000048,8693.13
2018-03-26T00:00:00.000Z,0.000045,7470.01
2018-04-02T00:00:00.000Z,0.000047,7030.92
2018-04-09T00:00:00.000Z,0.000046,7472.14
2018-04-16T00:00:00.000Z,0.000042,8408.49
2018-04-23T00:00:00.000Z,0.000083,9172.56
2018-04-30T00:00:00.000Z,0.000055,9451.31
2018-05-07T00:00:00.000Z,0.000049,8969.41
2018-05-14T00:00:00.000Z,0.000066,8367.89
2018-05-21T00:00:00.000Z,0.000048,7746.34
2018-05-28T00:00:00.000Z,0.000037,7464.82
2018-06-04T00:00:00.000Z,0.000031,7538.83
2018-06-11T00:00:00.000Z,0.000043,6548.73
2018-06-18T00:00:00.000Z,0.000124,6470.06
2018-06-25T00:00:00.000Z,0.000047,6179.54
2018-07-02T00:00:00.000Z,0.000035,6541.09
2018-07-09T00:00:00.000Z,0.000027,6372.74
2018-07-16T00:00:00.000Z,0.000037,7250.52
2018-07-23T00:00:00.000Z,0.000034,8061.97
2018-07-30T00:00:00.000Z,0.000034,7545.46
2018-08-06T00:00:00.000Z,0.000029,6521.82
2018-08-13T00:00:00.000Z,0.000035,6364.34
2018-08-20T00:00:00.000Z,0.00004,6552.37
2018-08-27T00:00:00.000Z,0.000042,7030.93
2018-09-03T00:00:00.000Z,0.000039,6747.21
2018-09-10T00:00:00.000Z,0.000033,6402.38
2018-09-17T00:00:00.000Z,0.00003,6510.05
2018-09-24T00:00:00.000Z,0.000033,6573.91
2018-10-01T00:00:00.000Z,0.00003,6566.69
2018-10-08T00:00:00.000Z,0.000025,6426.29
2018-10-15T00:00:00.000Z,0.000026,6566.94
2018-10-22T00:00:00.000Z,0.000025,6476.42
2018-10-29T00:00:00.000Z,0.000023,6366.32
2018-11-05T00:00:00.000Z,0.000027,6438.93
2018-11-12T00:00:00.000Z,0.000037,5854.65
2018-11-19T00:00:00.000Z,0.000063,4421.69
2018-11-26T00:00:00.000Z,0.000059,4064.87
2018-12-03T00:00:00.000Z,0.000042,3694.07
2018-12-10T00:00:00.000Z,0.000033,3363.57
2018-12-17T00:00:00.000Z,0.000037,3840.59
2018-12-24T00:00:00.000Z,0.000029,3887.3
2018-12-31T00:00:00.000Z,0.000028,3873.53
2019-01-07T00:00:00.000Z,0.000034,3853.96
2019-01-14T00:00:00.000Z,0.000033,3659.89
2019-01-21T00:00:00.000Z,0.000033,3578.68
2019-01-28T00:00:00.000Z,0.000036,3456.19
2019-02-04T00:00:00.000Z,0.000027,3503.56
2019-02-11T00:00:00.000Z,0.000038,3622.53
2019-02-18T00:00:00.000Z,0.000048,3954.07
2019-02-25T00:00:00.000Z,0.000044,3823.4
2019-03-04T00:00:00.000Z,0.000044,3863.55
2019-03-11T00:00:00.000Z,0.000042,3916.33
2019-03-18T00:00:00.000Z,0.000034,4006.34
2019-03-25T00:00:00.000Z,0.000061,4027.36
2019-04-01T00:00:00.000Z,0.000131,4857
2019-04-08T00:00:00.000Z,0.000128,5168.76
2019-04-15T00:00:00.000Z,0.000089,5230.41
2019-04-22T00:00:00.000Z,0.000109,5339.97
2019-04-29T00:00:00.000Z,0.000089,5512.5
2019-05-06T00:00:00.000Z,0.000128,6277.21
2019-05-13T00:00:00.000Z,0.000183,7708.43
2019-05-20T00:00:00.000Z,0.000191,7960.18
2019-05-27T00:00:00.000Z,0.000202,8600.83
2019-06-03T00:00:00.000Z,0.000164,7892.25
2019-06-10T00:00:00.000Z,0.000115,8317.08
2019-06-17T00:00:00.000Z,0.000125,9770.35
2019-06-24T00:00:00.000Z,0.000152,11670.09
2019-07-01T00:00:00.000Z,0.000101,11101.88
2019-07-08T00:00:00.000Z,0.000081,11697.52
2019-07-15T00:00:00.000Z,0.00008,10286.26
2019-07-22T00:00:00.000Z,0.000063,9863.02
2019-07-29T00:00:00.000Z,0.000055,10172.12
2019-08-05T00:00:00.000Z,0.000067,11651.48
2019-08-12T00:00:00.000Z,0.000069,10509.55
2019-08-19T00:00:00.000Z,0.000054,10323.38
2019-08-26T00:00:00.000Z,0.000042,9845.5
2019-09-02T00:00:00.000Z,0.000044,10469.8
2019-09-09T00:00:00.000Z,0.000038,10247.79
2019-09-16T00:00:00.000Z,0.000039,10131.12
2019-09-23T00:00:00.000Z,0.000043,8544.23
2019-09-30T00:00:00.000Z,0.000045,8186.08
2019-10-07T00:00:00.000Z,0.000037,8362.3
2019-10-14T00:00:00.000Z,0.000033,8121.82
2019-10-21T00:00:00.000Z,0.000043,8382.08
2019-10-28T00:00:00.000Z,0.000046,9297.53
2019-11-04T00:00:00.000Z,0.000049,9149.22
2019-11-11T00:00:00.000Z,0.000038,8664.84
2019-11-18T00:00:00.000Z,0.000039,7712.5
2019-11-25T00:00:00.000Z,0.000042,7384.94
2019-12-02T00:00:00.000Z,0.000031,7424.7
2019-12-09T00:00:00.000Z,0.000029,7301.09
2019-12-09T00:00:00.000Z,0.000029,7184.13
2019-12-16T00:00:00.000Z,0.00003,7089.19
2019-12-23T00:00:00.000Z,0.000024,7313.15
2019-12-30T00:00:00.000Z,0.00002,7251.52
2020-01-06T00:00:00.000Z,0.000033,7969.01
2020-01-13T00:00:00.000Z,0.00003,8661.38
2020-01-20T00:00:00.000Z,0.000023,8515.54
2020-01-27T00:00:00.000Z,0.000026,9242.04
2020-02-03T00:00:00.000Z,0.00003,9628.43
2020-02-10T00:00:00.000Z,0.00004,10120.51
2020-02-17T00:00:00.000Z,0.000032,9743.1
2020-02-24T00:00:00.000Z,0.00003,8996.16
2020-03-02T00:00:00.000Z,0.000028,8849.42
2020-03-09T00:00:00.000Z,0.000059,6561.87
2020-03-16T00:00:00.000Z,0.000084,5687.18
2020-03-23T00:00:00.000Z,0.000057,6441.13
2020-03-30T00:00:00.000Z,0.00003,6645.2
2020-04-06T00:00:00.000Z,0.000026,7112.51
2020-04-13T00:00:00.000Z,0.000026,6955.44
2020-04-20T00:00:00.000Z,0.000033,7276.17
2020-04-27T00:00:00.000Z,0.000068,8490.68
2020-05-04T00:00:00.000Z,0.000083,9274.32
2020-05-11T00:00:00.000Z,0.000132,9239.1
2020-05-18T00:00:00.000Z,0.000175,9353.31
2020-05-25T00:00:00.000Z,0.000093,9231.05
2020-06-01T00:00:00.000Z,0.00007,9694.27
2020-06-08T00:00:00.000Z,0.000034,9577.49
2020-06-15T00:00:00.000Z,0.000045,9347.11
2020-06-22T00:00:00.000Z,0.000039,9292.1
2020-06-29T00:00:00.000Z,0.000046,9118.68
2020-07-06T00:00:00.000Z,0.000042,9270.99
2020-07-13T00:00:00.000Z,0.000069,9182.38
2020-07-20T00:00:00.000Z,0.000107,9510.08
2020-07-27T00:00:00.000Z,0.00015,11127.91
2020-08-03T00:00:00.000Z,0.000118,11512.79
2020-08-10T00:00:00.000Z,0.000106,11679.56
2020-08-17T00:00:00.000Z,0.000116,11811.59
2020-08-24T00:00:00.000Z,0.000092,11492.92
2020-08-31T00:00:00.000Z,0.000117,10936.76
2020-09-07T00:00:00.000Z,0.000084,10275.65
2020-09-14T00:00:00.000Z,0.000064,10853.31
2020-09-21T00:00:00.000Z,0.000068,10585.88
2020-09-28T00:00:00.000Z,0.000085,10671.64
2020-10-05T00:00:00.000Z,0.000097,10907.52
2020-10-12T00:00:00.000Z,0.000065,11419.51
2020-10-19T00:00:00.000Z,0.000101,12577.56
2020-10-26T00:00:00.000Z,0.000246,13437.01
2020-11-02T00:00:00.000Z,0.000202,14559.16
2020-11-09T00:00:00.000Z,0.000098,15770.33
2020-11-16T00:00:00.000Z,0.000068,17766.92
2020-11-23T00:00:00.000Z,0.00007,18008.4
2020-11-30T00:00:00.000Z,0.000097,19034.35
2020-12-07T00:00:00.000Z,0.000062,18546.49
2020-12-14T00:00:00.000Z,0.000098,21611.11
2020-12-21T00:00:00.000Z,0.000104,24224.25
2020-12-28T00:00:00.000Z,0.000078,29136.61
2021-01-04T00:00:00.000Z,0.000093,36369.55
2021-01-11T00:00:00.000Z,0.000107,35923.17
2021-01-18T00:00:00.000Z,0.000084,33803.78
2021-01-25T00:00:00.000Z,0.000096,32943.28
2021-02-01T00:00:00.000Z,0.000113,36851.1
2021-02-08T00:00:00.000Z,0.000139,46292.85
2021-02-15T00:00:00.000Z,0.000121,52158.52
2021-02-22T00:00:00.000Z,0.000124,48417.1
2021-03-01T00:00:00.000Z,0.000098,48908.08
2021-03-08T00:00:00.000Z,0.000093,55939.13
2021-03-15T00:00:00.000Z,0.000089,57401.9
2021-03-22T00:00:00.000Z,0.000066,54412.72
2021-03-29T00:00:00.000Z,0.000078,58155.27
2021-04-05T00:00:00.000Z,0.00008,58314.76
2021-04-12T00:00:00.000Z,0.000135,61088.15
2021-04-19T00:00:00.000Z,0.000222,52577.46
2021-04-26T00:00:00.000Z,0.000126,55050.31
2021-05-03T00:00:00.000Z,0.000079,56899.07
2021-05-10T00:00:00.000Z,0.000064,51596.39
2021-05-17T00:00:00.000Z,0.000107,39095.7
2021-05-24T00:00:00.000Z,0.000073,37254.63
2021-05-31T00:00:00.000Z,0.000044,36826.35
2021-06-07T00:00:00.000Z,0.000039,35667.85
2021-06-14T00:00:00.000Z,0.000038,37880.95
2021-06-21T00:00:00.000Z,0.000054,32852.72
2021-06-28T00:00:00.000Z,0.00007,34523.22
2021-07-05T00:00:00.000Z,0.000039,33827.18
2021-07-12T00:00:00.000Z,0.000027,32280.38
2021-07-19T00:00:00.000Z,0.000019,32308.82
2021-07-26T00:00:00.000Z,0.000017,39825.49
2021-08-02T00:00:00.000Z,0.000015,40850.32
2021-08-09T00:00:00.000Z,0.000016,45865.19
2021-08-16T00:00:00.000Z,0.000016,47027.07
2021-08-23T00:00:00.000Z,0.000014,48567.28
2021-08-30T00:00:00.000Z,0.000016,49013.58
2021-09-06T00:00:00.000Z,0.000015,47035.36
2021-09-13T00:00:00.000Z,0.000015,47083.04
2021-09-20T00:00:00.000Z,0.000014,42956.96
2021-09-27T00:00:00.000Z,0.000014,44503.99
2021-10-04T00:00:00.000Z,0.000017,52988.37
2021-10-11T00:00:00.000Z,0.000018,58175.49
2021-10-18T00:00:00.000Z,0.000015,62422.23
2021-10-25T00:00:00.000Z,0.000013,61167.98
2021-11-01T00:00:00.000Z,0.000015,61807.9
2021-11-08T00:00:00.000Z,0.000015,65218.33
2021-11-15T00:00:00.000Z,0.000013,59934.79
2021-11-22T00:00:00.000Z,0.000013,56516.62
2021-11-29T00:00:00.000Z,0.000016,54631.61
2021-12-06T00:00:00.000Z,0.000011,49375.4
2021-12-13T00:00:00.000Z,0.000012,47514.03
2021-12-20T00:00:00.000Z,0.000011,49357.53
2021-12-27T00:00:00.000Z,0.000015,47983.05
2022-01-03T00:00:00.000Z,0.000013,43785.1
2022-01-10T00:00:00.000Z,0.000011,42687.02
2022-01-17T00:00:00.000Z,0.00001,39663.71
2022-01-24T00:00:00.000Z,0.000013,36982.28
2022-01-31T00:00:00.000Z,0.000013,39107.22
2022-02-07T00:00:00.000Z,0.000015,43354.08
2022-02-14T00:00:00.000Z,0.00001,41619.15
2022-02-21T00:00:00.000Z,0.00001,38182.38
2022-02-28T00:00:00.000Z,0.000017,41486.09
2022-03-07T00:00:00.000Z,0.000011,39258.39
2022-03-14T00:00:00.000Z,0.00001,40554.43
2022-03-21T00:00:00.000Z,0.000011,43356.89
2022-03-28T00:00:00.000Z,0.000013,46708.15
2022-04-04T00:00:00.000Z,0.000011,44023.46
2022-04-11T00:00:00.000Z,0.00001,40376.95
2022-04-18T00:00:00.000Z,0.00001,40447.49
2022-04-25T00:00:00.000Z,0.000011,38901.58
2022-05-02T00:00:00.000Z,0.000014,37047.83
2022-05-09T00:00:00.000Z,0.000022,30164.35
2022-05-16T00:00:00.000Z,0.000018,29761.21
2022-05-23T00:00:00.000Z,0.000017,29218.96
2022-05-30T00:00:00.000Z,0.000017,30395.42
2022-06-06T00:00:00.000Z,0.000013,29707.98
2022-06-13T00:00:00.000Z,0.000024,21248.99
2022-06-20T00:00:00.000Z,0.000018,20850.79
2022-06-27T00:00:00.000Z,0.000016,19926.55
2022-07-04T00:00:00.000Z,0.000021,20780.35
2022-07-11T00:00:00.000Z,0.000024,20407.15
2022-07-18T00:00:00.000Z,0.000023,22739.52
2022-07-25T00:00:00.000Z,0.000015,22884.53
2022-08-01T00:00:00.000Z,0.000017,23074.48
2022-08-08T00:00:00.000Z,0.000017,24021.83
2022-08-15T00:00:00.000Z,0.000013,22871.53
2022-08-22T00:00:00.000Z,0.000011,20929.93
2022-08-29T00:00:00.000Z,0.000014,19976.75
2022-09-05T00:00:00.000Z,0.000016,19432.12
2022-09-07T00:00:00.000Z,0.000015,19008.96
2022-09-08T00:00:00.000Z,0.000016,19238.35
2022-09-09T00:00:00.000Z,0.000017,20429.51
2022-09-10T00:00:00.000Z,0.000014,21473.08
2022-09-11T00:00:00.000Z,0.000012,21608.76
2022-09-12T00:00:00.000Z,0.000013,22025.13
2022-09-13T00:00:00.000Z,0.000016,21341.13
2022-09-14T00:00:00.000Z,0.000017,20091.39
2022-09-15T00:00:00.000Z,0.000018,19931.65
2022-09-16T00:00:00.000Z,0.00002,19618.32
2022-09-17T00:00:00.000Z,0.000018,19973.16
2022-09-18T00:00:00.000Z,0.000016,19733.28
2022-09-19T00:00:00.000Z,0.000014,18986.84
2022-09-20T00:00:00.000Z,0.000015,19185.07
2022-09-21T00:00:00.000Z,0.000015,18967.35
2022-09-22T00:00:00.000Z,0.000015,18938.17
2022-09-23T00:00:00.000Z,0.000016,19020.41
2022-09-24T00:00:00.000Z,0.000014,19060.86
2022-09-25T00:00:00.000Z,0.000013,18912.31
2022-09-26T00:00:00.000Z,0.000016,19002.68
2022-09-27T00:00:00.000Z,0.000018,19604.76
2022-09-28T00:00:00.000Z,0.000016,19134.85
2022-09-29T00:00:00.000Z,0.000017,19244.54
2022-09-30T00:00:00.000Z,0.000017,19690.74
2022-10-01T00:00:00.000Z,0.000014,19335.58
2022-10-02T00:00:00.000Z,0.000011,19162.12
2022-10-03T00:00:00.000Z,0.000012,19343.02
2022-10-04T00:00:00.000Z,0.000011,19979.45
2022-10-05T00:00:00.000Z,0.00001,20061.83
2022-10-06T00:00:00.000Z,0.000011,20158
2022-10-07T00:00:00.000Z,0.000011,19695.04
2022-10-08T00:00:00.000Z,0.000008,19449.57
2022-10-09T00:00:00.000Z,0.000008,19442.13
2022-10-10T00:00:00.000Z,0.000009,19289.38
2022-10-11T00:00:00.000Z,0.00001,19061.26
2022-10-12T00:00:00.000Z,0.000011,19104.53
2022-10-13T00:00:00.000Z,0.000016,18866.95
2022-10-14T00:00:00.000Z,0.000015,19516.06
2022-10-15T00:00:00.000Z,0.000011,19107.85
2022-10-16T00:00:00.000Z,0.000011,19245.21
2022-10-17T00:00:00.000Z,0.000015,19417.75
2022-10-18T00:00:00.000Z,0.000019,19396.61
2022-10-19T00:00:00.000Z,0.000018,19217.35
2022-10-20T00:00:00.000Z,0.000014,19133.54
2022-10-21T00:00:00.000Z,0.000013,18972.42
2022-10-22T00:00:00.000Z,0.000011,19185.65
2022-10-23T00:00:00.000Z,0.00001,19384.74
2022-10-24T00:00:00.000Z,0.000013,19378.64
2022-10-25T00:00:00.000Z,0.00002,19828.97
2022-10-26T00:00:00.000Z,0.000022,20536.27
2022-10-27T00:00:00.000Z,0.000019,20541.67
2022-10-28T00:00:00.000Z,0.00002,20391.5
2022-10-29T00:00:00.000Z,0.000017,20814.47
2022-10-30T00:00:00.000Z,0.000015,20729.91
2022-10-31T00:00:00.000Z,0.000016,20538.11
2022-11-01T00:00:00.000Z,0.000016,20510.47
2022-11-02T00:00:00.000Z,0.000019,20431.37
2022-11-03T00:00:00.000Z,0.000019,20213.12
2022-11-04T00:00:00.000Z,0.000021,20739.14
2022-11-05T00:00:00.000Z,0.000017,21278.63
2022-11-06T00:00:00.000Z,0.000017,21128.46
2022-11-07T00:00:00.000Z,0.000017,20731.06
2022-11-08T00:00:00.000Z,0.000021,19062.56
2022-11-09T00:00:00.000Z,0.000023,17064.31
2022-11-10T00:00:00.000Z,0.000023,16894.04
2022-11-11T00:00:00.000Z,0.000022,17013.77
2022-11-12T00:00:00.000Z,0.000017,16835.66
2022-11-13T00:00:00.000Z,0.000018,16578.37
2022-11-14T00:00:00.000Z,0.000024,16477.76
2022-11-15T00:00:00.000Z,0.000036,16800.46
2022-11-16T00:00:00.000Z,0.000037,16680.87
2022-11-17T00:00:00.000Z,0.000039,16568.61
2022-11-18T00:00:00.000Z,0.000045,16753.46
2022-11-19T00:00:00.000Z,0.000024,16668.88
2022-11-20T00:00:00.000Z,0.000019,16449.6
2022-11-21T00:00:00.000Z,0.000026,15876.58
2022-11-22T00:00:00.000Z,0.000029,15938.69
2022-11-23T00:00:00.000Z,0.000027,16410.64
2022-11-24T00:00:00.000Z,0.000028,16620.71
2022-11-25T00:00:00.000Z,0.000028,16471.29
2022-11-26T00:00:00.000Z,0.000026,16534.91
2022-11-27T00:00:00.000Z,0.000021,16494.54
2022-11-28T00:00:00.000Z,0.000024,16239.29
2022-11-29T00:00:00.000Z,0.000024,16312.55
2022-11-30T00:00:00.000Z,0.000029,16820.68
2022-12-01T00:00:00.000Z,0.000028,17060.57
2022-12-02T00:00:00.000Z,0.00003,16964.54
2022-12-03T00:00:00.000Z,0.000024,17010.58
2022-12-04T00:00:00.000Z,0.00002,17039.66
2022-12-05T00:00:00.000Z,0.000022,17144.29
2022-12-06T00:00:00.000Z,0.000024,17009.44
2022-12-07T00:00:00.000Z,0.00002,16920.1
2022-12-08T00:00:00.000Z,0.000017,17022.25
2022-12-09T00:00:00.000Z,0.000015,17198.39
2022-12-10T00:00:00.000Z,0.000013,17161.98
2022-12-11T00:00:00.000Z,0.000011,17170.03
2022-12-12T00:00:00.000Z,0.000014,17060.44
2022-12-13T00:00:00.000Z,0.000014,17520.65
2022-12-14T00:00:00.000Z,0.000016,18014.33
2022-12-15T00:00:00.000Z,0.000022,17575.31
2022-12-16T00:00:00.000Z,0.000019,17066.11
2022-12-17T00:00:00.000Z,0.000018,16693.87
2022-12-18T00:00:00.000Z,0.000014,16751.93
2022-12-19T00:00:00.000Z,0.000019,16581.9
2022-12-20T00:00:00.000Z,0.000019,16716.81
2022-12-21T00:00:00.000Z,0.000018,16830.36
2022-12-22T00:00:00.000Z,0.000019,16716.04
2022-12-23T00:00:00.000Z,0.000019,16835.39
2022-12-24T00:00:00.000Z,0.000023,16818.65
2022-12-25T00:00:00.000Z,0.000018,16793.65
2022-12-26T00:00:00.000Z,0.000022,16861.82
2022-12-27T00:00:00.000Z,0.000028,16783.17
2022-12-28T00:00:00.000Z,0.000023,16619.67
2022-12-29T00:00:00.000Z,0.000022,16568.62
2022-12-30T00:00:00.000Z,0.00002,16501.01
2022-12-31T00:00:00.000Z,0.000014,16556.25
2023-01-01T00:00:00.000Z,0.00001,16561.34
2023-01-02T00:00:00.000Z,0.00001,16656.11
2023-01-03T00:00:00.000Z,0.000013,16685.86
2023-01-04T00:00:00.000Z,0.000016,16811.82
2023-01-05T00:00:00.000Z,0.000015,16817.24
2023-01-06T00:00:00.000Z,0.000014,16850.6
2023-01-07T00:00:00.000Z,0.00001,16939
2023-01-08T00:00:00.000Z,0.000009,17022.75
2023-01-09T00:00:00.000Z,0.000011,17245.4
2023-01-10T00:00:00.000Z,0.00001,17316.47
2023-01-11T00:00:00.000Z,0.000013,17655.58
2023-01-12T00:00:00.000Z,0.000016,18499.36
2023-01-13T00:00:00.000Z,0.000015,19354.84
2023-01-14T00:00:00.000Z,0.000014,20575.46
2023-01-15T00:00:00.000Z,0.00001,20811.68
2023-01-16T00:00:00.000Z,0.000011,21037.36
2023-01-17T00:00:00.000Z,0.000013,21210.8
2023-01-18T00:00:00.000Z,0.000017,21018.14
2023-01-19T00:00:00.000Z,0.000017,20925.71
2023-01-20T00:00:00.000Z,0.000021,21804.57
2023-01-21T00:00:00.000Z,0.000018,22896.48
2023-01-22T00:00:00.000Z,0.000016,22707.68
2023-01-23T00:00:00.000Z,0.000016,22870.17
2023-01-24T00:00:00.000Z,0.000018,22822.31
2023-01-25T00:00:00.000Z,0.000014,23077.82
2023-01-26T00:00:00.000Z,0.000013,23069.21
2023-01-27T00:00:00.000Z,0.000015,23039.8
2023-01-28T00:00:00.000Z,0.000013,23038.64
2023-01-29T00:00:00.000Z,0.00001,23464.73
2023-01-30T00:00:00.000Z,0.000012,23186.82
2023-01-31T00:00:00.000Z,0.00002,22998.28
2023-02-01T00:00:00.000Z,0.000021,23296.12
2023-02-02T00:00:00.000Z,0.000022,23826.11
2023-02-03T00:00:00.000Z,0.000025,23470.34
2023-02-04T00:00:00.000Z,0.000021,23425.53
2023-02-05T00:00:00.000Z,0.000017,23113.33
2023-02-06T00:00:00.000Z,0.00002,22901.72
2023-02-07T00:00:00.000Z,0.000024,23047.95
2023-02-08T00:00:00.000Z,0.000019,23048.12
2023-02-09T00:00:00.000Z,0.00002,22370.92
2023-02-10T00:00:00.000Z,0.000029,21717.7
2023-02-11T00:00:00.000Z,0.000025,21754.37
2023-02-12T00:00:00.000Z,0.000022,21870.55
2023-02-13T00:00:00.000Z,0.000025,21651.34
2023-02-14T00:00:00.000Z,0.000028,21947.99
2023-02-15T00:00:00.000Z,0.000036,23199.22
2023-02-16T00:00:00.000Z,0.000028,24377.9
2023-02-17T00:00:00.000Z,0.000025,24190.65
2023-02-18T00:00:00.000Z,0.000019,24654.63
2023-02-19T00:00:00.000Z,0.000017,24714.21
2023-02-20T00:00:00.000Z,0.00002,24486
2023-02-21T00:00:00.000Z,0.000017,24692.48
2023-02-22T00:00:00.000Z,0.00002,24034.78
2023-02-23T00:00:00.000Z,0.000018,24112.19
2023-02-24T00:00:00.000Z,0.000019,23478.12
2023-02-25T00:00:00.000Z,0.00002,23013.57
2023-02-26T00:00:00.000Z,0.000016,23371
2023-02-27T00:00:00.000Z,0.000023,23510.47
2023-02-28T00:00:00.000Z,0.000026,23317.81
2023-03-01T00:00:00.000Z,0.000024,23500.01
2023-03-02T00:00:00.000Z,0.000025,23500.53
2023-03-03T00:00:00.000Z,0.000026,22812.19
2023-03-04T00:00:00.000Z,0.000022,22295.11
2023-03-05T00:00:00.000Z,0.000018,22436.46
2023-03-06T00:00:00.000Z,0.000026,22450.41
2023-03-07T00:00:00.000Z,0.000024,22253.14
2023-03-08T00:00:00.000Z,0.000029,21952.72
2023-03-09T00:00:00.000Z,0.000048,20970.86
2023-03-10T00:00:00.000Z,0.000044,19984.17
2023-03-11T00:00:00.000Z,0.000028,20373.23
2023-03-12T00:00:00.000Z,0.000024,21331.8
2023-03-13T00:00:00.000Z,0.000026,23236.54
2023-03-14T00:00:00.000Z,0.000036,25295.89
2023-03-15T00:00:00.000Z,0.000033,24600.16
2023-03-16T00:00:00.000Z,0.000037,24715.83
2023-03-17T00:00:00.000Z,0.00004,26364.92
2023-03-18T00:00:00.000Z,0.000036,27202.52
2023-03-19T00:00:00.000Z,0.000034,27675.04
2023-03-20T00:00:00.000Z,0.000029,27882.11
2023-03-21T00:00:00.000Z,0.000029,27954.85
2023-03-22T00:00:00.000Z,0.000037,27779.41
2023-03-23T00:00:00.000Z,0.000043,27999.38
2023-03-24T00:00:00.000Z,0.00005,27732.48
2023-03-25T00:00:00.000Z,0.000034,27499.65
2023-03-26T00:00:00.000Z,0.000026,27830.04
2023-03-27T00:00:00.000Z,0.000022,27304.95
2023-03-28T00:00:00.000Z,0.000029,27080.82
2023-03-29T00:00:00.000Z,0.000028,27951.37
2023-03-30T00:00:00.000Z,0.000027,28452.27
2023-03-31T00:00:00.000Z,0.000031,28095.85
2023-04-01T00:00:00.000Z,0.00003,28538.19
2023-04-02T00:00:00.000Z,0.000024,28209.66
2023-04-03T00:00:00.000Z,0.000028,27892.45
2023-04-04T00:00:00.000Z,0.00003,28056.04
2023-04-05T00:00:00.000Z,0.000033,28311.35
2023-04-06T00:00:00.000Z,0.000032,27958.5
2023-04-07T00:00:00.000Z,0.000028,27950.86
2023-04-08T00:00:00.000Z,0.000025,28014.91
2023-04-09T00:00:00.000Z,0.000018,28180.06
2023-04-10T00:00:00.000Z,0.000023,28980.39
2023-04-11T00:00:00.000Z,0.000027,30082.98
2023-04-12T00:00:00.000Z,0.000024,30102.43
2023-04-13T00:00:00.000Z,0.000025,30236.13
2023-04-14T00:00:00.000Z,0.000027,30520.7
2023-04-15T00:00:00.000Z,0.00002,30425.8
2023-04-16T00:00:00.000Z,0.000019,30357.55
2023-04-17T00:00:00.000Z,0.000021,29795.02
2023-04-18T00:00:00.000Z,0.000018,29814.24
2023-04-19T00:00:00.000Z,0.000021,29515.75
2023-04-20T00:00:00.000Z,0.000022,28551.88
2023-04-21T00:00:00.000Z,0.000023,27760.13
2023-04-22T00:00:00.000Z,0.000018,27516.02
2023-04-23T00:00:00.000Z,0.000016,27589.48
2023-04-24T00:00:00.000Z,0.000021,27502.45
2023-04-25T00:00:00.000Z,0.000029,27799.29
2023-04-26T00:00:00.000Z,0.000037,28639.87
2023-04-27T00:00:00.000Z,0.000047,29143.87
2023-04-28T00:00:00.000Z,0.000048,29263.72
2023-04-29T00:00:00.000Z,0.000053,29277.16
2023-04-30T00:00:00.000Z,0.000061,29537.01
2023-05-01T00:00:00.000Z,0.000074,28510
2023-05-02T00:00:00.000Z,0.00014,28397.29
2023-05-03T00:00:00.000Z,0.000129,28715.1
2023-05-04T00:00:00.000Z,0.000125,29037.12
2023-05-05T00:00:00.000Z,0.000162,29275.17
2023-05-06T00:00:00.000Z,0.000237,29158.82
2023-05-07T00:00:00.000Z,0.000712,28877.43
2023-05-08T00:00:00.000Z,0.000919,28096.77
2023-05-09T00:00:00.000Z,0.000578,27739.53
2023-05-10T00:00:00.000Z,0.000378,27590
2023-05-11T00:00:00.000Z,0.000233,27186.71
2023-05-12T00:00:00.000Z,0.000214,26464.56
2023-05-13T00:00:00.000Z,0.000151,26877.29
2023-05-14T00:00:00.000Z,0.000106,26906.49
2023-05-15T00:00:00.000Z,0.00011,27213.05
2023-05-16T00:00:00.000Z,0.000139,27087.67
2023-05-17T00:00:00.000Z,0.000111,27035.05
2023-05-18T00:00:00.000Z,0.000131,26934.21
2023-05-19T00:00:00.000Z,0.00013,26918.85
2023-05-20T00:00:00.000Z,0.000115,27001.9
2023-05-21T00:00:00.000Z,0.000092,26982.33
2023-05-22T00:00:00.000Z,0.000085,26814.32
2023-05-23T00:00:00.000Z,0.000082,27141.88
2023-05-24T00:00:00.000Z,0.000075,26657.09
2023-05-25T00:00:00.000Z,0.000098,26239.68
2023-05-26T00:00:00.000Z,0.000102,26638.61
2023-05-27T00:00:00.000Z,0.00007,26742.22
2023-05-28T00:00:00.000Z,0.000072,27522.15
2023-05-29T00:00:00.000Z,0.000079,28002.71
2023-05-30T00:00:00.000Z,0.000084,27808.69
2023-05-31T00:00:00.000Z,0.000073,27346.86
2023-06-01T00:00:00.000Z,0.000076,26995.04
2023-06-02T00:00:00.000Z,0.000076,26912.96
2023-06-03T00:00:00.000Z,0.000051,27141.35
2023-06-04T00:00:00.000Z,0.000043,27205.6
2023-06-05T00:00:00.000Z,0.000066,26275.23
2023-06-06T00:00:00.000Z,0.00008,26377.49
2023-06-07T00:00:00.000Z,0.000097,26778.92
2023-06-08T00:00:00.000Z,0.000071,26519.44
2023-06-09T00:00:00.000Z,0.000071,26536.73
2023-06-10T00:00:00.000Z,0.000053,25997.1
2023-06-11T00:00:00.000Z,0.00004,25934.14
2023-06-12T00:00:00.000Z,0.000043,25862.07
2023-06-13T00:00:00.000Z,0.00004,26070.52
2023-06-14T00:00:00.000Z,0.000048,25453.99
2023-06-15T00:00:00.000Z,0.000045,25252.92
2023-06-16T00:00:00.000Z,0.000047,25821.32
2023-06-17T00:00:00.000Z,0.000047,26473.73
2023-06-18T00:00:00.000Z,0.000034,26474.68
2023-06-19T00:00:00.000Z,0.000034,26648.13
2023-06-20T00:00:00.000Z,0.000039,27528.2
2023-06-21T00:00:00.000Z,0.000048,29526.99
2023-06-22T00:00:00.000Z,0.000044,30034.91
2023-06-23T00:00:00.000Z,0.000042,30614.5
2023-06-24T00:00:00.000Z,0.000033,30543.5
2023-06-25T00:00:00.000Z,0.000031,30673.25
2023-06-26T00:00:00.000Z,0.000032,30294.89
2023-06-27T00:00:00.000Z,0.000033,30622.39
2023-06-28T00:00:00.000Z,0.000036,30289.45
2023-06-29T00:00:00.000Z,0.000038,30436.73
2023-06-30T00:00:00.000Z,0.000033,30440.22
2023-07-01T00:00:00.000Z,0.000027,30487.98
2023-07-02T00:00:00.000Z,0.000024,30489.25
2023-07-03T00:00:00.000Z,0.000027,30981.25
2023-07-04T00:00:00.000Z,0.000024,30983.17
2023-07-05T00:00:00.000Z,0.000022,30539.28
2023-07-06T00:00:00.000Z,0.00002,30693.8
2023-07-07T00:00:00.000Z,0.000019,30088.52
2023-07-08T00:00:00.000Z,0.000015,30219.63
2023-07-09T00:00:00.000Z,0.000013,30257.89
2023-07-10T00:00:00.000Z,0.000017,30504.54
2023-07-11T00:00:00.000Z,0.000018,30560.55
2023-07-12T00:00:00.000Z,0.00002,30598.87
2023-07-13T00:00:00.000Z,0.000023,31049.05
2023-07-14T00:00:00.000Z,0.000023,30783.23
2023-07-15T00:00:00.000Z,0.000018,30330.98
2023-07-16T00:00:00.000Z,0.000017,30265.79
2023-07-17T00:00:00.000Z,0.000018,30007.04
2023-07-18T00:00:00.000Z,0.000019,29892
2023-07-19T00:00:00.000Z,0.000019,29982.42
2023-07-20T00:00:00.000Z,0.000025,29998.8
2023-07-21T00:00:00.000Z,0.000027,29897.5
2023-07-22T00:00:00.000Z,0.00005,29820.29
2023-07-23T00:00:00.000Z,0.000029,30041.76
2023-07-24T00:00:00.000Z,0.000028,29481.46
2023-07-25T00:00:00.000Z,0.000019,29213.07
2023-07-26T00:00:00.000Z,0.000018,29390.67
2023-07-27T00:00:00.000Z,0.000022,29325.03
2023-07-28T00:00:00.000Z,0.000022,29324.72
2023-07-29T00:00:00.000Z,0.000018,29331.83
2023-07-30T00:00:00.000Z,0.000017,29248.11
2023-07-31T00:00:00.000Z,0.000018,29316.98
2023-08-01T00:00:00.000Z,0.000019,29148.84
2023-08-02T00:00:00.000Z,0.000019,29469.86
2023-08-03T00:00:00.000Z,0.000022,29170.61
2023-08-04T00:00:00.000Z,0.000025,29050.37
2023-08-05T00:00:00.000Z,0.000021,29031.92
2023-08-06T00:00:00.000Z,0.000017,29063.81
2023-08-07T00:00:00.000Z,0.000024,28958.56
2023-08-08T00:00:00.000Z,0.000033,29658.81
2023-08-09T00:00:00.000Z,0.000026,29738.69
2023-08-10T00:00:00.000Z,0.000026,29515.95
2023-08-11T00:00:00.000Z,0.000024,29377.84
2023-08-12T00:00:00.000Z,0.000021,29413.91
2023-08-13T00:00:00.000Z,0.000016,29352.88
2023-08-14T00:00:00.000Z,0.000018,29375.13
2023-08-15T00:00:00.000Z,0.000017,29260.35
2023-08-16T00:00:00.000Z,0.000019,28961.97
2023-08-17T00:00:00.000Z,0.000018,27063.68
2023-08-18T00:00:00.000Z,0.000022,26228
2023-08-19T00:00:00.000Z,0.000019,26029.75
2023-08-20T00:00:00.000Z,0.000016,26140.04
2023-08-21T00:00:00.000Z,0.000016,26034.22
2023-08-22T00:00:00.000Z,0.00002,25760.73
2023-08-23T00:00:00.000Z,0.000021,26302.51
2023-08-24T00:00:00.000Z,0.000018,26218.55
2023-08-25T00:00:00.000Z,0.00002,26027.45
2023-08-26T00:00:00.000Z,0.000017,26044.3
2023-08-27T00:00:00.000Z,0.000017,26067.67
2023-08-28T00:00:00.000Z,0.000019,26040.91
2023-08-29T00:00:00.000Z,0.00002,27028.76
2023-08-30T00:00:00.000Z,0.000022,27404.33
2023-08-31T00:00:00.000Z,0.000027,26615.06
2023-09-01T00:00:00.000Z,0.000025,25730.4
2023-09-02T00:00:00.000Z,0.000024,25855.43
2023-09-03T00:00:00.000Z,0.000023,25962.48
2023-09-04T00:00:00.000Z,0.000024,25862.7
2023-09-05T00:00:00.000Z,0.000026,25721.29
2023-09-06T00:00:00.000Z,0.00003,25698.6
2023-09-07T00:00:00.000Z,0.000032,26013.07
2023-09-08T00:00:00.000Z,0.000036,26046.94
2023-09-09T00:00:00.000Z,0.000029,25867.16
2023-09-10T00:00:00.000Z,0.000045,25806.69
2023-09-11T00:00:00.000Z,0.000029,25403.89
2023-09-12T00:00:00.000Z,0.00003,25834.17
2023-09-13T00:00:00.000Z,0.00003,26089.86
2023-09-14T00:00:00.000Z,0.000027,26487.32
2023-09-15T00:00:00.000Z,0.000026,26550.58
2023-09-16T00:00:00.000Z,0.000025,26615.02
2023-09-17T00:00:00.000Z,0.000027,26516.25
2023-09-18T00:00:00.000Z,0.000042,26912.2
2023-09-19T00:00:00.000Z,0.000046,27085.63
2023-09-20T00:00:00.000Z,0.000045,27104.49
2023-09-21T00:00:00.000Z,0.000044,26766.17
2023-09-22T00:00:00.000Z,0.000047,26609.58
2023-09-23T00:00:00.000Z,0.000047,26581.57
2023-09-24T00:00:00.000Z,0.000035,26441.81
2023-09-25T00:00:00.000Z,0.00003,26221.59
2023-09-26T00:00:00.000Z,0.000027,26243.09
2023-09-27T00:00:00.000Z,0.000029,26462.64
2023-09-28T00:00:00.000Z,0.000028,26817.29
2023-09-29T00:00:00.000Z,0.000028,26954.08
2023-09-30T00:00:00.000Z,0.000021,26991.24
2023-10-01T00:00:00.000Z,0.00002,27509.63
2023-10-02T00:00:00.000Z,0.000026,27948.97
2023-10-03T00:00:00.000Z,0.000027,27419.56
2023-10-04T00:00:00.000Z,0.00003,27529.76
2023-10-05T00:00:00.000Z,0.000028,27745.69
2023-10-06T00:00:00.000Z,0.000046,27730.84
2023-10-07T00:00:00.000Z,0.000048,27949.58
2023-10-08T00:00:00.000Z,0.00002,27909.86
2023-10-09T00:00:00.000Z,0.000021,27641.35
2023-10-10T00:00:00.000Z,0.000019,27517.11
2023-10-11T00:00:00.000Z,0.000025,27003.62
2023-10-12T00:00:00.000Z,0.000028,26743.88
2023-10-13T00:00:00.000Z,0.000024,26892.94
2023-10-14T00:00:00.000Z,0.000016,26896.4
2023-10-15T00:00:00.000Z,0.000015,27055.16
2023-10-16T00:00:00.000Z,0.00002,28570.32
2023-10-17T00:00:00.000Z,0.000021,28361.49
2023-10-18T00:00:00.000Z,0.000021,28572.75
2023-10-19T00:00:00.000Z,0.00002,28531.34
2023-10-20T00:00:00.000Z,0.000021,29420.04
2023-10-21T00:00:00.000Z,0.000018,29922.92
2023-10-22T00:00:00.000Z,0.000015,29953.61
2023-10-23T00:00:00.000Z,0.000016,32318.71
2023-10-24T00:00:00.000Z,0.000037,34020.51
2023-10-25T00:00:00.000Z,0.000038,34417.89
2023-10-26T00:00:00.000Z,0.000027,34291.34
2023-10-27T00:00:00.000Z,0.000024,33826.46
2023-10-28T00:00:00.000Z,0.000019,34185.24
2023-10-29T00:00:00.000Z,0.000015,34354.45
2023-10-30T00:00:00.000Z,0.000016,34476.17
2023-10-31T00:00:00.000Z,0.000017,34392.23
2023-11-01T00:00:00.000Z,0.000021,34860.33
2023-11-02T00:00:00.000Z,0.000021,35148.2
2023-11-03T00:00:00.000Z,0.000033,34534.25
2023-11-04T00:00:00.000Z,0.000071,34942.23
2023-11-05T00:00:00.000Z,0.000063,34941.43
2023-11-06T00:00:00.000Z,0.000074,35023.5
2023-11-07T00:00:00.000Z,0.000091,35233.85
2023-11-08T00:00:00.000Z,0.000117,35614.95
2023-11-09T00:00:00.000Z,0.000248,36774.15
2023-11-10T00:00:00.000Z,0.000145,36939.35
2023-11-11T00:00:00.000Z,0.000107,37059.56
2023-11-12T00:00:00.000Z,0.000114,36990.25
2023-11-13T00:00:00.000Z,0.000112,36893.76
2023-11-14T00:00:00.000Z,0.000106,35770.24
2023-11-15T00:00:00.000Z,0.000138,36675.77
2023-11-16T00:00:00.000Z,0.000338,36731.76
2023-11-17T00:00:00.000Z,0.000242,36327.16
2023-11-18T00:00:00.000Z,0.000365,36533.15
2023-11-19T00:00:00.000Z,0.000209,36970.35
2023-11-20T00:00:00.000Z,0.000166,37268.58
2023-11-21T00:00:00.000Z,0.000172,36709.61
2023-11-22T00:00:00.000Z,0.000156,36761.52
2023-11-23T00:00:00.000Z,0.000229,37269.2
2023-11-24T00:00:00.000Z,0.000086,37847.23
2023-11-25T00:00:00.000Z,0.000089,37761.94
2023-11-26T00:00:00.000Z,0.000083,37494.49
2023-11-27T00:00:00.000Z,0.000092,37147.74
2023-11-28T00:00:00.000Z,0.000079,37645.2
2023-11-29T00:00:00.000Z,0.000069,38023.05
2023-11-30T00:00:00.000Z,0.000073,37827.74
2023-12-01T00:00:00.000Z,0.000089,38304.24
2023-12-02T00:00:00.000Z,0.000073,39185.99
2023-12-03T00:00:00.000Z,0.000154,39746.07
2023-12-04T00:00:00.000Z,0.000144,41189.89
2023-12-05T00:00:00.000Z,0.000273,43003.85
2023-12-06T00:00:00.000Z,0.000339,43836.42
2023-12-07T00:00:00.000Z,0.000192,43453.55
2023-12-08T00:00:00.000Z,0.000163,43914.77
2023-12-09T00:00:00.000Z,0.000147,43985.3
2023-12-10T00:00:00.000Z,0.000133,43816.17
2023-12-11T00:00:00.000Z,0.000128,41994.84
2023-12-12T00:00:00.000Z,0.000126,41364.4
2023-12-13T00:00:00.000Z,0.000257,42020.79
2023-12-14T00:00:00.000Z,0.000476,42425.07
2023-12-15T00:00:00.000Z,0.000477,42376.69
2023-12-16T00:00:00.000Z,0.000754,42159.85
2023-12-17T00:00:00.000Z,0.000778,41800.11
2023-12-18T00:00:00.000Z,0.000418,41628.55
2023-12-19T00:00:00.000Z,0.000526,42625.49
2023-12-20T00:00:00.000Z,0.000539,43249.32
2023-12-21T00:00:00.000Z,0.000495,43775.66
2023-12-22T00:00:00.000Z,0.000318,43922.15
2023-12-23T00:00:00.000Z,0.000223,43681.48
2023-12-24T00:00:00.000Z,0.000196,43300.16
2023-12-25T00:00:00.000Z,0.000239,43286.02
2023-12-26T00:00:00.000Z,0.000225,42610.55
2023-12-27T00:00:00.000Z,0.000347,42908.3
2023-12-28T00:00:00.000Z,0.000273,43050.76
2023-12-29T00:00:00.000Z,0.00023,42215.73
2023-12-30T00:00:00.000Z,0.000327,42062.88
2023-12-31T00:00:00.000Z,0.000446,42416.74
2024-01-01T00:00:00.000Z,0.00026,43199.11
2024-01-02T00:00:00.000Z,0.000163,45050.42
2024-01-03T00:00:00.000Z,0.000153,42864.2
2024-01-04T00:00:00.000Z,0.000124,43727.24
2024-01-05T00:00:00.000Z,0.000135,43442.62
2024-01-06T00:00:00.000Z,0.000107,43846.65
2024-01-07T00:00:00.000Z,0.000105,44068.02
2024-01-08T00:00:00.000Z,0.000154,45252.87
2024-01-09T00:00:00.000Z,0.00012,46406.41
2024-01-10T00:00:00.000Z,0.000098,46016.08
2024-01-11T00:00:00.000Z,0.000105,47317.08
2024-01-12T00:00:00.000Z,0.000108,43983.37
2024-01-13T00:00:00.000Z,0.000149,42840.92
2024-01-14T00:00:00.000Z,0.000308,42381.51
2024-01-15T00:00:00.000Z,0.000147,42506.79
2024-01-16T00:00:00.000Z,0.00016,42805.01
2024-01-17T00:00:00.000Z,0.000124,42677.92
2024-01-18T00:00:00.000Z,0.000129,41741.6
2024-01-19T00:00:00.000Z,0.000099,41199.07
2024-01-20T00:00:00.000Z,0.000079,41639.86
2024-01-21T00:00:00.000Z,0.000081,41678.21
2024-01-22T00:00:00.000Z,0.000077,40533.35
2024-01-23T00:00:00.000Z,0.000102,39324.21
2024-01-24T00:00:00.000Z,0.000068,39977.78
2024-01-25T00:00:00.000Z,0.000058,39902.43
2024-01-26T00:00:00.000Z,0.000061,41021.29
2024-01-27T00:00:00.000Z,0.000059,41792.53
2024-01-28T00:00:00.000Z,0.000062,42227.49
2024-01-29T00:00:00.000Z,0.000058,42556.24
2024-01-30T00:00:00.000Z,0.000056,43273.09
2024-01-31T00:00:00.000Z,0.000057,43005.6
2024-02-01T00:00:00.000Z,0.00006,42561.63
2024-02-02T00:00:00.000Z,0.00007,42994.49
2024-02-03T00:00:00.000Z,0.000216,43115.07
2024-02-04T00:00:00.000Z,0.000122,42662.91
2024-02-05T00:00:00.000Z,0.000076,42725.15
2024-02-06T00:00:00.000Z,0.000062,42943.49
2024-02-07T00:00:00.000Z,0.00008,43584.4
2024-02-08T00:00:00.000Z,0.000065,44978
2024-02-09T00:00:00.000Z,0.000057,46732.75
2024-02-10T00:00:00.000Z,0.000043,47530.38
2024-02-11T00:00:00.000Z,0.000033,48094.75
2024-02-12T00:00:00.000Z,0.000067,49028.9
2024-02-13T00:00:00.000Z,0.000055,49364.88
2024-02-14T00:00:00.000Z,0.000068,50679.12
2024-02-15T00:00:00.000Z,0.000043,52101.63
2024-02-16T00:00:00.000Z,0.000038,52101.47
2024-02-17T00:00:00.000Z,0.000034,51424.62
2024-02-18T00:00:00.000Z,0.000033,51793.95
2024-02-19T00:00:00.000Z,0.000033,52089.43
2024-02-20T00:00:00.000Z,0.000036,51876.36
2024-02-21T00:00:00.000Z,0.000038,51504.46
2024-02-22T00:00:00.000Z,0.000033,51485.49
2024-02-23T00:00:00.000Z,0.000032,51016.33
2024-02-24T00:00:00.000Z,0.000032,51135.77
2024-02-25T00:00:00.000Z,0.000027,51623.22
2024-02-26T00:00:00.000Z,0.000036,52930.2
2024-02-27T00:00:00.000Z,0.000052,56048.07
2024-02-28T00:00:00.000Z,0.000057,60406.2
2024-02-29T00:00:00.000Z,0.000075,62011.87
2024-03-01T00:00:00.000Z,0.000056,62010.99
2024-03-02T00:00:00.000Z,0.00005,62055.06
2024-03-03T00:00:00.000Z,0.000053,62323.62
2024-03-04T00:00:00.000Z,0.000092,65463
2024-03-05T00:00:00.000Z,0.000088,64256.62
2024-03-06T00:00:00.000Z,0.000072,65248.62
2024-03-07T00:00:00.000Z,0.00005,66838.42
2024-03-08T00:00:00.000Z,0.00005,68162.48
2024-03-09T00:00:00.000Z,0.000043,68345.36
2024-03-10T00:00:00.000Z,0.000042,69097.52
2024-03-11T00:00:00.000Z,0.000036,70021.6
2024-03-12T00:00:00.000Z,0.000037,70816.71
2024-03-13T00:00:00.000Z,0.000032,72500.92
2024-03-14T00:00:00.000Z,0.000034,71148.27
2024-03-15T00:00:00.000Z,0.000038,68987.38
2024-03-16T00:00:00.000Z,0.000041,67413.55
2024-03-17T00:00:00.000Z,0.000029,66701.59
2024-03-18T00:00:00.000Z,0.000046,67754.83
2024-03-19T00:00:00.000Z,0.000046,64822.84
2024-03-20T00:00:00.000Z,0.000035,64461.07
2024-03-21T00:00:00.000Z,0.000046,66388.74
2024-03-22T00:00:00.000Z,0.000041,64482.47
2024-03-23T00:00:00.000Z,0.000026,64515.85
2024-03-24T00:00:00.000Z,0.000023,65713.3
2024-03-25T00:00:00.000Z,0.00003,68801.55
2024-03-26T00:00:00.000Z,0.000036,70426.77
2024-03-27T00:00:00.000Z,0.000035,70073.39
2024-03-28T00:00:00.000Z,0.000032,70229.41
2024-03-29T00:00:00.000Z,0.000034,69992.04
2024-03-30T00:00:00.000Z,0.000036,69971.04
2024-03-31T00:00:00.000Z,0.00004,70495.58
2024-04-01T00:00:00.000Z,0.000028,69700.27
2024-04-02T00:00:00.000Z,0.000023,67137.41
2024-04-03T00:00:00.000Z,0.000028,65720.4
2024-04-04T00:00:00.000Z,0.000024,67212.37
2024-04-05T00:00:00.000Z,0.000022,67383.5
2024-04-06T00:00:00.000Z,0.00002,68577.96
2024-04-07T00:00:00.000Z,0.000026,69590.22
2024-04-08T00:00:00.000Z,0.000037,70907.46
2024-04-09T00:00:00.000Z,0.000052,69981.08
2024-04-10T00:00:00.000Z,0.000082,69315.6
2024-04-11T00:00:00.000Z,0.000139,70427.93
2024-04-12T00:00:00.000Z,0.000189,68252.13
2024-04-13T00:00:00.000Z,0.000122,64751.04
2024-04-14T00:00:00.000Z,0.00009,64052.34
2024-04-15T00:00:00.000Z,0.000179,64615.51