DateTime,Total Fees
2009-01-03T00:00:00.000Z,
2009-01-09T00:00:00.000Z,
2009-01-10T00:00:00.000Z,
2009-01-11T00:00:00.000Z,
2009-01-12T00:00:00.000Z,
2009-01-13T00:00:00.000Z,
2009-01-14T00:00:00.000Z,
2009-01-15T00:00:00.000Z,
2009-01-16T00:00:00.000Z,
2009-01-17T00:00:00.000Z,
2009-01-18T00:00:00.000Z,
2009-01-19T00:00:00.000Z,
2009-01-20T00:00:00.000Z,
2009-01-21T00:00:00.000Z,
2009-01-22T00:00:00.000Z,
2009-01-23T00:00:00.000Z,
2009-01-24T00:00:00.000Z,
2009-01-25T00:00:00.000Z,
2009-01-26T00:00:00.000Z,
2009-01-27T00:00:00.000Z,
2009-01-28T00:00:00.000Z,
2009-01-29T00:00:00.000Z,
2009-01-30T00:00:00.000Z,
2009-01-31T00:00:00.000Z,
2009-02-01T00:00:00.000Z,
2009-02-02T00:00:00.000Z,
2009-02-03T00:00:00.000Z,2.01
2009-02-04T00:00:00.000Z,
2009-02-05T00:00:00.000Z,
2009-02-06T00:00:00.000Z,
2009-02-07T00:00:00.000Z,
2009-02-08T00:00:00.000Z,
2009-02-09T00:00:00.000Z,
2009-02-10T00:00:00.000Z,
2009-02-11T00:00:00.000Z,
2009-02-12T00:00:00.000Z,
2009-02-13T00:00:00.000Z,
2009-02-14T00:00:00.000Z,
2009-02-15T00:00:00.000Z,
2009-02-16T00:00:00.000Z,
2009-02-17T00:00:00.000Z,
2009-02-18T00:00:00.000Z,
2009-02-19T00:00:00.000Z,
2009-02-20T00:00:00.000Z,
2009-02-21T00:00:00.000Z,
2009-02-22T00:00:00.000Z,
2009-02-23T00:00:00.000Z,
2009-02-24T00:00:00.000Z,
2009-02-25T00:00:00.000Z,
2009-02-26T00:00:00.000Z,
2009-02-27T00:00:00.000Z,
2009-02-28T00:00:00.000Z,
2009-03-01T00:00:00.000Z,
2009-03-02T00:00:00.000Z,
2009-03-03T00:00:00.000Z,
2009-03-04T00:00:00.000Z,
2009-03-05T00:00:00.000Z,
2009-03-06T00:00:00.000Z,
2009-03-07T00:00:00.000Z,
2009-03-08T00:00:00.000Z,
2009-03-09T00:00:00.000Z,
2009-03-10T00:00:00.000Z,
2009-03-11T00:00:00.000Z,
2009-03-12T00:00:00.000Z,
2009-03-13T00:00:00.000Z,
2009-03-14T00:00:00.000Z,
2009-03-15T00:00:00.000Z,
2009-03-16T00:00:00.000Z,
2009-03-17T00:00:00.000Z,
2009-03-18T00:00:00.000Z,
2009-03-19T00:00:00.000Z,
2009-03-20T00:00:00.000Z,
2009-03-21T00:00:00.000Z,
2009-03-22T00:00:00.000Z,
2009-03-23T00:00:00.000Z,
2009-03-24T00:00:00.000Z,
2009-03-25T00:00:00.000Z,
2009-03-26T00:00:00.000Z,
2009-03-27T00:00:00.000Z,
2009-03-28T00:00:00.000Z,
2009-03-29T00:00:00.000Z,
2009-03-30T00:00:00.000Z,
2009-03-31T00:00:00.000Z,
2009-04-01T00:00:00.000Z,
2009-04-02T00:00:00.000Z,
2009-04-03T00:00:00.000Z,
2009-04-04T00:00:00.000Z,
2009-04-05T00:00:00.000Z,
2009-04-06T00:00:00.000Z,
2009-04-07T00:00:00.000Z,
2009-04-08T00:00:00.000Z,
2009-04-09T00:00:00.000Z,
2009-04-10T00:00:00.000Z,
2009-04-11T00:00:00.000Z,
2009-04-12T00:00:00.000Z,
2009-04-13T00:00:00.000Z,
2009-04-14T00:00:00.000Z,
2009-04-15T00:00:00.000Z,
2009-04-16T00:00:00.000Z,
2009-04-17T00:00:00.000Z,
2009-04-18T00:00:00.000Z,
2009-04-19T00:00:00.000Z,
2009-04-20T00:00:00.000Z,
2009-04-21T00:00:00.000Z,
2009-04-22T00:00:00.000Z,
2009-04-23T00:00:00.000Z,
2009-04-24T00:00:00.000Z,
2009-04-25T00:00:00.000Z,
2009-04-26T00:00:00.000Z,
2009-04-27T00:00:00.000Z,
2009-04-28T00:00:00.000Z,
2009-04-29T00:00:00.000Z,
2009-04-30T00:00:00.000Z,
2009-05-01T00:00:00.000Z,
2009-05-02T00:00:00.000Z,0.03
2009-05-03T00:00:00.000Z,
2009-05-04T00:00:00.000Z,
2009-05-05T00:00:00.000Z,
2009-05-06T00:00:00.000Z,
2009-05-07T00:00:00.000Z,
2009-05-08T00:00:00.000Z,
2009-05-09T00:00:00.000Z,
2009-05-10T00:00:00.000Z,
2009-05-11T00:00:00.000Z,0.1
2009-05-12T00:00:00.000Z,
2009-05-13T00:00:00.000Z,
2009-05-14T00:00:00.000Z,
2009-05-15T00:00:00.000Z,
2009-05-16T00:00:00.000Z,
2009-05-17T00:00:00.000Z,
2009-05-18T00:00:00.000Z,
2009-05-19T00:00:00.000Z,
2009-05-20T00:00:00.000Z,
2009-05-21T00:00:00.000Z,
2009-05-22T00:00:00.000Z,
2009-05-23T00:00:00.000Z,
2009-05-24T00:00:00.000Z,
2009-05-25T00:00:00.000Z,
2009-05-26T00:00:00.000Z,
2009-05-27T00:00:00.000Z,
2009-05-28T00:00:00.000Z,
2009-05-29T00:00:00.000Z,
2009-05-30T00:00:00.000Z,
2009-05-31T00:00:00.000Z,
2009-06-01T00:00:00.000Z,
2009-06-02T00:00:00.000Z,
2009-06-03T00:00:00.000Z,
2009-06-04T00:00:00.000Z,
2009-06-05T00:00:00.000Z,
2009-06-06T00:00:00.000Z,
2009-06-07T00:00:00.000Z,
2009-06-08T00:00:00.000Z,
2009-06-09T00:00:00.000Z,
2009-06-10T00:00:00.000Z,
2009-06-11T00:00:00.000Z,
2009-06-12T00:00:00.000Z,
2009-06-13T00:00:00.000Z,
2009-06-14T00:00:00.000Z,
2009-06-15T00:00:00.000Z,
2009-06-16T00:00:00.000Z,
2009-06-17T00:00:00.000Z,
2009-06-18T00:00:00.000Z,
2009-06-19T00:00:00.000Z,
2009-06-20T00:00:00.000Z,
2009-06-21T00:00:00.000Z,
2009-06-22T00:00:00.000Z,
2009-06-23T00:00:00.000Z,
2009-06-24T00:00:00.000Z,
2009-06-25T00:00:00.000Z,
2009-06-26T00:00:00.000Z,
2009-06-27T00:00:00.000Z,
2009-06-28T00:00:00.000Z,
2009-06-29T00:00:00.000Z,
2009-06-30T00:00:00.000Z,
2009-07-01T00:00:00.000Z,
2009-07-02T00:00:00.000Z,
2009-07-03T00:00:00.000Z,
2009-07-04T00:00:00.000Z,
2009-07-05T00:00:00.000Z,
2009-07-06T00:00:00.000Z,
2009-07-07T00:00:00.000Z,
2009-07-08T00:00:00.000Z,
2009-07-09T00:00:00.000Z,
2009-07-10T00:00:00.000Z,
2009-07-11T00:00:00.000Z,
2009-07-12T00:00:00.000Z,
2009-07-13T00:00:00.000Z,
2009-07-14T00:00:00.000Z,
2009-07-15T00:00:00.000Z,
2009-07-16T00:00:00.000Z,
2009-07-17T00:00:00.000Z,
2009-07-18T00:00:00.000Z,
2009-07-19T00:00:00.000Z,
2009-07-20T00:00:00.000Z,0.14
2009-07-21T00:00:00.000Z,
2009-07-22T00:00:00.000Z,
2009-07-23T00:00:00.000Z,
2009-07-24T00:00:00.000Z,
2009-07-25T00:00:00.000Z,
2009-07-26T00:00:00.000Z,
2009-07-27T00:00:00.000Z,
2009-07-28T00:00:00.000Z,
2009-07-29T00:00:00.000Z,
2009-07-30T00:00:00.000Z,
2009-07-31T00:00:00.000Z,
2009-08-01T00:00:00.000Z,
2009-08-02T00:00:00.000Z,
2009-08-03T00:00:00.000Z,
2009-08-04T00:00:00.000Z,
2009-08-05T00:00:00.000Z,
2009-08-06T00:00:00.000Z,
2009-08-07T00:00:00.000Z,0.13
2009-08-08T00:00:00.000Z,
2009-08-09T00:00:00.000Z,
2009-08-10T00:00:00.000Z,
2009-08-11T00:00:00.000Z,
2009-08-12T00:00:00.000Z,
2009-08-13T00:00:00.000Z,
2009-08-14T00:00:00.000Z,
2009-08-15T00:00:00.000Z,
2009-08-16T00:00:00.000Z,
2009-08-17T00:00:00.000Z,
2009-08-18T00:00:00.000Z,
2009-08-19T00:00:00.000Z,
2009-08-20T00:00:00.000Z,
2009-08-21T00:00:00.000Z,
2009-08-22T00:00:00.000Z,
2009-08-23T00:00:00.000Z,
2009-08-24T00:00:00.000Z,
2009-08-25T00:00:00.000Z,
2009-08-26T00:00:00.000Z,
2009-08-27T00:00:00.000Z,
2009-08-28T00:00:00.000Z,
2009-08-29T00:00:00.000Z,
2009-08-30T00:00:00.000Z,
2009-08-31T00:00:00.000Z,
2009-09-01T00:00:00.000Z,
2009-09-02T00:00:00.000Z,
2009-09-03T00:00:00.000Z,
2009-09-04T00:00:00.000Z,
2009-09-05T00:00:00.000Z,
2009-09-06T00:00:00.000Z,
2009-09-07T00:00:00.000Z,
2009-09-08T00:00:00.000Z,
2009-09-09T00:00:00.000Z,
2009-09-10T00:00:00.000Z,
2009-09-11T00:00:00.000Z,
2009-09-12T00:00:00.000Z,
2009-09-13T00:00:00.000Z,
2009-09-14T00:00:00.000Z,
2009-09-15T00:00:00.000Z,
2009-09-16T00:00:00.000Z,
2009-09-17T00:00:00.000Z,0.12
2009-09-18T00:00:00.000Z,
2009-09-19T00:00:00.000Z,
2009-09-20T00:00:00.000Z,
2009-09-21T00:00:00.000Z,
2009-09-22T00:00:00.000Z,
2009-09-23T00:00:00.000Z,
2009-09-24T00:00:00.000Z,
2009-09-25T00:00:00.000Z,
2009-09-26T00:00:00.000Z,
2009-09-27T00:00:00.000Z,
2009-09-28T00:00:00.000Z,
2009-09-29T00:00:00.000Z,
2009-09-30T00:00:00.000Z,
2009-10-01T00:00:00.000Z,
2009-10-02T00:00:00.000Z,
2009-10-03T00:00:00.000Z,
2009-10-04T00:00:00.000Z,
2009-10-05T00:00:00.000Z,
2009-10-06T00:00:00.000Z,
2009-10-07T00:00:00.000Z,
2009-10-08T00:00:00.000Z,
2009-10-09T00:00:00.000Z,
2009-10-10T00:00:00.000Z,
2009-10-11T00:00:00.000Z,
2009-10-12T00:00:00.000Z,
2009-10-13T00:00:00.000Z,
2009-10-14T00:00:00.000Z,
2009-10-15T00:00:00.000Z,
2009-10-16T00:00:00.000Z,
2009-10-17T00:00:00.000Z,
2009-10-18T00:00:00.000Z,
2009-10-19T00:00:00.000Z,
2009-10-20T00:00:00.000Z,0.12
2009-10-21T00:00:00.000Z,
2009-10-22T00:00:00.000Z,
2009-10-23T00:00:00.000Z,
2009-10-24T00:00:00.000Z,
2009-10-25T00:00:00.000Z,
2009-10-26T00:00:00.000Z,
2009-10-27T00:00:00.000Z,
2009-10-28T00:00:00.000Z,
2009-10-29T00:00:00.000Z,
2009-10-30T00:00:00.000Z,
2009-10-31T00:00:00.000Z,
2009-11-01T00:00:00.000Z,
2009-11-02T00:00:00.000Z,
2009-11-03T00:00:00.000Z,
2009-11-04T00:00:00.000Z,
2009-11-05T00:00:00.000Z,
2009-11-06T00:00:00.000Z,
2009-11-07T00:00:00.000Z,
2009-11-08T00:00:00.000Z,
2009-11-09T00:00:00.000Z,
2009-11-10T00:00:00.000Z,
2009-11-11T00:00:00.000Z,
2009-11-12T00:00:00.000Z,
2009-11-13T00:00:00.000Z,
2009-11-14T00:00:00.000Z,
2009-11-15T00:00:00.000Z,
2009-11-16T00:00:00.000Z,
2009-11-17T00:00:00.000Z,
2009-11-18T00:00:00.000Z,
2009-11-19T00:00:00.000Z,
2009-11-20T00:00:00.000Z,
2009-11-21T00:00:00.000Z,
2009-11-22T00:00:00.000Z,
2009-11-23T00:00:00.000Z,
2009-11-24T00:00:00.000Z,
2009-11-25T00:00:00.000Z,
2009-11-26T00:00:00.000Z,
2009-11-27T00:00:00.000Z,
2009-11-28T00:00:00.000Z,
2009-11-29T00:00:00.000Z,
2009-11-30T00:00:00.000Z,
2009-12-01T00:00:00.000Z,0.22
2009-12-02T00:00:00.000Z,
2009-12-03T00:00:00.000Z,
2009-12-04T00:00:00.000Z,
2009-12-05T00:00:00.000Z,
2009-12-06T00:00:00.000Z,
2009-12-07T00:00:00.000Z,
2009-12-08T00:00:00.000Z,
2009-12-09T00:00:00.000Z,
2009-12-10T00:00:00.000Z,
2009-12-11T00:00:00.000Z,
2009-12-12T00:00:00.000Z,
2009-12-13T00:00:00.000Z,
2009-12-14T00:00:00.000Z,
2009-12-15T00:00:00.000Z,
2009-12-16T00:00:00.000Z,
2009-12-17T00:00:00.000Z,
2009-12-18T00:00:00.000Z,
2009-12-19T00:00:00.000Z,
2009-12-20T00:00:00.000Z,
2009-12-21T00:00:00.000Z,
2009-12-22T00:00:00.000Z,
2009-12-23T00:00:00.000Z,
2009-12-24T00:00:00.000Z,
2009-12-25T00:00:00.000Z,
2009-12-26T00:00:00.000Z,
2009-12-27T00:00:00.000Z,
2009-12-28T00:00:00.000Z,
2009-12-29T00:00:00.000Z,
2009-12-30T00:00:00.000Z,
2009-12-31T00:00:00.000Z,
2010-01-01T00:00:00.000Z,
2010-01-02T00:00:00.000Z,
2010-01-03T00:00:00.000Z,
2010-01-04T00:00:00.000Z,
2010-01-05T00:00:00.000Z,
2010-01-06T00:00:00.000Z,
2010-01-07T00:00:00.000Z,
2010-01-08T00:00:00.000Z,
2010-01-09T00:00:00.000Z,
2010-01-10T00:00:00.000Z,
2010-01-11T00:00:00.000Z,
2010-01-12T00:00:00.000Z,0.26
2010-01-13T00:00:00.000Z,
2010-01-14T00:00:00.000Z,
2010-01-15T00:00:00.000Z,
2010-01-16T00:00:00.000Z,
2010-01-17T00:00:00.000Z,
2010-01-18T00:00:00.000Z,
2010-01-19T00:00:00.000Z,
2010-01-20T00:00:00.000Z,
2010-01-21T00:00:00.000Z,
2010-01-22T00:00:00.000Z,
2010-01-23T00:00:00.000Z,
2010-01-24T00:00:00.000Z,
2010-01-25T00:00:00.000Z,
2010-01-26T00:00:00.000Z,
2010-01-27T00:00:00.000Z,
2010-01-28T00:00:00.000Z,
2010-01-29T00:00:00.000Z,
2010-01-30T00:00:00.000Z,
2010-01-31T00:00:00.000Z,
2010-02-01T00:00:00.000Z,
2010-02-02T00:00:00.000Z,
2010-02-03T00:00:00.000Z,
2010-02-04T00:00:00.000Z,
2010-02-05T00:00:00.000Z,
2010-02-06T00:00:00.000Z,
2010-02-07T00:00:00.000Z,
2010-02-08T00:00:00.000Z,
2010-02-09T00:00:00.000Z,0.44
2010-02-10T00:00:00.000Z,
2010-02-11T00:00:00.000Z,
2010-02-12T00:00:00.000Z,
2010-02-13T00:00:00.000Z,
2010-02-14T00:00:00.000Z,
2010-02-15T00:00:00.000Z,
2010-02-16T00:00:00.000Z,
2010-02-17T00:00:00.000Z,
2010-02-18T00:00:00.000Z,
2010-02-19T00:00:00.000Z,
2010-02-20T00:00:00.000Z,
2010-02-21T00:00:00.000Z,
2010-02-22T00:00:00.000Z,
2010-02-23T00:00:00.000Z,
2010-02-24T00:00:00.000Z,
2010-02-25T00:00:00.000Z,
2010-02-26T00:00:00.000Z,
2010-02-27T00:00:00.000Z,
2010-02-28T00:00:00.000Z,
2010-03-01T00:00:00.000Z,
2010-03-02T00:00:00.000Z,
2010-03-03T00:00:00.000Z,
2010-03-04T00:00:00.000Z,
2010-03-05T00:00:00.000Z,
2010-03-06T00:00:00.000Z,
2010-03-07T00:00:00.000Z,
2010-03-08T00:00:00.000Z,
2010-03-09T00:00:00.000Z,
2010-03-10T00:00:00.000Z,
2010-03-11T00:00:00.000Z,
2010-03-12T00:00:00.000Z,
2010-03-13T00:00:00.000Z,
2010-03-14T00:00:00.000Z,
2010-03-15T00:00:00.000Z,
2010-03-16T00:00:00.000Z,
2010-03-17T00:00:00.000Z,
2010-03-18T00:00:00.000Z,
2010-03-19T00:00:00.000Z,
2010-03-20T00:00:00.000Z,
2010-03-21T00:00:00.000Z,
2010-03-22T00:00:00.000Z,
2010-03-23T00:00:00.000Z,
2010-03-24T00:00:00.000Z,
2010-03-25T00:00:00.000Z,
2010-03-26T00:00:00.000Z,
2010-03-27T00:00:00.000Z,
2010-03-28T00:00:00.000Z,
2010-03-29T00:00:00.000Z,
2010-03-30T00:00:00.000Z,
2010-03-31T00:00:00.000Z,
2010-04-01T00:00:00.000Z,
2010-04-02T00:00:00.000Z,
2010-04-03T00:00:00.000Z,
2010-04-04T00:00:00.000Z,0.26
2010-04-05T00:00:00.000Z,
2010-04-06T00:00:00.000Z,
2010-04-07T00:00:00.000Z,
2010-04-08T00:00:00.000Z,
2010-04-09T00:00:00.000Z,
2010-04-10T00:00:00.000Z,
2010-04-11T00:00:00.000Z,
2010-04-12T00:00:00.000Z,
2010-04-13T00:00:00.000Z,
2010-04-14T00:00:00.000Z,
2010-04-15T00:00:00.000Z,
2010-04-16T00:00:00.000Z,
2010-04-17T00:00:00.000Z,
2010-04-18T00:00:00.000Z,
2010-04-19T00:00:00.000Z,
2010-04-20T00:00:00.000Z,
2010-04-21T00:00:00.000Z,
2010-04-22T00:00:00.000Z,
2010-04-23T00:00:00.000Z,
2010-04-24T00:00:00.000Z,
2010-04-25T00:00:00.000Z,
2010-04-26T00:00:00.000Z,
2010-04-27T00:00:00.000Z,
2010-04-28T00:00:00.000Z,
2010-04-29T00:00:00.000Z,
2010-04-30T00:00:00.000Z,
2010-05-01T00:00:00.000Z,
2010-05-02T00:00:00.000Z,
2010-05-03T00:00:00.000Z,
2010-05-04T00:00:00.000Z,
2010-05-05T00:00:00.000Z,
2010-05-06T00:00:00.000Z,
2010-05-07T00:00:00.000Z,
2010-05-08T00:00:00.000Z,
2010-05-09T00:00:00.000Z,
2010-05-10T00:00:00.000Z,
2010-05-11T00:00:00.000Z,
2010-05-12T00:00:00.000Z,
2010-05-13T00:00:00.000Z,
2010-05-14T00:00:00.000Z,6.71
2010-05-15T00:00:00.000Z,2.64
2010-05-16T00:00:00.000Z,
2010-05-17T00:00:00.000Z,
2010-05-18T00:00:00.000Z,
2010-05-19T00:00:00.000Z,
2010-05-20T00:00:00.000Z,
2010-05-21T00:00:00.000Z,
2010-05-22T00:00:00.000Z,0.99
2010-05-23T00:00:00.000Z,
2010-05-24T00:00:00.000Z,
2010-05-25T00:00:00.000Z,
2010-05-26T00:00:00.000Z,
2010-05-27T00:00:00.000Z,
2010-05-28T00:00:00.000Z,
2010-05-29T00:00:00.000Z,
2010-05-30T00:00:00.000Z,
2010-05-31T00:00:00.000Z,
2010-06-01T00:00:00.000Z,
2010-06-02T00:00:00.000Z,
2010-06-03T00:00:00.000Z,
2010-06-04T00:00:00.000Z,
2010-06-05T00:00:00.000Z,
2010-06-06T00:00:00.000Z,
2010-06-07T00:00:00.000Z,
2010-06-08T00:00:00.000Z,
2010-06-09T00:00:00.000Z,
2010-06-10T00:00:00.000Z,
2010-06-11T00:00:00.000Z,
2010-06-12T00:00:00.000Z,
2010-06-13T00:00:00.000Z,
2010-06-14T00:00:00.000Z,
2010-06-15T00:00:00.000Z,
2010-06-16T00:00:00.000Z,
2010-06-17T00:00:00.000Z,
2010-06-18T00:00:00.000Z,
2010-06-19T00:00:00.000Z,
2010-06-20T00:00:00.000Z,
2010-06-21T00:00:00.000Z,
2010-06-22T00:00:00.000Z,
2010-06-23T00:00:00.000Z,
2010-06-24T00:00:00.000Z,
2010-06-25T00:00:00.000Z,
2010-06-26T00:00:00.000Z,
2010-06-27T00:00:00.000Z,
2010-06-28T00:00:00.000Z,
2010-06-29T00:00:00.000Z,
2010-06-30T00:00:00.000Z,1.37
2010-07-01T00:00:00.000Z,
2010-07-02T00:00:00.000Z,
2010-07-03T00:00:00.000Z,
2010-07-04T00:00:00.000Z,
2010-07-05T00:00:00.000Z,
2010-07-06T00:00:00.000Z,
2010-07-07T00:00:00.000Z,
2010-07-08T00:00:00.000Z,
2010-07-09T00:00:00.000Z,
2010-07-10T00:00:00.000Z,
2010-07-11T00:00:00.000Z,
2010-07-12T00:00:00.000Z,
2010-07-13T00:00:00.000Z,
2010-07-14T00:00:00.000Z,0.01
2010-07-15T00:00:00.000Z,0.66
2010-07-16T00:00:00.000Z,0.27
2010-07-17T00:00:00.000Z,0.05
2010-07-18T00:00:00.000Z,0.83
2010-07-19T00:00:00.000Z,0.09
2010-07-20T00:00:00.000Z,
2010-07-21T00:00:00.000Z,
2010-07-22T00:00:00.000Z,
2010-07-23T00:00:00.000Z,0.01
2010-07-24T00:00:00.000Z,
2010-07-25T00:00:00.000Z,2.9
2010-07-26T00:00:00.000Z,1.51
2010-07-27T00:00:00.000Z,0.67
2010-07-28T00:00:00.000Z,1.05
2010-07-29T00:00:00.000Z,0.89
2010-07-30T00:00:00.000Z,0.29
2010-07-31T00:00:00.000Z,0.3
2010-08-01T00:00:00.000Z,0.31
2010-08-02T00:00:00.000Z,0.21
2010-08-03T00:00:00.000Z,
2010-08-04T00:00:00.000Z,
2010-08-05T00:00:00.000Z,
2010-08-06T00:00:00.000Z,
2010-08-07T00:00:00.000Z,2.31
2010-08-08T00:00:00.000Z,
2010-08-09T00:00:00.000Z,4.32
2010-08-10T00:00:00.000Z,
2010-08-11T00:00:00.000Z,
2010-08-12T00:00:00.000Z,
2010-08-13T00:00:00.000Z,
2010-08-14T00:00:00.000Z,
2010-08-15T00:00:00.000Z,
2010-08-16T00:00:00.000Z,0.67
2010-08-17T00:00:00.000Z,
2010-08-18T00:00:00.000Z,1.56
2010-08-19T00:00:00.000Z,
2010-08-20T00:00:00.000Z,
2010-08-21T00:00:00.000Z,
2010-08-22T00:00:00.000Z,
2010-08-23T00:00:00.000Z,
2010-08-24T00:00:00.000Z,0.8
2010-08-25T00:00:00.000Z,
2010-08-26T00:00:00.000Z,
2010-08-27T00:00:00.000Z,
2010-08-28T00:00:00.000Z,0.000001
2010-08-29T00:00:00.000Z,0.23
2010-08-30T00:00:00.000Z,0.36
2010-08-31T00:00:00.000Z,0.2
2010-09-01T00:00:00.000Z,0.08
2010-09-02T00:00:00.000Z,
2010-09-03T00:00:00.000Z,
2010-09-04T00:00:00.000Z,
2010-09-05T00:00:00.000Z,0.01
2010-09-06T00:00:00.000Z,
2010-09-07T00:00:00.000Z,
2010-09-08T00:00:00.000Z,
2010-09-09T00:00:00.000Z,0.11
2010-09-10T00:00:00.000Z,
2010-09-11T00:00:00.000Z,
2010-09-12T00:00:00.000Z,0.15
2010-09-13T00:00:00.000Z,
2010-09-14T00:00:00.000Z,0.009604
2010-09-15T00:00:00.000Z,
2010-09-16T00:00:00.000Z,
2010-09-17T00:00:00.000Z,
2010-09-18T00:00:00.000Z,0.18
2010-09-19T00:00:00.000Z,
2010-09-20T00:00:00.000Z,
2010-09-21T00:00:00.000Z,
2010-09-22T00:00:00.000Z,
2010-09-23T00:00:00.000Z,
2010-09-24T00:00:00.000Z,
2010-09-25T00:00:00.000Z,
2010-09-26T00:00:00.000Z,
2010-09-27T00:00:00.000Z,0.02
2010-09-28T00:00:00.000Z,1.44
2010-09-29T00:00:00.000Z,
2010-09-30T00:00:00.000Z,
2010-10-01T00:00:00.000Z,0.56
2010-10-02T00:00:00.000Z,0.007768
2010-10-03T00:00:00.000Z,0.007766
2010-10-04T00:00:00.000Z,0.000001
2010-10-05T00:00:00.000Z,
2010-10-06T00:00:00.000Z,0.000001
2010-10-07T00:00:00.000Z,
2010-10-08T00:00:00.000Z,
2010-10-09T00:00:00.000Z,
2010-10-10T00:00:00.000Z,
2010-10-11T00:00:00.000Z,0.000001
2010-10-12T00:00:00.000Z,
2010-10-13T00:00:00.000Z,0.35
2010-10-14T00:00:00.000Z,
2010-10-15T00:00:00.000Z,
2010-10-16T00:00:00.000Z,
2010-10-17T00:00:00.000Z,
2010-10-18T00:00:00.000Z,0.02
2010-10-19T00:00:00.000Z,
2010-10-20T00:00:00.000Z,
2010-10-21T00:00:00.000Z,0.007766
2010-10-22T00:00:00.000Z,
2010-10-23T00:00:00.000Z,0.05
2010-10-24T00:00:00.000Z,
2010-10-25T00:00:00.000Z,
2010-10-26T00:00:00.000Z,
2010-10-27T00:00:00.000Z,
2010-10-28T00:00:00.000Z,
2010-10-29T00:00:00.000Z,
2010-10-30T00:00:00.000Z,
2010-10-31T00:00:00.000Z,
2010-11-01T00:00:00.000Z,
2010-11-02T00:00:00.000Z,
2010-11-03T00:00:00.000Z,
2010-11-04T00:00:00.000Z,
2010-11-05T00:00:00.000Z,
2010-11-06T00:00:00.000Z,
2010-11-07T00:00:00.000Z,
2010-11-08T00:00:00.000Z,0.83
2010-11-09T00:00:00.000Z,
2010-11-10T00:00:00.000Z,
2010-11-11T00:00:00.000Z,
2010-11-12T00:00:00.000Z,
2010-11-13T00:00:00.000Z,
2010-11-14T00:00:00.000Z,
2010-11-15T00:00:00.000Z,0.48
2010-11-16T00:00:00.000Z,
2010-11-17T00:00:00.000Z,
2010-11-18T00:00:00.000Z,
2010-11-19T00:00:00.000Z,0.08
2010-11-20T00:00:00.000Z,1
2010-11-21T00:00:00.000Z,1.04
2010-11-22T00:00:00.000Z,0.56
2010-11-23T00:00:00.000Z,0.48
2010-11-24T00:00:00.000Z,0.19
2010-11-25T00:00:00.000Z,
2010-11-26T00:00:00.000Z,0.37
2010-11-27T00:00:00.000Z,0.02
2010-11-28T00:00:00.000Z,
2010-11-29T00:00:00.000Z,0.03
2010-11-30T00:00:00.000Z,0.01
2010-12-01T00:00:00.000Z,0.04
2010-12-02T00:00:00.000Z,0.06
2010-12-03T00:00:00.000Z,0.01
2010-12-04T00:00:00.000Z,0.010907
2010-12-05T00:00:00.000Z,0.03
2010-12-06T00:00:00.000Z,0.045187
2010-12-07T00:00:00.000Z,0.082146
2010-12-08T00:00:00.000Z,0.04
2010-12-09T00:00:00.000Z,0.037273
2010-12-10T00:00:00.000Z,0.07
2010-12-11T00:00:00.000Z,0.117248
2010-12-12T00:00:00.000Z,0.148574
2010-12-13T00:00:00.000Z,0.311476
2010-12-14T00:00:00.000Z,0.048923
2010-12-15T00:00:00.000Z,0.067431
2010-12-16T00:00:00.000Z,0.103569
2010-12-17T00:00:00.000Z,0.234433
2010-12-18T00:00:00.000Z,0.066536
2010-12-19T00:00:00.000Z,0.115645
2010-12-20T00:00:00.000Z,0.066993
2010-12-21T00:00:00.000Z,0.11
2010-12-22T00:00:00.000Z,0.177431
2010-12-23T00:00:00.000Z,0.06
2010-12-24T00:00:00.000Z,0.078293
2010-12-25T00:00:00.000Z,0.067431
2010-12-26T00:00:00.000Z,0.095645
2010-12-27T00:00:00.000Z,0.076645
2010-12-28T00:00:00.000Z,0.103393
2010-12-29T00:00:00.000Z,0.135746
2010-12-30T00:00:00.000Z,0.092386
2010-12-31T00:00:00.000Z,0.023351
2011-01-01T00:00:00.000Z,0.089153
2011-01-02T00:00:00.000Z,0.087677
2011-01-03T00:00:00.000Z,0.728254
2011-01-04T00:00:00.000Z,0.031291
2011-01-05T00:00:00.000Z,0.092876
2011-01-06T00:00:00.000Z,0.083086
2011-01-07T00:00:00.000Z,0.053525
2011-01-08T00:00:00.000Z,0.017654
2011-01-09T00:00:00.000Z,0.14
2011-01-10T00:00:00.000Z,0.068845
2011-01-11T00:00:00.000Z,0.041525
2011-01-12T00:00:00.000Z,0.290604
2011-01-13T00:00:00.000Z,0.024939
2011-01-14T00:00:00.000Z,0.064939
2011-01-15T00:00:00.000Z,0.104939
2011-01-16T00:00:00.000Z,0.086279
2011-01-17T00:00:00.000Z,0.158075
2011-01-18T00:00:00.000Z,0.037684
2011-01-19T00:00:00.000Z,0.05
2011-01-20T00:00:00.000Z,0.117367
2011-01-21T00:00:00.000Z,0.050486
2011-01-22T00:00:00.000Z,0.469234
2011-01-23T00:00:00.000Z,0.359059
2011-01-24T00:00:00.000Z,0.23
2011-01-25T00:00:00.000Z,0.129059
2011-01-26T00:00:00.000Z,0.11
2011-01-27T00:00:00.000Z,0.59
2011-01-28T00:00:00.000Z,0.06
2011-01-29T00:00:00.000Z,0.441956
2011-01-30T00:00:00.000Z,2.82
2011-01-31T00:00:00.000Z,0.76
2011-02-01T00:00:00.000Z,0.791088
2011-02-02T00:00:00.000Z,0.05
2011-02-03T00:00:00.000Z,0.16819
2011-02-04T00:00:00.000Z,0.123599
2011-02-05T00:00:00.000Z,0.158263
2011-02-06T00:00:00.000Z,0.121126
2011-02-07T00:00:00.000Z,0.315472
2011-02-08T00:00:00.000Z,0.17737
2011-02-09T00:00:00.000Z,0.065517
2011-02-10T00:00:00.000Z,0.872944
2011-02-11T00:00:00.000Z,0.499107
2011-02-12T00:00:00.000Z,0.741869
2011-02-13T00:00:00.000Z,0.24
2011-02-14T00:00:00.000Z,2.74
2011-02-15T00:00:00.000Z,0.243462
2011-02-16T00:00:00.000Z,0.59
2011-02-17T00:00:00.000Z,0.123462
2011-02-18T00:00:00.000Z,0.53
2011-02-19T00:00:00.000Z,0.54
2011-02-20T00:00:00.000Z,0.2
2011-02-21T00:00:00.000Z,0.41
2011-02-22T00:00:00.000Z,0.245468
2011-02-23T00:00:00.000Z,0.377854
2011-02-24T00:00:00.000Z,0.167695
2011-02-25T00:00:00.000Z,0.410972
2011-02-26T00:00:00.000Z,0.560496
2011-02-27T00:00:00.000Z,1.08
2011-02-28T00:00:00.000Z,0.517854
2011-03-01T00:00:00.000Z,0.422154
2011-03-02T00:00:00.000Z,0.3925
2011-03-03T00:00:00.000Z,7.07
2011-03-04T00:00:00.000Z,0.7207
2011-03-05T00:00:00.000Z,2.4
2011-03-06T00:00:00.000Z,5.2
2011-03-07T00:00:00.000Z,5.98
2011-03-08T00:00:00.000Z,3.93
2011-03-09T00:00:00.000Z,3.25
2011-03-10T00:00:00.000Z,2.23
2011-03-11T00:00:00.000Z,6.58
2011-03-12T00:00:00.000Z,1.55
2011-03-13T00:00:00.000Z,1.76
2011-03-14T00:00:00.000Z,1.78
2011-03-15T00:00:00.000Z,1.83
2011-03-16T00:00:00.000Z,1.81
2011-03-17T00:00:00.000Z,1.39
2011-03-18T00:00:00.000Z,1.35
2011-03-19T00:00:00.000Z,1.22
2011-03-20T00:00:00.000Z,2.49
2011-03-21T00:00:00.000Z,8.67
2011-03-22T00:00:00.000Z,10.53
2011-03-23T00:00:00.000Z,18.07
2011-03-24T00:00:00.000Z,8.27
2011-03-25T00:00:00.000Z,5.18
2011-03-26T00:00:00.000Z,4.53
2011-03-27T00:00:00.000Z,6.32
2011-03-28T00:00:00.000Z,4.41
2011-03-29T00:00:00.000Z,3.42
2011-03-30T00:00:00.000Z,4.13
2011-03-31T00:00:00.000Z,3.92
2011-04-01T00:00:00.000Z,3.4
2011-04-02T00:00:00.000Z,2.74
2011-04-03T00:00:00.000Z,4.25
2011-04-04T00:00:00.000Z,5.68
2011-04-05T00:00:00.000Z,5.27
2011-04-06T00:00:00.000Z,4.89
2011-04-07T00:00:00.000Z,2.99
2011-04-08T00:00:00.000Z,4.12
2011-04-09T00:00:00.000Z,4.21
2011-04-10T00:00:00.000Z,5.25
2011-04-11T00:00:00.000Z,4.37
2011-04-12T00:00:00.000Z,4.7
2011-04-13T00:00:00.000Z,4.06
2011-04-14T00:00:00.000Z,14.2
2011-04-15T00:00:00.000Z,2.5
2011-04-16T00:00:00.000Z,3.66
2011-04-17T00:00:00.000Z,2.16
2011-04-18T00:00:00.000Z,3.28
2011-04-19T00:00:00.000Z,5.65
2011-04-20T00:00:00.000Z,7.14
2011-04-21T00:00:00.000Z,3.37
2011-04-22T00:00:00.000Z,5.29
2011-04-23T00:00:00.000Z,5.27
2011-04-24T00:00:00.000Z,6.65
2011-04-25T00:00:00.000Z,8.71
2011-04-26T00:00:00.000Z,5.12
2011-04-27T00:00:00.000Z,9.21
2011-04-28T00:00:00.000Z,6.63
2011-04-29T00:00:00.000Z,7.42
2011-04-30T00:00:00.000Z,10.34
2011-05-01T00:00:00.000Z,11.33
2011-05-02T00:00:00.000Z,4.81
2011-05-03T00:00:00.000Z,4.82
2011-05-04T00:00:00.000Z,6.36
2011-05-05T00:00:00.000Z,9.49
2011-05-06T00:00:00.000Z,7.59
2011-05-07T00:00:00.000Z,6.66
2011-05-08T00:00:00.000Z,7.43
2011-05-09T00:00:00.000Z,10.89
2011-05-10T00:00:00.000Z,8.16
2011-05-11T00:00:00.000Z,7.99
2011-05-12T00:00:00.000Z,7.23
2011-05-13T00:00:00.000Z,11.54
2011-05-14T00:00:00.000Z,14.51
2011-05-15T00:00:00.000Z,14.9
2011-05-16T00:00:00.000Z,14.65
2011-05-17T00:00:00.000Z,13.79
2011-05-18T00:00:00.000Z,19.65
2011-05-19T00:00:00.000Z,16.22
2011-05-20T00:00:00.000Z,17.44
2011-05-21T00:00:00.000Z,21.09
2011-05-22T00:00:00.000Z,18.82
2011-05-23T00:00:00.000Z,17.89
2011-05-24T00:00:00.000Z,21.11
2011-05-25T00:00:00.000Z,20.84
2011-05-26T00:00:00.000Z,21.21
2011-05-27T00:00:00.000Z,13.84
2011-05-28T00:00:00.000Z,13.95
2011-05-29T00:00:00.000Z,13.8
2011-05-30T00:00:00.000Z,18.7
2011-05-31T00:00:00.000Z,19.95
2011-06-01T00:00:00.000Z,24.09
2011-06-02T00:00:00.000Z,23.68
2011-06-03T00:00:00.000Z,26.26
2011-06-04T00:00:00.000Z,32.18
2011-06-05T00:00:00.000Z,23.68
2011-06-06T00:00:00.000Z,29.3
2011-06-07T00:00:00.000Z,29.07
2011-06-08T00:00:00.000Z,44.39
2011-06-09T00:00:00.000Z,43.33
2011-06-10T00:00:00.000Z,38.41
2011-06-11T00:00:00.000Z,35.36
2011-06-12T00:00:00.000Z,44.31
2011-06-13T00:00:00.000Z,36.55
2011-06-14T00:00:00.000Z,36.23
2011-06-15T00:00:00.000Z,40.07
2011-06-16T00:00:00.000Z,31.89
2011-06-17T00:00:00.000Z,30.92
2011-06-18T00:00:00.000Z,28.33
2011-06-19T00:00:00.000Z,25.89
2011-06-20T00:00:00.000Z,20.28
2011-06-21T00:00:00.000Z,17.9
2011-06-22T00:00:00.000Z,17.72
2011-06-23T00:00:00.000Z,14.55
2011-06-24T00:00:00.000Z,16.4
2011-06-25T00:00:00.000Z,23.42
2011-06-26T00:00:00.000Z,25.25
2011-06-27T00:00:00.000Z,26.53
2011-06-28T00:00:00.000Z,19.85
2011-06-29T00:00:00.000Z,19.98
2011-06-30T00:00:00.000Z,17.7
2011-07-01T00:00:00.000Z,18.67
2011-07-02T00:00:00.000Z,14.74
2011-07-03T00:00:00.000Z,13.35
2011-07-04T00:00:00.000Z,16
2011-07-05T00:00:00.000Z,18.81
2011-07-06T00:00:00.000Z,17.01
2011-07-07T00:00:00.000Z,14.01
2011-07-08T00:00:00.000Z,13.23
2011-07-09T00:00:00.000Z,12.97
2011-07-10T00:00:00.000Z,12.51
2011-07-11T00:00:00.000Z,14.87
2011-07-12T00:00:00.000Z,12.79
2011-07-13T00:00:00.000Z,14.94
2011-07-14T00:00:00.000Z,13.39
2011-07-15T00:00:00.000Z,16.3
2011-07-16T00:00:00.000Z,11.15
2011-07-17T00:00:00.000Z,12.13
2011-07-18T00:00:00.000Z,12.94
2011-07-19T00:00:00.000Z,14.85
2011-07-20T00:00:00.000Z,10.57
2011-07-21T00:00:00.000Z,9
2011-07-22T00:00:00.000Z,13.54
2011-07-23T00:00:00.000Z,7.71
2011-07-24T00:00:00.000Z,10.2
2011-07-25T00:00:00.000Z,12.11
2011-07-26T00:00:00.000Z,7.83
2011-07-27T00:00:00.000Z,8.89
2011-07-28T00:00:00.000Z,7.54
2011-07-29T00:00:00.000Z,7.11
2011-07-30T00:00:00.000Z,5.71
2011-07-31T00:00:00.000Z,6.8
2011-08-01T00:00:00.000Z,7.7
2011-08-02T00:00:00.000Z,7.43
2011-08-03T00:00:00.000Z,8.2
2011-08-04T00:00:00.000Z,7.78
2011-08-05T00:00:00.000Z,6.38
2011-08-06T00:00:00.000Z,24.1
2011-08-07T00:00:00.000Z,6.54
2011-08-08T00:00:00.000Z,7.95
2011-08-09T00:00:00.000Z,11.69
2011-08-10T00:00:00.000Z,10.75
2011-08-11T00:00:00.000Z,7.11
2011-08-12T00:00:00.000Z,6.08
2011-08-13T00:00:00.000Z,6.89
2011-08-14T00:00:00.000Z,10.32
2011-08-15T00:00:00.000Z,9.74
2011-08-16T00:00:00.000Z,9.93
2011-08-17T00:00:00.000Z,6.74
2011-08-18T00:00:00.000Z,5.92
2011-08-19T00:00:00.000Z,7.77
2011-08-20T00:00:00.000Z,5.42
2011-08-21T00:00:00.000Z,5.69
2011-08-22T00:00:00.000Z,7.55
2011-08-23T00:00:00.000Z,6.96
2011-08-24T00:00:00.000Z,8.7
2011-08-25T00:00:00.000Z,6
2011-08-26T00:00:00.000Z,4.69
2011-08-27T00:00:00.000Z,5.03
2011-08-28T00:00:00.000Z,4.51
2011-08-29T00:00:00.000Z,5.35
2011-08-30T00:00:00.000Z,9.82
2011-08-31T00:00:00.000Z,5.91
2011-09-01T00:00:00.000Z,5.61
2011-09-02T00:00:00.000Z,6.84
2011-09-03T00:00:00.000Z,3.83
2011-09-04T00:00:00.000Z,9.87
2011-09-05T00:00:00.000Z,7.17
2011-09-06T00:00:00.000Z,6.52
2011-09-07T00:00:00.000Z,8.14
2011-09-08T00:00:00.000Z,4.67
2011-09-09T00:00:00.000Z,7.67
2011-09-10T00:00:00.000Z,5.36
2011-09-11T00:00:00.000Z,5.1
2011-09-12T00:00:00.000Z,5.37
2011-09-13T00:00:00.000Z,4.16
2011-09-14T00:00:00.000Z,3.78
2011-09-15T00:00:00.000Z,7.32
2011-09-16T00:00:00.000Z,4.97
2011-09-17T00:00:00.000Z,5.16
2011-09-18T00:00:00.000Z,5.38
2011-09-19T00:00:00.000Z,5.93
2011-09-20T00:00:00.000Z,6.57
2011-09-21T00:00:00.000Z,5.18
2011-09-22T00:00:00.000Z,3.78
2011-09-23T00:00:00.000Z,4.23
2011-09-24T00:00:00.000Z,6.72
2011-09-25T00:00:00.000Z,3.37
2011-09-19T00:00:00.000Z,3.37
2011-09-26T00:00:00.000Z,25.83
2011-10-03T00:00:00.000Z,35.31
2011-10-10T00:00:00.000Z,27.36
2011-10-17T00:00:00.000Z,25.08
2011-10-24T00:00:00.000Z,21.8
2011-10-31T00:00:00.000Z,23.37
2011-11-07T00:00:00.000Z,21.67
2011-11-14T00:00:00.000Z,22.68
2011-11-21T00:00:00.000Z,22.91
2011-11-28T00:00:00.000Z,27.66
2011-12-05T00:00:00.000Z,239.96
2011-12-12T00:00:00.000Z,202.49
2011-12-19T00:00:00.000Z,25.6
2011-12-26T00:00:00.000Z,24.4
2012-01-02T00:00:00.000Z,45.49
2012-01-09T00:00:00.000Z,94.19
2012-01-16T00:00:00.000Z,117.59
2012-01-23T00:00:00.000Z,283.93
2012-01-30T00:00:00.000Z,72.49
2012-02-06T00:00:00.000Z,35.42
2012-02-13T00:00:00.000Z,46.5
2012-02-20T00:00:00.000Z,26.93
2012-02-27T00:00:00.000Z,31.43
2012-03-05T00:00:00.000Z,29.55
2012-03-12T00:00:00.000Z,39.49
2012-03-19T00:00:00.000Z,41.85
2012-03-26T00:00:00.000Z,29.88
2012-04-02T00:00:00.000Z,31.49
2012-04-09T00:00:00.000Z,36.24
2012-04-16T00:00:00.000Z,41.78
2012-04-23T00:00:00.000Z,46.59
2012-04-30T00:00:00.000Z,55.78
2012-05-07T00:00:00.000Z,83.86
2012-05-14T00:00:00.000Z,141.93
2012-05-21T00:00:00.000Z,123.3
2012-05-28T00:00:00.000Z,110.69
2012-06-04T00:00:00.000Z,156.13
2012-06-11T00:00:00.000Z,193.86
2012-06-18T00:00:00.000Z,159.35
2012-06-25T00:00:00.000Z,103.79
2012-07-02T00:00:00.000Z,127.42
2012-07-09T00:00:00.000Z,119.96
2012-07-16T00:00:00.000Z,163.63
2012-07-23T00:00:00.000Z,127.21
2012-07-30T00:00:00.000Z,147.74
2012-08-06T00:00:00.000Z,194.78
2012-08-13T00:00:00.000Z,179.39
2012-08-20T00:00:00.000Z,159.54
2012-08-27T00:00:00.000Z,203.55
2012-09-03T00:00:00.000Z,179.49
2012-09-10T00:00:00.000Z,144.76
2012-09-17T00:00:00.000Z,139.19
2012-09-24T00:00:00.000Z,163.42
2012-10-01T00:00:00.000Z,273.13
2012-10-08T00:00:00.000Z,157.58
2012-10-15T00:00:00.000Z,189.06
2012-10-22T00:00:00.000Z,127.7
2012-10-29T00:00:00.000Z,149.57
2012-11-05T00:00:00.000Z,164.33
2012-11-12T00:00:00.000Z,177.77
2012-11-19T00:00:00.000Z,186.62
2012-11-26T00:00:00.000Z,245.97
2012-12-03T00:00:00.000Z,179.26
2012-12-10T00:00:00.000Z,220.33
2012-12-17T00:00:00.000Z,248.71
2012-12-24T00:00:00.000Z,219.85
2012-12-31T00:00:00.000Z,224.28
2013-01-07T00:00:00.000Z,372.9
2013-01-14T00:00:00.000Z,281.68
2013-01-21T00:00:00.000Z,288.26
2013-01-28T00:00:00.000Z,353.68
2013-02-04T00:00:00.000Z,308
2013-02-11T00:00:00.000Z,351.75
2013-02-18T00:00:00.000Z,339.37
2013-02-25T00:00:00.000Z,402.95
2013-03-04T00:00:00.000Z,486.6
2013-03-11T00:00:00.000Z,350.01
2013-03-18T00:00:00.000Z,338.19
2013-03-25T00:00:00.000Z,381.55
2013-04-01T00:00:00.000Z,401.46
2013-04-08T00:00:00.000Z,373.65
2013-04-15T00:00:00.000Z,384.81
2013-04-22T00:00:00.000Z,343.18
2013-04-29T00:00:00.000Z,312.6
2013-05-06T00:00:00.000Z,400.1
2013-05-13T00:00:00.000Z,395.86
2013-05-20T00:00:00.000Z,323.45
2013-05-27T00:00:00.000Z,338.45
2013-06-03T00:00:00.000Z,335.77
2013-06-10T00:00:00.000Z,266.2
2013-06-17T00:00:00.000Z,313.4
2013-06-24T00:00:00.000Z,245.6
2013-07-01T00:00:00.000Z,191.92
2013-07-08T00:00:00.000Z,216.59
2013-07-15T00:00:00.000Z,197.94
2013-07-22T00:00:00.000Z,199.91
2013-07-29T00:00:00.000Z,242.74
2013-08-05T00:00:00.000Z,256.57
2013-08-12T00:00:00.000Z,284.44
2013-08-19T00:00:00.000Z,245.61
2013-08-26T00:00:00.000Z,468.62
2013-09-02T00:00:00.000Z,222.45
2013-09-09T00:00:00.000Z,177.8
2013-09-16T00:00:00.000Z,623.26
2013-09-23T00:00:00.000Z,262.98
2013-09-30T00:00:00.000Z,213.41
2013-10-07T00:00:00.000Z,196.86
2013-10-14T00:00:00.000Z,258.51
2013-10-21T00:00:00.000Z,320.06
2013-10-28T00:00:00.000Z,224.75
2013-11-04T00:00:00.000Z,581.94
2013-11-11T00:00:00.000Z,179.59
2013-11-18T00:00:00.000Z,172.52
2013-11-25T00:00:00.000Z,171.14
2013-12-02T00:00:00.000Z,153
2013-12-09T00:00:00.000Z,105.39
2013-12-16T00:00:00.000Z,106.19
2013-12-23T00:00:00.000Z,88.35
2013-12-30T00:00:00.000Z,85.95
2014-01-06T00:00:00.000Z,108.56
2014-01-13T00:00:00.000Z,96.99
2014-01-20T00:00:00.000Z,101.35
2014-01-27T00:00:00.000Z,90.83
2014-02-03T00:00:00.000Z,93.41
2014-02-10T00:00:00.000Z,97.3
2014-02-17T00:00:00.000Z,104.44
2014-02-24T00:00:00.000Z,102.04
2014-03-03T00:00:00.000Z,101.36
2014-03-10T00:00:00.000Z,99.68
2014-03-17T00:00:00.000Z,93.43
2014-03-24T00:00:00.000Z,89.46
2014-03-31T00:00:00.000Z,86.69
2014-04-07T00:00:00.000Z,96.91
2014-04-14T00:00:00.000Z,96.75
2014-04-21T00:00:00.000Z,91.81
2014-04-28T00:00:00.000Z,81.26
2014-05-05T00:00:00.000Z,91.03
2014-05-12T00:00:00.000Z,80.85
2014-05-19T00:00:00.000Z,84.45
2014-05-26T00:00:00.000Z,82.63
2014-06-02T00:00:00.000Z,77.93
2014-06-09T00:00:00.000Z,77.13
2014-06-16T00:00:00.000Z,68.55
2014-06-16T00:00:00.000Z,18.21
2014-06-23T00:00:00.000Z,73.54
2014-06-30T00:00:00.000Z,76.37
2014-07-07T00:00:00.000Z,75.38
2014-07-14T00:00:00.000Z,79.94
2014-07-21T00:00:00.000Z,71.95
2014-07-28T00:00:00.000Z,70.73
2014-08-04T00:00:00.000Z,77.65
2014-08-11T00:00:00.000Z,111.81
2014-08-18T00:00:00.000Z,76.38
2014-08-25T00:00:00.000Z,78.41
2014-09-01T00:00:00.000Z,85.28
2014-09-08T00:00:00.000Z,80.7
2014-09-15T00:00:00.000Z,81.41
2014-09-22T00:00:00.000Z,119.12
2014-09-29T00:00:00.000Z,85.02
2014-10-06T00:00:00.000Z,86.82
2014-10-13T00:00:00.000Z,83.69
2014-10-20T00:00:00.000Z,86.12
2014-10-27T00:00:00.000Z,93.14
2014-11-03T00:00:00.000Z,97.17
2014-11-10T00:00:00.000Z,92.28
2014-11-17T00:00:00.000Z,90.26
2014-11-24T00:00:00.000Z,84.97
2014-12-01T00:00:00.000Z,91.07
2014-12-08T00:00:00.000Z,86.86
2014-12-15T00:00:00.000Z,96.42
2014-12-22T00:00:00.000Z,97.33
2014-12-29T00:00:00.000Z,93.11
2015-01-05T00:00:00.000Z,102
2015-01-12T00:00:00.000Z,122.75
2015-01-19T00:00:00.000Z,94.06
2015-01-26T00:00:00.000Z,88.82
2015-02-02T00:00:00.000Z,85.43
2015-02-09T00:00:00.000Z,102.44
2015-02-16T00:00:00.000Z,100.3
2015-02-23T00:00:00.000Z,100.13
2015-03-02T00:00:00.000Z,103.51
2015-03-09T00:00:00.000Z,98.44
2015-03-16T00:00:00.000Z,103.38
2015-03-23T00:00:00.000Z,100.88
2015-03-30T00:00:00.000Z,107.82
2015-04-06T00:00:00.000Z,125.33
2015-04-13T00:00:00.000Z,103.8
2015-04-20T00:00:00.000Z,192.57
2015-04-27T00:00:00.000Z,105.57
2015-05-04T00:00:00.000Z,108.71
2015-05-11T00:00:00.000Z,104.24
2015-05-18T00:00:00.000Z,101.66
2015-05-25T00:00:00.000Z,140.16
2015-06-01T00:00:00.000Z,118.25
2015-06-08T00:00:00.000Z,123.84
2015-06-15T00:00:00.000Z,147.55
2015-06-22T00:00:00.000Z,130.02
2015-06-29T00:00:00.000Z,155.81
2015-07-06T00:00:00.000Z,290.28
2015-07-13T00:00:00.000Z,202.23
2015-07-20T00:00:00.000Z,184.36
2015-07-27T00:00:00.000Z,223.52
2015-08-03T00:00:00.000Z,199.7
2015-08-10T00:00:00.000Z,168.68
2015-08-17T00:00:00.000Z,165.34
2015-08-24T00:00:00.000Z,165.81
2015-08-31T00:00:00.000Z,209.5
2015-09-07T00:00:00.000Z,202.82
2015-09-14T00:00:00.000Z,181.73
2015-09-21T00:00:00.000Z,180.5
2015-09-28T00:00:00.000Z,176.26
2015-10-05T00:00:00.000Z,168.25
2015-10-12T00:00:00.000Z,184.2
2015-10-19T00:00:00.000Z,198.2
2015-10-26T00:00:00.000Z,207.7
2015-11-02T00:00:00.000Z,228.22
2015-11-09T00:00:00.000Z,185.63
2015-11-16T00:00:00.000Z,180.1
2015-11-23T00:00:00.000Z,180.52
2015-11-30T00:00:00.000Z,217.84
2015-12-07T00:00:00.000Z,252.51
2015-12-14T00:00:00.000Z,262.11
2015-12-21T00:00:00.000Z,244.4
2015-12-28T00:00:00.000Z,194.08
2016-01-04T00:00:00.000Z,221.16
2016-01-11T00:00:00.000Z,243.57
2016-01-18T00:00:00.000Z,299.94
2016-01-25T00:00:00.000Z,310.08
2016-02-01T00:00:00.000Z,319.67
2016-02-08T00:00:00.000Z,282.35
2016-02-15T00:00:00.000Z,299.11
2016-02-22T00:00:00.000Z,310.23
2016-02-29T00:00:00.000Z,416.36
2016-03-07T00:00:00.000Z,294.4
2016-03-14T00:00:00.000Z,289.27
2016-03-21T00:00:00.000Z,260.91
2016-03-28T00:00:00.000Z,341.92
2016-04-04T00:00:00.000Z,309.53
2016-04-11T00:00:00.000Z,304.56
2016-04-18T00:00:00.000Z,285.96
2016-04-25T00:00:00.000Z,602.09
2016-05-02T00:00:00.000Z,298.3
2016-05-09T00:00:00.000Z,322.4
2016-05-16T00:00:00.000Z,383.83
2016-05-23T00:00:00.000Z,401.02
2016-05-30T00:00:00.000Z,370.22
2016-06-06T00:00:00.000Z,359.77
2016-06-13T00:00:00.000Z,511.23
2016-06-20T00:00:00.000Z,496.64
2016-06-27T00:00:00.000Z,400.44
2016-07-04T00:00:00.000Z,366.43
2016-07-11T00:00:00.000Z,372.95
2016-07-18T00:00:00.000Z,421.67
2016-07-25T00:00:00.000Z,497.61
2016-08-01T00:00:00.000Z,501.02
2016-08-08T00:00:00.000Z,511.33
2016-08-15T00:00:00.000Z,494.31
2016-08-22T00:00:00.000Z,429.51
2016-08-29T00:00:00.000Z,413.49
2016-09-05T00:00:00.000Z,409.03
2016-09-12T00:00:00.000Z,420.7
2016-09-19T00:00:00.000Z,430.78
2016-09-26T00:00:00.000Z,437.41
2016-10-03T00:00:00.000Z,494.62
2016-10-10T00:00:00.000Z,472.19
2016-10-17T00:00:00.000Z,511.59
2016-10-24T00:00:00.000Z,632.91
2016-10-31T00:00:00.000Z,542.61
2016-11-07T00:00:00.000Z,547.87
2016-11-14T00:00:00.000Z,558.03
2016-11-21T00:00:00.000Z,762.23
2016-11-28T00:00:00.000Z,727.27
2016-12-05T00:00:00.000Z,689.28
2016-12-12T00:00:00.000Z,645.79
2016-12-19T00:00:00.000Z,673
2016-12-26T00:00:00.000Z,646.81
2017-01-02T00:00:00.000Z,864.07
2017-01-09T00:00:00.000Z,705.39
2017-01-16T00:00:00.000Z,719.92
2017-01-23T00:00:00.000Z,867.16
2017-01-30T00:00:00.000Z,1015.28
2017-02-06T00:00:00.000Z,1016.39
2017-02-13T00:00:00.000Z,1029.21
2017-02-20T00:00:00.000Z,1298.61
2017-02-27T00:00:00.000Z,1601.25
2017-03-06T00:00:00.000Z,1645.37
2017-03-13T00:00:00.000Z,1222.68
2017-03-13T00:00:00.000Z,673.27
2017-03-20T00:00:00.000Z,1559.85
2017-03-27T00:00:00.000Z,1433.06
2017-04-03T00:00:00.000Z,1444.18
2017-04-10T00:00:00.000Z,1448.33
2017-04-17T00:00:00.000Z,1433.24
2017-04-24T00:00:00.000Z,1675.25
2017-05-01T00:00:00.000Z,1889.79
2017-05-08T00:00:00.000Z,2122.98
2017-05-15T00:00:00.000Z,2732.02
2017-05-22T00:00:00.000Z,3266.95
2017-05-29T00:00:00.000Z,3680.57
2017-06-05T00:00:00.000Z,3348.48
2017-06-12T00:00:00.000Z,2744.19
2017-06-19T00:00:00.000Z,2589.91
2017-06-26T00:00:00.000Z,2280.52
2017-07-03T00:00:00.000Z,1634.78
2017-07-10T00:00:00.000Z,1606.95
2017-07-17T00:00:00.000Z,1399.58
2017-07-24T00:00:00.000Z,1152.28
2017-07-31T00:00:00.000Z,840.38
2017-08-07T00:00:00.000Z,1267.44
2017-08-14T00:00:00.000Z,2125.34
2017-08-21T00:00:00.000Z,2770.09
2017-08-28T00:00:00.000Z,2554.03
2017-09-04T00:00:00.000Z,1643.1
2017-09-11T00:00:00.000Z,990.25
2017-09-18T00:00:00.000Z,925.3
2017-09-25T00:00:00.000Z,911.23
2017-10-02T00:00:00.000Z,999.12
2017-10-09T00:00:00.000Z,1311.02
2017-10-16T00:00:00.000Z,1271.34
2017-10-23T00:00:00.000Z,1260.62
2017-10-30T00:00:00.000Z,1812.69
2017-11-06T00:00:00.000Z,2378.61
2017-11-13T00:00:00.000Z,3443.22
2017-11-20T00:00:00.000Z,1782.04
2017-11-27T00:00:00.000Z,1668.07
2017-12-04T00:00:00.000Z,2734.19
2017-12-11T00:00:00.000Z,3932.64
2017-12-18T00:00:00.000Z,6732.76
2017-12-25T00:00:00.000Z,5095.18
2018-01-01T00:00:00.000Z,4728.47
2018-01-08T00:00:00.000Z,4502.14
2018-01-15T00:00:00.000Z,3712.75
2018-01-22T00:00:00.000Z,1637.65
2018-01-29T00:00:00.000Z,1214.89
2018-02-05T00:00:00.000Z,788.67
2018-02-12T00:00:00.000Z,417.86
2018-02-19T00:00:00.000Z,392.92
2018-02-26T00:00:00.000Z,313.53
2018-03-05T00:00:00.000Z,266.97
2018-03-12T00:00:00.000Z,244.33
2018-03-19T00:00:00.000Z,189.16
2018-03-26T00:00:00.000Z,169.91
2018-04-02T00:00:00.000Z,178.52
2018-04-09T00:00:00.000Z,188.3
2018-04-16T00:00:00.000Z,184.03
2018-04-23T00:00:00.000Z,386.33
2018-04-30T00:00:00.000Z,249.6
2018-05-07T00:00:00.000Z,217.77
2018-05-14T00:00:00.000Z,286.06
2018-05-21T00:00:00.000Z,190.75
2018-05-28T00:00:00.000Z,154.04
2018-06-04T00:00:00.000Z,132.67
2018-06-11T00:00:00.000Z,175.13
2018-06-18T00:00:00.000Z,506.04
2018-06-25T00:00:00.000Z,194.15
2018-07-02T00:00:00.000Z,146.61
2018-07-09T00:00:00.000Z,131.69
2018-07-16T00:00:00.000Z,164.45
2018-07-23T00:00:00.000Z,159.61
2018-07-30T00:00:00.000Z,150.69
2018-08-06T00:00:00.000Z,126.45
2018-08-13T00:00:00.000Z,150.97
2018-08-20T00:00:00.000Z,165.43
2018-08-27T00:00:00.000Z,186.39
2018-09-03T00:00:00.000Z,172.25
2018-09-10T00:00:00.000Z,137.45
2018-09-17T00:00:00.000Z,130.57
2018-09-24T00:00:00.000Z,143.07
2018-10-01T00:00:00.000Z,139.6
2018-10-08T00:00:00.000Z,111.66
2018-10-15T00:00:00.000Z,123.77
2018-10-22T00:00:00.000Z,115.29
2018-10-29T00:00:00.000Z,117.24
2018-11-05T00:00:00.000Z,132.43
2018-11-12T00:00:00.000Z,178.23
2018-11-19T00:00:00.000Z,298.6
2018-11-26T00:00:00.000Z,254.61
2018-12-03T00:00:00.000Z,185.19
2018-12-10T00:00:00.000Z,149.06
2018-12-17T00:00:00.000Z,173.3
2018-12-24T00:00:00.000Z,121.64
2018-12-31T00:00:00.000Z,112.79
2019-01-07T00:00:00.000Z,150.4
2019-01-14T00:00:00.000Z,142.68
2019-01-21T00:00:00.000Z,147.09
2019-01-28T00:00:00.000Z,164.35
2019-02-04T00:00:00.000Z,125.11
2019-02-11T00:00:00.000Z,187.28
2019-02-18T00:00:00.000Z,232.48
2019-02-25T00:00:00.000Z,214.85
2019-03-04T00:00:00.000Z,212.24
2019-03-11T00:00:00.000Z,206.2
2019-03-18T00:00:00.000Z,168.19
2019-03-25T00:00:00.000Z,324.22
2019-04-01T00:00:00.000Z,754.09
2019-04-08T00:00:00.000Z,696.75
2019-04-15T00:00:00.000Z,491.94
2019-04-22T00:00:00.000Z,585.41
2019-04-29T00:00:00.000Z,491.55
2019-05-06T00:00:00.000Z,740.84
2019-05-13T00:00:00.000Z,1153.48
2019-05-20T00:00:00.000Z,1145.17
2019-05-27T00:00:00.000Z,1240.46
2019-06-03T00:00:00.000Z,941.37
2019-06-10T00:00:00.000Z,701.75
2019-06-17T00:00:00.000Z,781.86
2019-06-24T00:00:00.000Z,1003.32
2019-07-01T00:00:00.000Z,595.55
2019-07-08T00:00:00.000Z,456.28
2019-07-15T00:00:00.000Z,421.93
2019-07-22T00:00:00.000Z,317.7
2019-07-29T00:00:00.000Z,292.21
2019-08-05T00:00:00.000Z,364.62
2019-08-12T00:00:00.000Z,354.07
2019-08-19T00:00:00.000Z,287.73
2019-08-26T00:00:00.000Z,213.5
2019-09-02T00:00:00.000Z,227.64
2019-09-09T00:00:00.000Z,201.16
2019-09-16T00:00:00.000Z,210.54
2019-09-23T00:00:00.000Z,224.55
2019-09-30T00:00:00.000Z,227.81
2019-10-07T00:00:00.000Z,180.97
2019-10-14T00:00:00.000Z,163.35
2019-10-21T00:00:00.000Z,220.79
2019-10-28T00:00:00.000Z,236.52
2019-11-04T00:00:00.000Z,264.62
2019-11-11T00:00:00.000Z,195.84
2019-11-18T00:00:00.000Z,205
2019-11-25T00:00:00.000Z,213.93
2019-12-02T00:00:00.000Z,161.95
2019-12-09T00:00:00.000Z,92.21
2019-12-09T00:00:00.000Z,80.85
2019-12-16T00:00:00.000Z,156.18
2019-12-23T00:00:00.000Z,112.05
2019-12-30T00:00:00.000Z,95.09
2020-01-06T00:00:00.000Z,172.15
2020-01-13T00:00:00.000Z,157.64
2020-01-20T00:00:00.000Z,119.05
2020-01-27T00:00:00.000Z,139.81
2020-02-03T00:00:00.000Z,170.5
2020-02-10T00:00:00.000Z,217.55
2020-02-17T00:00:00.000Z,173.14
2020-02-24T00:00:00.000Z,162.96
2020-03-02T00:00:00.000Z,157.6
2020-03-09T00:00:00.000Z,323.77
2020-03-16T00:00:00.000Z,411.46
2020-03-23T00:00:00.000Z,288.09
2020-03-30T00:00:00.000Z,163.21
2020-04-06T00:00:00.000Z,139.68
2020-04-13T00:00:00.000Z,154.77
2020-04-20T00:00:00.000Z,197.48
2020-04-27T00:00:00.000Z,450
2020-05-04T00:00:00.000Z,550.25
2020-05-11T00:00:00.000Z,823.62
2020-05-18T00:00:00.000Z,1080.15
2020-05-25T00:00:00.000Z,562.66
2020-06-01T00:00:00.000Z,436.45
2020-06-08T00:00:00.000Z,221.17
2020-06-15T00:00:00.000Z,281.92
2020-06-22T00:00:00.000Z,241.56
2020-06-29T00:00:00.000Z,305.97
2020-07-06T00:00:00.000Z,286.11
2020-07-13T00:00:00.000Z,445.94
2020-07-20T00:00:00.000Z,749.07
2020-07-27T00:00:00.000Z,1069.83
2020-08-03T00:00:00.000Z,852.78
2020-08-10T00:00:00.000Z,753.98
2020-08-17T00:00:00.000Z,806.79
2020-08-24T00:00:00.000Z,633.13
2020-08-31T00:00:00.000Z,825.4
2020-09-07T00:00:00.000Z,582.73
2020-09-14T00:00:00.000Z,451.2
2020-09-21T00:00:00.000Z,470.42
2020-09-28T00:00:00.000Z,587
2020-10-05T00:00:00.000Z,663.77
2020-10-12T00:00:00.000Z,436.28
2020-10-19T00:00:00.000Z,714.06
2020-10-26T00:00:00.000Z,1493.65
2020-11-02T00:00:00.000Z,1435.11
2020-11-09T00:00:00.000Z,709.58
2020-11-16T00:00:00.000Z,521.44
2020-11-23T00:00:00.000Z,526.19
2020-11-30T00:00:00.000Z,721.7
2020-12-07T00:00:00.000Z,446.27
2020-12-14T00:00:00.000Z,761.14
2020-12-21T00:00:00.000Z,775.19
2020-12-28T00:00:00.000Z,639.17
2021-01-04T00:00:00.000Z,810.49
2021-01-11T00:00:00.000Z,879.32
2021-01-18T00:00:00.000Z,644.81
2021-01-25T00:00:00.000Z,757.87
2021-02-01T00:00:00.000Z,924.28
2021-02-08T00:00:00.000Z,1135.06
2021-02-15T00:00:00.000Z,956.52
2021-02-22T00:00:00.000Z,993.33
2021-03-01T00:00:00.000Z,763.75
2021-03-08T00:00:00.000Z,739.57
2021-03-15T00:00:00.000Z,727.34
2021-03-22T00:00:00.000Z,538.91
2021-03-29T00:00:00.000Z,610.36
2021-04-05T00:00:00.000Z,662.86
2021-04-12T00:00:00.000Z,1003.7
2021-04-19T00:00:00.000Z,1627.27
2021-04-26T00:00:00.000Z,941.11
2021-05-03T00:00:00.000Z,681.36
2021-05-10T00:00:00.000Z,519.47
2021-05-17T00:00:00.000Z,713.35
2021-05-24T00:00:00.000Z,480.15
2021-05-31T00:00:00.000Z,288.34
2021-06-07T00:00:00.000Z,248.92
2021-06-14T00:00:00.000Z,225.27
2021-06-21T00:00:00.000Z,291.84
2021-06-28T00:00:00.000Z,406.29
2021-07-05T00:00:00.000Z,226.36
2021-07-12T00:00:00.000Z,150.05
2021-07-19T00:00:00.000Z,107.36
2021-07-26T00:00:00.000Z,100.31
2021-08-02T00:00:00.000Z,90.7
2021-08-09T00:00:00.000Z,97.81
2021-08-16T00:00:00.000Z,99.1
2021-08-23T00:00:00.000Z,85.13
2021-08-30T00:00:00.000Z,104.9
2021-09-06T00:00:00.000Z,98
2021-09-13T00:00:00.000Z,98.77
2021-09-20T00:00:00.000Z,89.61
2021-09-27T00:00:00.000Z,89.56
2021-10-04T00:00:00.000Z,122.06
2021-10-11T00:00:00.000Z,120.23
2021-10-18T00:00:00.000Z,106.15
2021-10-25T00:00:00.000Z,88.34
2021-11-01T00:00:00.000Z,103.04
2021-11-08T00:00:00.000Z,107.59
2021-11-15T00:00:00.000Z,86.27
2021-11-22T00:00:00.000Z,83.85
2021-11-29T00:00:00.000Z,115.8
2021-12-06T00:00:00.000Z,72.82
2021-12-13T00:00:00.000Z,75.51
2021-12-20T00:00:00.000Z,72.87
2021-12-27T00:00:00.000Z,101.73
2022-01-03T00:00:00.000Z,87.81
2022-01-10T00:00:00.000Z,68.73
2022-01-17T00:00:00.000Z,68.14
2022-01-24T00:00:00.000Z,81.55
2022-01-31T00:00:00.000Z,88.97
2022-02-07T00:00:00.000Z,101.04
2022-02-14T00:00:00.000Z,65.66
2022-02-21T00:00:00.000Z,62.2
2022-02-28T00:00:00.000Z,114.37
2022-03-07T00:00:00.000Z,70.46
2022-03-14T00:00:00.000Z,65.96
2022-03-21T00:00:00.000Z,71.07
2022-03-28T00:00:00.000Z,91.56
2022-04-04T00:00:00.000Z,70.21
2022-04-11T00:00:00.000Z,64.78
2022-04-18T00:00:00.000Z,63.55
2022-04-25T00:00:00.000Z,78.47
2022-05-02T00:00:00.000Z,98.25
2022-05-09T00:00:00.000Z,161.93
2022-05-16T00:00:00.000Z,114.33
2022-05-23T00:00:00.000Z,108.33
2022-05-30T00:00:00.000Z,105.5
2022-06-06T00:00:00.000Z,79.94
2022-06-13T00:00:00.000Z,158.98
2022-06-20T00:00:00.000Z,105.52
2022-06-27T00:00:00.000Z,99.92
2022-07-04T00:00:00.000Z,133.58
2022-07-11T00:00:00.000Z,147.39
2022-07-18T00:00:00.000Z,144.71
2022-07-25T00:00:00.000Z,94.11
2022-08-01T00:00:00.000Z,107.02
2022-08-08T00:00:00.000Z,112.97
2022-08-15T00:00:00.000Z,83.23
2022-08-22T00:00:00.000Z,70.31
2022-08-29T00:00:00.000Z,94.15
2022-09-05T00:00:00.000Z,44.12
2022-09-07T00:00:00.000Z,14.78
2022-09-08T00:00:00.000Z,15.39
2022-09-09T00:00:00.000Z,17.52
2022-09-10T00:00:00.000Z,12.41
2022-09-11T00:00:00.000Z,10.22
2022-09-12T00:00:00.000Z,12.97
2022-09-13T00:00:00.000Z,15.56
2022-09-14T00:00:00.000Z,17.12
2022-09-15T00:00:00.000Z,17.31
2022-09-16T00:00:00.000Z,19.07
2022-09-17T00:00:00.000Z,16.85
2022-09-18T00:00:00.000Z,12.18
2022-09-19T00:00:00.000Z,13.12
2022-09-20T00:00:00.000Z,14.74
2022-09-21T00:00:00.000Z,14.01
2022-09-22T00:00:00.000Z,12.92
2022-09-23T00:00:00.000Z,15.76
2022-09-24T00:00:00.000Z,11.21
2022-09-25T00:00:00.000Z,10.51
2022-09-26T00:00:00.000Z,14.47
2022-09-27T00:00:00.000Z,16.78
2022-09-28T00:00:00.000Z,14.03
2022-09-29T00:00:00.000Z,14.88
2022-09-30T00:00:00.000Z,16.58
2022-10-01T00:00:00.000Z,12.31
2022-10-02T00:00:00.000Z,9.03
2022-10-03T00:00:00.000Z,11.48
2022-10-04T00:00:00.000Z,10.25
2022-10-05T00:00:00.000Z,9.21
2022-10-06T00:00:00.000Z,10.18
2022-10-07T00:00:00.000Z,10.59
2022-10-08T00:00:00.000Z,6.68
2022-10-09T00:00:00.000Z,5.93
2022-10-10T00:00:00.000Z,8.09
2022-10-11T00:00:00.000Z,8.84
2022-10-12T00:00:00.000Z,9.43
2022-10-13T00:00:00.000Z,14.79
2022-10-14T00:00:00.000Z,14.97
2022-10-15T00:00:00.000Z,9.3
2022-10-16T00:00:00.000Z,8.21
2022-10-17T00:00:00.000Z,13.05
2022-10-18T00:00:00.000Z,16.72
2022-10-19T00:00:00.000Z,16.73
2022-10-20T00:00:00.000Z,12.78
2022-10-21T00:00:00.000Z,11.79
2022-10-22T00:00:00.000Z,9.28
2022-10-23T00:00:00.000Z,7.76
2022-10-24T00:00:00.000Z,11.95
2022-10-25T00:00:00.000Z,16.8
2022-10-26T00:00:00.000Z,23.55
2022-10-27T00:00:00.000Z,17.36
2022-10-28T00:00:00.000Z,18.72
2022-10-29T00:00:00.000Z,14.67
2022-10-30T00:00:00.000Z,12.73
2022-10-31T00:00:00.000Z,15.41
2022-11-01T00:00:00.000Z,14.95
2022-11-02T00:00:00.000Z,16.72
2022-11-03T00:00:00.000Z,18.92
2022-11-04T00:00:00.000Z,19.66
2022-11-05T00:00:00.000Z,16.02
2022-11-06T00:00:00.000Z,13.76
2022-11-07T00:00:00.000Z,15.89
2022-11-08T00:00:00.000Z,21.88
2022-11-09T00:00:00.000Z,24.96
2022-11-10T00:00:00.000Z,24.34
2022-11-11T00:00:00.000Z,21.93
2022-11-12T00:00:00.000Z,16.18
2022-11-13T00:00:00.000Z,16.37
2022-11-14T00:00:00.000Z,22.85
2022-11-15T00:00:00.000Z,36.31
2022-11-16T00:00:00.000Z,35.52
2022-11-17T00:00:00.000Z,34.54
2022-11-18T00:00:00.000Z,43.73
2022-11-19T00:00:00.000Z,27.06
2022-11-20T00:00:00.000Z,19.44
2022-11-21T00:00:00.000Z,25.37
2022-11-22T00:00:00.000Z,26.78
2022-11-23T00:00:00.000Z,28.85
2022-11-24T00:00:00.000Z,27.96
2022-11-25T00:00:00.000Z,27.05
2022-11-26T00:00:00.000Z,23.66
2022-11-27T00:00:00.000Z,17.78
2022-11-28T00:00:00.000Z,22.94
2022-11-29T00:00:00.000Z,23.25
2022-11-30T00:00:00.000Z,27.12
2022-12-01T00:00:00.000Z,29.32
2022-12-02T00:00:00.000Z,28.78
2022-12-03T00:00:00.000Z,23.08
2022-12-04T00:00:00.000Z,16.9
2022-12-05T00:00:00.000Z,21.33
2022-12-06T00:00:00.000Z,22.5
2022-12-07T00:00:00.000Z,18.32
2022-12-08T00:00:00.000Z,14.88
2022-12-09T00:00:00.000Z,13.76
2022-12-10T00:00:00.000Z,12.26
2022-12-11T00:00:00.000Z,8.19
2022-12-12T00:00:00.000Z,12.61
2022-12-13T00:00:00.000Z,13.22
2022-12-14T00:00:00.000Z,15.09
2022-12-15T00:00:00.000Z,20.35
2022-12-16T00:00:00.000Z,16.57
2022-12-17T00:00:00.000Z,17.43
2022-12-18T00:00:00.000Z,11.58
2022-12-19T00:00:00.000Z,18.07
2022-12-20T00:00:00.000Z,18.05
2022-12-21T00:00:00.000Z,16.53
2022-12-22T00:00:00.000Z,17.14
2022-12-23T00:00:00.000Z,17.37
2022-12-24T00:00:00.000Z,17.64
2022-12-25T00:00:00.000Z,13.71
2022-12-26T00:00:00.000Z,17.54
2022-12-27T00:00:00.000Z,23.85
2022-12-28T00:00:00.000Z,20.68
2022-12-29T00:00:00.000Z,20.58
2022-12-30T00:00:00.000Z,21.79
2022-12-31T00:00:00.000Z,12.18
2023-01-01T00:00:00.000Z,7.11
2023-01-02T00:00:00.000Z,8.82
2023-01-03T00:00:00.000Z,12.73
2023-01-04T00:00:00.000Z,14.77
2023-01-05T00:00:00.000Z,14.27
2023-01-06T00:00:00.000Z,13.2
2023-01-07T00:00:00.000Z,8.4
2023-01-08T00:00:00.000Z,6.78
2023-01-09T00:00:00.000Z,10.87
2023-01-10T00:00:00.000Z,11.16
2023-01-11T00:00:00.000Z,12.42
2023-01-12T00:00:00.000Z,16.52
2023-01-13T00:00:00.000Z,16.62
2023-01-14T00:00:00.000Z,14.03
2023-01-15T00:00:00.000Z,7.98
2023-01-16T00:00:00.000Z,10.3
2023-01-17T00:00:00.000Z,12.95
2023-01-18T00:00:00.000Z,16.09
2023-01-19T00:00:00.000Z,16.22
2023-01-20T00:00:00.000Z,19.56
2023-01-21T00:00:00.000Z,16.33
2023-01-22T00:00:00.000Z,13.76
2023-01-23T00:00:00.000Z,14.92
2023-01-24T00:00:00.000Z,16.93
2023-01-25T00:00:00.000Z,12.95
2023-01-26T00:00:00.000Z,12.1
2023-01-27T00:00:00.000Z,14.3
2023-01-28T00:00:00.000Z,11.61
2023-01-29T00:00:00.000Z,8.46
2023-01-30T00:00:00.000Z,11.29
2023-01-31T00:00:00.000Z,18.62
2023-02-01T00:00:00.000Z,22.1
2023-02-02T00:00:00.000Z,21.86
2023-02-03T00:00:00.000Z,24.34
2023-02-04T00:00:00.000Z,20.36
2023-02-05T00:00:00.000Z,13.98
2023-02-06T00:00:00.000Z,18.43
2023-02-07T00:00:00.000Z,22.2
2023-02-08T00:00:00.000Z,18.39
2023-02-09T00:00:00.000Z,21.55
2023-02-10T00:00:00.000Z,26.86
2023-02-11T00:00:00.000Z,22.19
2023-02-12T00:00:00.000Z,19.22
2023-02-13T00:00:00.000Z,24.26
2023-02-14T00:00:00.000Z,25.81
2023-02-15T00:00:00.000Z,35.35
2023-02-16T00:00:00.000Z,31.27
2023-02-17T00:00:00.000Z,26.68
2023-02-18T00:00:00.000Z,19.95
2023-02-19T00:00:00.000Z,15.39
2023-02-20T00:00:00.000Z,17.88
2023-02-21T00:00:00.000Z,17.32
2023-02-22T00:00:00.000Z,18.45
2023-02-23T00:00:00.000Z,19.02
2023-02-24T00:00:00.000Z,18.54
2023-02-25T00:00:00.000Z,15.96
2023-02-26T00:00:00.000Z,15.06
2023-02-27T00:00:00.000Z,22.65
2023-02-28T00:00:00.000Z,25.82
2023-03-01T00:00:00.000Z,25.84
2023-03-02T00:00:00.000Z,23.94
2023-03-03T00:00:00.000Z,27.89
2023-03-04T00:00:00.000Z,20.19
2023-03-05T00:00:00.000Z,17.51
2023-03-06T00:00:00.000Z,24.03
2023-03-07T00:00:00.000Z,25.64
2023-03-08T00:00:00.000Z,26.26
2023-03-09T00:00:00.000Z,44.8
2023-03-10T00:00:00.000Z,43.94
2023-03-11T00:00:00.000Z,27.26
2023-03-12T00:00:00.000Z,21.37
2023-03-13T00:00:00.000Z,26.13
2023-03-14T00:00:00.000Z,37.17
2023-03-15T00:00:00.000Z,33.65
2023-03-16T00:00:00.000Z,33.4
2023-03-17T00:00:00.000Z,42.51
2023-03-18T00:00:00.000Z,34.93
2023-03-19T00:00:00.000Z,28.56
2023-03-20T00:00:00.000Z,29.66
2023-03-21T00:00:00.000Z,28.89
2023-03-22T00:00:00.000Z,35.35
2023-03-23T00:00:00.000Z,39.11
2023-03-24T00:00:00.000Z,44.32
2023-03-25T00:00:00.000Z,30.6
2023-03-26T00:00:00.000Z,21.87
2023-03-27T00:00:00.000Z,23.16
2023-03-28T00:00:00.000Z,28.01
2023-03-29T00:00:00.000Z,27.53
2023-03-30T00:00:00.000Z,27.52
2023-03-31T00:00:00.000Z,32.55
2023-04-01T00:00:00.000Z,31.52
2023-04-02T00:00:00.000Z,24.47
2023-04-03T00:00:00.000Z,27.71
2023-04-04T00:00:00.000Z,33.83
2023-04-05T00:00:00.000Z,32.05
2023-04-06T00:00:00.000Z,32.92
2023-04-07T00:00:00.000Z,27.01
2023-04-08T00:00:00.000Z,21.9
2023-04-09T00:00:00.000Z,16.91
2023-04-10T00:00:00.000Z,21.77
2023-04-11T00:00:00.000Z,31.06
2023-04-12T00:00:00.000Z,24.6
2023-04-13T00:00:00.000Z,25.94
2023-04-14T00:00:00.000Z,27.74
2023-04-15T00:00:00.000Z,21.2
2023-04-16T00:00:00.000Z,15.95
2023-04-17T00:00:00.000Z,20.84
2023-04-18T00:00:00.000Z,20.36
2023-04-19T00:00:00.000Z,20.91
2023-04-20T00:00:00.000Z,21.24
2023-04-21T00:00:00.000Z,24.09
2023-04-22T00:00:00.000Z,16.39
2023-04-23T00:00:00.000Z,13.67
2023-04-24T00:00:00.000Z,20.56
2023-04-25T00:00:00.000Z,26.72
2023-04-26T00:00:00.000Z,33.09
2023-04-27T00:00:00.000Z,41.76
2023-04-28T00:00:00.000Z,45.87
2023-04-29T00:00:00.000Z,42.83
2023-04-30T00:00:00.000Z,47.65
2023-05-01T00:00:00.000Z,69.27
2023-05-02T00:00:00.000Z,114.14
2023-05-03T00:00:00.000Z,124.2
2023-05-04T00:00:00.000Z,113.48
2023-05-05T00:00:00.000Z,134.97
2023-05-06T00:00:00.000Z,182.03
2023-05-07T00:00:00.000Z,403.92
2023-05-08T00:00:00.000Z,635.35
2023-05-09T00:00:00.000Z,440.27
2023-05-10T00:00:00.000Z,339.77
2023-05-11T00:00:00.000Z,194.38
2023-05-12T00:00:00.000Z,173.44
2023-05-13T00:00:00.000Z,108.79
2023-05-14T00:00:00.000Z,88.42
2023-05-15T00:00:00.000Z,89.81
2023-05-16T00:00:00.000Z,113.01
2023-05-17T00:00:00.000Z,93.11
2023-05-18T00:00:00.000Z,106.9
2023-05-19T00:00:00.000Z,116.55
2023-05-20T00:00:00.000Z,85.19
2023-05-21T00:00:00.000Z,71.46
2023-05-22T00:00:00.000Z,70.97
2023-05-23T00:00:00.000Z,69.75
2023-05-24T00:00:00.000Z,64.87
2023-05-25T00:00:00.000Z,91.87
2023-05-26T00:00:00.000Z,97.83
2023-05-27T00:00:00.000Z,62.09
2023-05-28T00:00:00.000Z,62.57
2023-05-29T00:00:00.000Z,71.13
2023-05-30T00:00:00.000Z,79.87
2023-05-31T00:00:00.000Z,68.62
2023-06-01T00:00:00.000Z,70.14
2023-06-02T00:00:00.000Z,74.86
2023-06-03T00:00:00.000Z,44.2
2023-06-04T00:00:00.000Z,38.49
2023-06-05T00:00:00.000Z,58
2023-06-06T00:00:00.000Z,82.92
2023-06-07T00:00:00.000Z,97.6
2023-06-08T00:00:00.000Z,69.55
2023-06-09T00:00:00.000Z,73.26
2023-06-10T00:00:00.000Z,49.63
2023-06-11T00:00:00.000Z,35.11
2023-06-12T00:00:00.000Z,42.51
2023-06-13T00:00:00.000Z,37.25
2023-06-14T00:00:00.000Z,39.87
2023-06-15T00:00:00.000Z,41.02
2023-06-16T00:00:00.000Z,45.62
2023-06-17T00:00:00.000Z,40.13
2023-06-18T00:00:00.000Z,30.5
2023-06-19T00:00:00.000Z,31.24
2023-06-20T00:00:00.000Z,37.16
2023-06-21T00:00:00.000Z,43.89
2023-06-22T00:00:00.000Z,44.43
2023-06-23T00:00:00.000Z,40.12
2023-06-24T00:00:00.000Z,33.75
2023-06-25T00:00:00.000Z,29.38
2023-06-26T00:00:00.000Z,32.38
2023-06-27T00:00:00.000Z,31.66
2023-06-28T00:00:00.000Z,29.87
2023-06-29T00:00:00.000Z,37.06
2023-06-30T00:00:00.000Z,34.7
2023-07-01T00:00:00.000Z,25.44
2023-07-02T00:00:00.000Z,23.79
2023-07-03T00:00:00.000Z,25.49
2023-07-04T00:00:00.000Z,22.68
2023-07-05T00:00:00.000Z,21.5
2023-07-06T00:00:00.000Z,19.72
2023-07-07T00:00:00.000Z,19.25
2023-07-08T00:00:00.000Z,14.74
2023-07-09T00:00:00.000Z,13.18
2023-07-10T00:00:00.000Z,16.25
2023-07-11T00:00:00.000Z,16.95
2023-07-12T00:00:00.000Z,19.29
2023-07-13T00:00:00.000Z,19.66
2023-07-14T00:00:00.000Z,22.68
2023-07-15T00:00:00.000Z,16.74
2023-07-16T00:00:00.000Z,15.43
2023-07-17T00:00:00.000Z,17.22
2023-07-18T00:00:00.000Z,19.09
2023-07-19T00:00:00.000Z,18.16
2023-07-20T00:00:00.000Z,22.75
2023-07-21T00:00:00.000Z,22.93
2023-07-22T00:00:00.000Z,45.95
2023-07-23T00:00:00.000Z,25.55
2023-07-24T00:00:00.000Z,26.45
2023-07-25T00:00:00.000Z,17.86
2023-07-26T00:00:00.000Z,18.82
2023-07-27T00:00:00.000Z,20.84
2023-07-28T00:00:00.000Z,20.36
2023-07-29T00:00:00.000Z,16.14
2023-07-30T00:00:00.000Z,17.13
2023-07-31T00:00:00.000Z,16.66
2023-08-01T00:00:00.000Z,18.48
2023-08-02T00:00:00.000Z,20.89
2023-08-03T00:00:00.000Z,23.24
2023-08-04T00:00:00.000Z,22.52
2023-08-05T00:00:00.000Z,21.11
2023-08-06T00:00:00.000Z,16.91
2023-08-07T00:00:00.000Z,22.69
2023-08-08T00:00:00.000Z,29.11
2023-08-09T00:00:00.000Z,27.09
2023-08-10T00:00:00.000Z,24.62
2023-08-11T00:00:00.000Z,23.47
2023-08-12T00:00:00.000Z,19.42
2023-08-13T00:00:00.000Z,13.48
2023-08-14T00:00:00.000Z,18.19
2023-08-15T00:00:00.000Z,18.26
2023-08-16T00:00:00.000Z,18.04
2023-08-17T00:00:00.000Z,18.94
2023-08-18T00:00:00.000Z,22
2023-08-19T00:00:00.000Z,16.7
2023-08-20T00:00:00.000Z,14.98
2023-08-21T00:00:00.000Z,16.58
2023-08-22T00:00:00.000Z,18.81
2023-08-23T00:00:00.000Z,19.33
2023-08-24T00:00:00.000Z,17.46
2023-08-25T00:00:00.000Z,18.04
2023-08-26T00:00:00.000Z,16.09
2023-08-27T00:00:00.000Z,13.47
2023-08-28T00:00:00.000Z,16.97
2023-08-29T00:00:00.000Z,21.15
2023-08-30T00:00:00.000Z,19.22
2023-08-31T00:00:00.000Z,26.54
2023-09-01T00:00:00.000Z,26.15
2023-09-02T00:00:00.000Z,23.26
2023-09-03T00:00:00.000Z,19.89
2023-09-04T00:00:00.000Z,22.28
2023-09-05T00:00:00.000Z,24.4
2023-09-06T00:00:00.000Z,30.25
2023-09-07T00:00:00.000Z,31.57
2023-09-08T00:00:00.000Z,35.85
2023-09-09T00:00:00.000Z,32.53
2023-09-10T00:00:00.000Z,47.06
2023-09-11T00:00:00.000Z,32.7
2023-09-12T00:00:00.000Z,31.03
2023-09-13T00:00:00.000Z,31.13
2023-09-14T00:00:00.000Z,30.9
2023-09-15T00:00:00.000Z,32.62
2023-09-16T00:00:00.000Z,26.7
2023-09-17T00:00:00.000Z,28.31
2023-09-18T00:00:00.000Z,46.81
2023-09-19T00:00:00.000Z,46.95
2023-09-20T00:00:00.000Z,47.38
2023-09-21T00:00:00.000Z,47.35
2023-09-22T00:00:00.000Z,46
2023-09-23T00:00:00.000Z,51.58
2023-09-24T00:00:00.000Z,37.09
2023-09-25T00:00:00.000Z,33.37
2023-09-26T00:00:00.000Z,27.65
2023-09-27T00:00:00.000Z,31.73
2023-09-28T00:00:00.000Z,29.01
2023-09-29T00:00:00.000Z,29.36
2023-09-30T00:00:00.000Z,21.56
2023-10-01T00:00:00.000Z,18.93
2023-10-02T00:00:00.000Z,27.28
2023-10-03T00:00:00.000Z,29.09
2023-10-04T00:00:00.000Z,26.35
2023-10-05T00:00:00.000Z,26.7
2023-10-06T00:00:00.000Z,42.57
2023-10-07T00:00:00.000Z,41.49
2023-10-08T00:00:00.000Z,15.39
2023-10-09T00:00:00.000Z,19.88
2023-10-10T00:00:00.000Z,17.22
2023-10-11T00:00:00.000Z,21.6
2023-10-12T00:00:00.000Z,24.77
2023-10-13T00:00:00.000Z,22.12
2023-10-14T00:00:00.000Z,13.61
2023-10-15T00:00:00.000Z,11.4
2023-10-16T00:00:00.000Z,20.54
2023-10-17T00:00:00.000Z,19.45
2023-10-18T00:00:00.000Z,19.11
2023-10-19T00:00:00.000Z,18.65
2023-10-20T00:00:00.000Z,20.14
2023-10-21T00:00:00.000Z,16.05
2023-10-22T00:00:00.000Z,12.37
2023-10-23T00:00:00.000Z,17
2023-10-24T00:00:00.000Z,38.32
2023-10-25T00:00:00.000Z,40.92
2023-10-26T00:00:00.000Z,29.12
2023-10-27T00:00:00.000Z,25.55
2023-10-28T00:00:00.000Z,19.44
2023-10-29T00:00:00.000Z,13.59
2023-10-30T00:00:00.000Z,18.12
2023-10-31T00:00:00.000Z,18.24
2023-11-01T00:00:00.000Z,21.48
2023-11-02T00:00:00.000Z,23.09
2023-11-03T00:00:00.000Z,33.05
2023-11-04T00:00:00.000Z,79.52
2023-11-05T00:00:00.000Z,71.27
2023-11-06T00:00:00.000Z,74.44
2023-11-07T00:00:00.000Z,88.08
2023-11-08T00:00:00.000Z,118.07
2023-11-09T00:00:00.000Z,248.61
2023-11-10T00:00:00.000Z,163.63
2023-11-11T00:00:00.000Z,114.4
2023-11-12T00:00:00.000Z,115.78
2023-11-13T00:00:00.000Z,107.65
2023-11-14T00:00:00.000Z,101.4
2023-11-15T00:00:00.000Z,134.04
2023-11-16T00:00:00.000Z,317.46
2023-11-17T00:00:00.000Z,246.73
2023-11-18T00:00:00.000Z,316.81
2023-11-19T00:00:00.000Z,200.61
2023-11-20T00:00:00.000Z,177.71
2023-11-21T00:00:00.000Z,172.44
2023-11-22T00:00:00.000Z,153.65
2023-11-23T00:00:00.000Z,220.98
2023-11-24T00:00:00.000Z,97.81
2023-11-25T00:00:00.000Z,92.16
2023-11-26T00:00:00.000Z,81.14
2023-11-27T00:00:00.000Z,89.45
2023-11-28T00:00:00.000Z,78.81
2023-11-29T00:00:00.000Z,63.66
2023-11-30T00:00:00.000Z,70.55
2023-12-01T00:00:00.000Z,99.17
2023-12-02T00:00:00.000Z,63.58
2023-12-03T00:00:00.000Z,141.88
2023-12-04T00:00:00.000Z,150.24
2023-12-05T00:00:00.000Z,236.69
2023-12-06T00:00:00.000Z,293.66
2023-12-07T00:00:00.000Z,174.47
2023-12-08T00:00:00.000Z,152.55
2023-12-09T00:00:00.000Z,140.14
2023-12-10T00:00:00.000Z,114.83
2023-12-11T00:00:00.000Z,137.62
2023-12-12T00:00:00.000Z,113.77
2023-12-13T00:00:00.000Z,196.75
2023-12-14T00:00:00.000Z,334.13
2023-12-15T00:00:00.000Z,421.2
2023-12-16T00:00:00.000Z,560.36
2023-12-17T00:00:00.000Z,550
2023-12-18T00:00:00.000Z,390.74
2023-12-19T00:00:00.000Z,436.23
2023-12-20T00:00:00.000Z,426.5
2023-12-21T00:00:00.000Z,405.34
2023-12-22T00:00:00.000Z,324.49
2023-12-23T00:00:00.000Z,202.92
2023-12-24T00:00:00.000Z,178.92
2023-12-25T00:00:00.000Z,168.89
2023-12-26T00:00:00.000Z,167.81
2023-12-27T00:00:00.000Z,268.67
2023-12-28T00:00:00.000Z,231.87
2023-12-29T00:00:00.000Z,211.63
2023-12-30T00:00:00.000Z,264.29
2023-12-31T00:00:00.000Z,354.37
2024-01-01T00:00:00.000Z,219.89
2024-01-02T00:00:00.000Z,142.5
2024-01-03T00:00:00.000Z,146.25
2024-01-04T00:00:00.000Z,127.6
2024-01-05T00:00:00.000Z,116.88
2024-01-06T00:00:00.000Z,87.29
2024-01-07T00:00:00.000Z,76.29
2024-01-08T00:00:00.000Z,124.93
2024-01-09T00:00:00.000Z,112.11
2024-01-10T00:00:00.000Z,84.06
2024-01-11T00:00:00.000Z,101.28
2024-01-12T00:00:00.000Z,107.65
2024-01-13T00:00:00.000Z,126.75
2024-01-14T00:00:00.000Z,219.08
2024-01-15T00:00:00.000Z,117.39
2024-01-16T00:00:00.000Z,124.28
2024-01-17T00:00:00.000Z,104.6
2024-01-18T00:00:00.000Z,121.29
2024-01-19T00:00:00.000Z,84.17
2024-01-20T00:00:00.000Z,72.18
2024-01-21T00:00:00.000Z,71.58
2024-01-22T00:00:00.000Z,76
2024-01-23T00:00:00.000Z,88.51
2024-01-24T00:00:00.000Z,60.54
2024-01-25T00:00:00.000Z,64.13
2024-01-26T00:00:00.000Z,55.23
2024-01-27T00:00:00.000Z,58.19
2024-01-28T00:00:00.000Z,55.64
2024-01-29T00:00:00.000Z,55.74
2024-01-30T00:00:00.000Z,51.63
2024-01-31T00:00:00.000Z,49.84
2024-02-01T00:00:00.000Z,57.15
2024-02-02T00:00:00.000Z,65.75
2024-02-03T00:00:00.000Z,177.15
2024-02-04T00:00:00.000Z,98.43
2024-02-05T00:00:00.000Z,64.82
2024-02-06T00:00:00.000Z,53.1
2024-02-07T00:00:00.000Z,73.07
2024-02-08T00:00:00.000Z,52.99
2024-02-09T00:00:00.000Z,54.72
2024-02-10T00:00:00.000Z,41.19
2024-02-11T00:00:00.000Z,28.67
2024-02-12T00:00:00.000Z,67.17
2024-02-13T00:00:00.000Z,47.43
2024-02-14T00:00:00.000Z,54.18
2024-02-15T00:00:00.000Z,38.55
2024-02-16T00:00:00.000Z,32.82
2024-02-17T00:00:00.000Z,28.93
2024-02-18T00:00:00.000Z,24.71
2024-02-19T00:00:00.000Z,29.15
2024-02-20T00:00:00.000Z,31.8
2024-02-21T00:00:00.000Z,31.53
2024-02-22T00:00:00.000Z,28.24
2024-02-23T00:00:00.000Z,30.83
2024-02-24T00:00:00.000Z,25.96
2024-02-25T00:00:00.000Z,24.32
2024-02-26T00:00:00.000Z,32.13
2024-02-27T00:00:00.000Z,48.17
2024-02-28T00:00:00.000Z,59.95
2024-02-29T00:00:00.000Z,75.27
2024-03-01T00:00:00.000Z,59.16
2024-03-02T00:00:00.000Z,42.01
2024-03-03T00:00:00.000Z,46.14
2024-03-04T00:00:00.000Z,82.79
2024-03-05T00:00:00.000Z,103.21
2024-03-06T00:00:00.000Z,67.49
2024-03-07T00:00:00.000Z,52.16
2024-03-08T00:00:00.000Z,48.05
2024-03-09T00:00:00.000Z,40.7
2024-03-10T00:00:00.000Z,36.54
2024-03-11T00:00:00.000Z,41.04
2024-03-12T00:00:00.000Z,38.6
2024-03-13T00:00:00.000Z,35.65
2024-03-14T00:00:00.000Z,33.75
2024-03-15T00:00:00.000Z,37.14
2024-03-16T00:00:00.000Z,38.21
2024-03-17T00:00:00.000Z,25.52
2024-03-18T00:00:00.000Z,41.87
2024-03-19T00:00:00.000Z,46.05
2024-03-20T00:00:00.000Z,33.25
2024-03-21T00:00:00.000Z,38.09
2024-03-22T00:00:00.000Z,37.43
2024-03-23T00:00:00.000Z,24.57
2024-03-24T00:00:00.000Z,21.3
2024-03-25T00:00:00.000Z,27.83
2024-03-26T00:00:00.000Z,31.7
2024-03-27T00:00:00.000Z,30.34
2024-03-28T00:00:00.000Z,30.19
2024-03-29T00:00:00.000Z,29.31
2024-03-30T00:00:00.000Z,29.89
2024-03-31T00:00:00.000Z,28.05
2024-04-01T00:00:00.000Z,27.25
2024-04-02T00:00:00.000Z,22.5
2024-04-03T00:00:00.000Z,27.59
2024-04-04T00:00:00.000Z,23.05
2024-04-05T00:00:00.000Z,20.73
2024-04-06T00:00:00.000Z,17.96
2024-04-07T00:00:00.000Z,21.72
2024-04-08T00:00:00.000Z,33.12
2024-04-09T00:00:00.000Z,47.25
2024-04-10T00:00:00.000Z,69.84
2024-04-11T00:00:00.000Z,104.38
2024-04-12T00:00:00.000Z,157.22
2024-04-13T00:00:00.000Z,105.5
2024-04-14T00:00:00.000Z,76.16
2024-04-15T00:00:00.000Z,155.02