"DateTime","Netflow","Price"
"2008-12-29 00:00:00",50,
"2009-01-05 00:00:00",8400,
"2009-01-12 00:00:00",40479,
"2009-01-19 00:00:00",2725,
"2009-01-26 00:00:00",2750,
"2009-02-02 00:00:00",1998,
"2009-02-09 00:00:00",3300.04,
"2009-02-16 00:00:00",2700,
"2009-02-23 00:00:00",2150,
"2009-03-02 00:00:00",3200.33,
"2009-03-09 00:00:00",750,
"2009-03-16 00:00:00",4250,
"2009-03-23 00:00:00",2400,
"2009-03-30 00:00:00",2450,
"2009-04-06 00:00:00",650,
"2009-04-13 00:00:00",400,
"2009-04-20 00:00:00",6500,
"2009-04-27 00:00:00",1698.5,
"2009-05-04 00:00:00",2000,
"2009-05-11 00:00:00",500,
"2009-05-18 00:00:00",0,
"2009-05-25 00:00:00",3000,
"2009-06-01 00:00:00",0,
"2009-06-08 00:00:00",0,
"2009-06-15 00:00:00",0,
"2009-06-22 00:00:00",4000,
"2009-06-29 00:00:00",0,
"2009-07-06 00:00:00",0,
"2009-07-13 00:00:00",0,
"2009-07-20 00:00:00",6000,
"2009-07-27 00:00:00",0,
"2009-08-03 00:00:00",5500,
"2009-08-10 00:00:00",0,
"2009-08-17 00:00:00",0,
"2009-08-24 00:00:00",2298.53,
"2009-08-31 00:00:00",0,
"2009-09-07 00:00:00",650,
"2009-09-14 00:00:00",5001,
"2009-09-21 00:00:00",4500,
"2009-09-28 00:00:00",2650,
"2009-10-05 00:00:00",0,
"2009-10-12 00:00:00",13650,
"2009-10-19 00:00:00",30099.76,
"2009-10-26 00:00:00",15050,
"2009-11-02 00:00:00",15500,
"2009-11-09 00:00:00",18500,
"2009-11-16 00:00:00",22500,
"2009-11-23 00:00:00",0,
"2009-11-30 00:00:00",10000.2,
"2009-12-07 00:00:00",8600,
"2009-12-14 00:00:00",21454.35,
"2009-12-21 00:00:00",0,
"2009-12-28 00:00:00",0,
"2010-01-04 00:00:00",20654.35,
"2010-01-11 00:00:00",11349.74,
"2010-01-18 00:00:00",0,
"2010-01-25 00:00:00",7950,
"2010-02-01 00:00:00",15417.8,
"2010-02-08 00:00:00",69682.17,
"2010-02-15 00:00:00",31550.07,
"2010-02-22 00:00:00",40900,
"2010-03-01 00:00:00",59451.31,
"2010-03-08 00:00:00",15184.58,
"2010-03-15 00:00:00",8640,
"2010-03-22 00:00:00",20450,
"2010-03-29 00:00:00",7800,
"2010-04-05 00:00:00",34848.41,
"2010-04-12 00:00:00",68702.71,
"2010-04-19 00:00:00",49994.03,
"2010-04-26 00:00:00",46354.23,
"2010-05-03 00:00:00",69850.26,
"2010-05-10 00:00:00",38446.67,
"2010-05-17 00:00:00",77229.88,
"2010-05-24 00:00:00",59708.28,
"2010-05-31 00:00:00",46507,
"2010-06-07 00:00:00",72147.38,
"2010-06-14 00:00:00",102814.52,
"2010-06-21 00:00:00",48287,
"2010-06-28 00:00:00",103963.77,
"2010-07-05 00:00:00",79359,
"2010-07-12 00:00:00",148248.91,0.017449
"2010-07-19 00:00:00",47635.02,0.067458
"2010-07-26 00:00:00",110376.81,0.060028
"2010-08-02 00:00:00",72607.15,0.060708
"2010-08-09 00:00:00",52917.28,0.066824
"2010-08-16 00:00:00",46717.38,0.066766
"2010-08-23 00:00:00",13450.83,0.064829
"2010-08-30 00:00:00",99430,0.060282
"2010-09-06 00:00:00",72903.4,0.061824
"2010-09-13 00:00:00",116217.52,0.069179
"2010-09-20 00:00:00",103210.07,0.062293
"2010-09-27 00:00:00",248768.25,0.061785
"2010-10-04 00:00:00",345026.46,0.071236
"2010-10-11 00:00:00",222646,0.097143
"2010-10-18 00:00:00",158213.83,0.10885
"2010-10-25 00:00:00",156736.72,0.172685
"2010-11-01 00:00:00",154628.39,0.253757
"2010-11-08 00:00:00",242308.23,0.257043
"2010-11-15 00:00:00",84951.51,0.265743
"2010-11-22 00:00:00",88751.04,0.280264
"2010-11-29 00:00:00",123026.13,0.230557
"2010-12-06 00:00:00",86208.65,0.209279
"2010-12-13 00:00:00",64754.05,0.237621
"2010-12-20 00:00:00",29255.53,0.250921
"2010-12-27 00:00:00",90480.15,0.285657
"2011-01-03 00:00:00",30372.55,0.303864
"2011-01-10 00:00:00",125522.13,0.358971
"2011-01-17 00:00:00",126540.27,0.370064
"2011-01-24 00:00:00",446519.45,0.427464
"2011-01-31 00:00:00",159880.69,0.762264
"2011-02-07 00:00:00",157221.15,0.964764
"2011-02-14 00:00:00",46316.64,0.984764
"2011-02-21 00:00:00",82403.93,0.917486
"2011-02-28 00:00:00",491627.03,0.898164
"2011-03-07 00:00:00",151863.3,0.884657
"2011-03-14 00:00:00",114460.83,0.826429
"2011-03-21 00:00:00",98811.25,0.828879
"2011-03-28 00:00:00",46549.68,0.787243
"2011-04-04 00:00:00",19173.93,0.721943
"2011-04-11 00:00:00",100306.04,0.940979
"2011-04-18 00:00:00",255321.06,1.34
"2011-04-25 00:00:00",425964.32,2.35
"2011-05-02 00:00:00",347420.98,3.45
"2011-05-09 00:00:00",898536.07,5.95
"2011-05-16 00:00:00",762590.38,6.87
"2011-05-23 00:00:00",308243.66,8.06
"2011-05-30 00:00:00",136860.53,11.89
"2011-06-06 00:00:00",988202.1,22.26
"2011-06-13 00:00:00",1493170.35,18.14
"2011-06-20 00:00:00",1156991,17.26
"2011-06-27 00:00:00",685313.98,16.26
"2011-07-04 00:00:00",284940.44,14.46
"2011-07-11 00:00:00",261158.62,13.93
"2011-07-18 00:00:00",356395.94,13.67
"2011-07-25 00:00:00",257897.15,13.81
"2011-08-01 00:00:00",402053.19,10.28
"2011-08-08 00:00:00",225846.82,9.5
"2011-08-15 00:00:00",133282.7,11.21
"2011-08-22 00:00:00",705750.41,9.91
"2011-08-29 00:00:00",15246.73,8.5
"2011-09-05 00:00:00",817237.25,6.42
"2011-09-12 00:00:00",119472.11,5.33
"2011-09-19 00:00:00",119505.91,5.58
"2011-09-26 00:00:00",1800.47,4.95
"2011-10-03 00:00:00",31410.17,4.59
"2011-10-10 00:00:00",17492.34,3.99
"2011-10-17 00:00:00",110441.71,2.68
"2011-10-24 00:00:00",129828.87,3.03
"2011-10-31 00:00:00",129599.35,3.14
"2011-11-07 00:00:00",195516.16,3
"2011-11-14 00:00:00",2880399.57,2.32
"2011-11-21 00:00:00",3664358.65,2.38
"2011-11-28 00:00:00",3493993.58,2.85
"2011-12-05 00:00:00",1814382.33,3
"2011-12-12 00:00:00",66430.4,3.18
"2011-12-19 00:00:00",99566.86,3.86
"2011-12-26 00:00:00",105245.23,4.33
"2012-01-02 00:00:00",69974.11,6.01
"2012-01-09 00:00:00",139014.25,6.64
"2012-01-16 00:00:00",69058.73,6.26
"2012-01-23 00:00:00",27308.05,5.78
"2012-01-30 00:00:00",28402.73,5.77
"2012-02-06 00:00:00",1544.97,5.68
"2012-02-13 00:00:00",449159.7,4.59
"2012-02-20 00:00:00",145451.87,4.67
"2012-02-27 00:00:00",102315.97,4.82
"2012-03-05 00:00:00",5200,4.91
"2012-03-12 00:00:00",37816.23,5.24
"2012-03-19 00:00:00",114258.81,4.72
"2012-03-26 00:00:00",141365.12,4.77
"2012-04-02 00:00:00",104510.61,4.87
"2012-04-09 00:00:00",149963.15,4.88
"2012-04-16 00:00:00",173232.3,5.13
"2012-04-23 00:00:00",181046.85,5.05
"2012-04-30 00:00:00",195813.43,5.04
"2012-05-07 00:00:00",190008.95,4.99
"2012-05-14 00:00:00",317758.92,5.06
"2012-05-21 00:00:00",53697.5,5.11
"2012-05-28 00:00:00",153896.86,5.17
"2012-06-04 00:00:00",163812.51,5.46
"2012-06-11 00:00:00",199396.98,5.97
"2012-06-18 00:00:00",64651.3,6.49
"2012-06-25 00:00:00",69912.78,6.53
"2012-07-02 00:00:00",75753.45,6.65
"2012-07-09 00:00:00",169838.3,7.35
"2012-07-16 00:00:00",79493.33,8.6
"2012-07-23 00:00:00",45321.72,8.71
"2012-07-30 00:00:00",160786.19,10.01
"2012-08-06 00:00:00",153024.94,11.23
"2012-08-13 00:00:00",142211.05,12.05
"2012-08-20 00:00:00",395141.57,10.02
"2012-08-27 00:00:00",334248.24,10.59
"2012-09-03 00:00:00",340821.63,10.78
"2012-09-10 00:00:00",567649.1,11.38
"2012-09-17 00:00:00",307052.78,12.19
"2012-09-24 00:00:00",52706.35,12.26
"2012-10-01 00:00:00",102781.81,12.6
"2012-10-08 00:00:00",99945.77,11.86
"2012-10-15 00:00:00",212772.7,11.76
"2012-10-22 00:00:00",148695.52,11.06
"2012-10-29 00:00:00",127224.54,10.71
"2012-11-05 00:00:00",7053.97,10.86
"2012-11-12 00:00:00",181761.87,11.27
"2012-11-19 00:00:00",89757.01,12.04
"2012-11-26 00:00:00",82582.37,12.38
"2012-12-03 00:00:00",206814.65,13.17
"2012-12-10 00:00:00",131856.24,13.5
"2012-12-17 00:00:00",66259.33,13.36
"2012-12-24 00:00:00",88451.41,13.39
"2012-12-31 00:00:00",291221.58,13.39
"2013-01-07 00:00:00",121877.93,13.91
"2013-01-14 00:00:00",26435.09,15
"2013-01-21 00:00:00",231420.75,17.06
"2013-01-28 00:00:00",283910.98,19.66
"2013-02-04 00:00:00",165443.42,21.78
"2013-02-11 00:00:00",77373.62,25.61
"2013-02-18 00:00:00",165454.45,29.1
"2013-02-25 00:00:00",258407.48,32.41
"2013-03-04 00:00:00",202930.18,41.79
"2013-03-11 00:00:00",73535.45,46.15
"2013-03-18 00:00:00",116912.34,62.18
"2013-03-25 00:00:00",197913.82,84.41
"2013-04-01 00:00:00",101212.1,128.38
"2013-04-08 00:00:00",321768.17,147.01
"2013-04-15 00:00:00",79497.08,99.9
"2013-04-22 00:00:00",93243.59,135.54
"2013-04-29 00:00:00",53798.52,117.66
"2013-05-06 00:00:00",26666.93,113.35
"2013-05-13 00:00:00",14477.85,117.63
"2013-05-20 00:00:00",8027.52,126.58
"2013-05-27 00:00:00",31616.73,128.07
"2013-06-03 00:00:00",42869.48,114.75
"2013-06-10 00:00:00",19699.32,103.64
"2013-06-17 00:00:00",9677.07,107.72
"2013-06-24 00:00:00",36940.74,100.71
"2013-07-01 00:00:00",75257.99,79.94
"2013-07-08 00:00:00",27025.35,86.75
"2013-07-15 00:00:00",113786.23,94.15
"2013-07-22 00:00:00",7997.66,94.85
"2013-07-29 00:00:00",29593.02,104.47
"2013-08-05 00:00:00",22318.94,104.79
"2013-08-12 00:00:00",228502.71,110.02
"2013-08-19 00:00:00",68339.31,120.5
"2013-08-26 00:00:00",97860.79,132.8
"2013-09-02 00:00:00",89141.11,134.64
"2013-09-09 00:00:00",30392.66,137.38
"2013-09-16 00:00:00",42955.61,136.79
"2013-09-23 00:00:00",21590.35,137.73
"2013-09-30 00:00:00",78655.18,134.66
"2013-10-07 00:00:00",122073.25,139.85
"2013-10-14 00:00:00",111514.04,162.67
"2013-10-21 00:00:00",249497.01,198.85
"2013-10-28 00:00:00",38437.13,211.53
"2013-11-04 00:00:00",138582.51,294.57
"2013-11-11 00:00:00",-485.951531,420.35
"2013-11-18 00:00:00",389715.17,713.59
"2013-11-25 00:00:00",395435.25,1029.05
"2013-12-02 00:00:00",163554.97,978.37
"2013-12-09 00:00:00",161607.97,921.55
"2013-12-16 00:00:00",321658.86,682.04
"2013-12-23 00:00:00",77804.03,738.41
"2013-12-30 00:00:00",33692.64,852.69
"2014-01-06 00:00:00",70958.95,957.16
"2014-01-13 00:00:00",107494.73,921.17
"2014-01-20 00:00:00",136132.55,954.47
"2014-01-27 00:00:00",145555.75,946.08
"2014-02-03 00:00:00",37779.27,816.67
"2014-02-10 00:00:00",92666.31,484.16
"2014-02-17 00:00:00",64755.8,246.31
"2014-02-24 00:00:00",134141.4,443.52
"2014-03-03 00:00:00",137846.21,634.21
"2014-03-10 00:00:00",10695.68,619.25
"2014-03-17 00:00:00",29200.13,579.74
"2014-03-24 00:00:00",48429.6,515.26
"2014-03-31 00:00:00",144506.82,445.53
"2014-04-07 00:00:00",-2299.466732,444.15
"2014-04-14 00:00:00",93441.74,497.51
"2014-04-21 00:00:00",94444.11,482.35
"2014-04-28 00:00:00",134496,443.79
"2014-05-05 00:00:00",8470.75,441.6
"2014-05-12 00:00:00",45268.23,444.58
"2014-05-19 00:00:00",188594.3,499.07
"2014-05-26 00:00:00",242343.11,591.17
"2014-06-02 00:00:00",361581.36,649.15
"2014-06-09 00:00:00",518967.01,619.62
"2014-06-16 00:00:00",16638.52,599.6
"2014-06-23 00:00:00",6473.52,589.85
"2014-06-30 00:00:00",193724.07,630.14
"2014-07-07 00:00:00",-730.238089,622.54
"2014-07-14 00:00:00",5671.53,622.93
"2014-07-21 00:00:00",21030.95,611.07
"2014-07-28 00:00:00",40816.44,585.99
"2014-08-04 00:00:00",15716.35,592.37
"2014-08-11 00:00:00",20151.94,532.29
"2014-08-18 00:00:00",43909.75,498.03
"2014-08-25 00:00:00",210808.86,508.46
"2014-09-01 00:00:00",-1032.651924,483.94
"2014-09-08 00:00:00",19471.51,477.65
"2014-09-15 00:00:00",31882.63,438.18
"2014-09-22 00:00:00",11982.85,410.16
"2014-09-29 00:00:00",46188.77,367.29
"2014-10-06 00:00:00",480577.16,350.46
"2014-10-13 00:00:00",161082.45,386.58
"2014-10-20 00:00:00",47465.74,367.03
"2014-10-27 00:00:00",124145.57,340.71
"2014-11-03 00:00:00",41333.25,338.62
"2014-11-10 00:00:00",189220.72,392.31
"2014-11-17 00:00:00",-660.926369,371.41
"2014-11-24 00:00:00",263954.7,375.38
"2014-12-01 00:00:00",380441.11,376.47
"2014-12-08 00:00:00",142371.15,353.63
"2014-12-15 00:00:00",-73999.998124,326.9
"2014-12-22 00:00:00",76773.5,324.6
"2014-12-29 00:00:00",11127.16,306.73
"2015-01-05 00:00:00",14073.35,279.8
"2015-01-12 00:00:00",12095.25,217.53
"2015-01-19 00:00:00",184571.66,227.41
"2015-01-26 00:00:00",-7309.854669,243.51
"2015-02-02 00:00:00",-3537.920975,226.75
"2015-02-09 00:00:00",19074.76,229.17
"2015-02-16 00:00:00",9632.57,239.95
"2015-02-23 00:00:00",1861.27,242.64
"2015-03-02 00:00:00",19519.84,273.07
"2015-03-09 00:00:00",163450.65,289
"2015-03-16 00:00:00",23897.08,269.24
"2015-03-23 00:00:00",37393.41,250.65
"2015-03-30 00:00:00",4185.59,248.99
"2015-04-06 00:00:00",46621.69,244.18
"2015-04-13 00:00:00",45201.69,223.79
"2015-04-20 00:00:00",18629.04,229.11
"2015-04-27 00:00:00",18660.89,231.62
"2015-05-04 00:00:00",20009.99,238.44
"2015-05-11 00:00:00",38235.93,238.17
"2015-05-18 00:00:00",9017.15,236.25
"2015-05-25 00:00:00",4961.86,236.17
"2015-06-01 00:00:00",-6373.256922,225.04
"2015-06-08 00:00:00",18523.32,229.99
"2015-06-15 00:00:00",37045.41,244.75
"2015-06-22 00:00:00",6107.59,244.54
"2015-06-29 00:00:00",-2729.400715,258.48
"2015-07-06 00:00:00",19942.82,278.97
"2015-07-13 00:00:00",28367.27,281.19
"2015-07-20 00:00:00",15031.91,280.63
"2015-07-27 00:00:00",11345.6,286.76
"2015-08-03 00:00:00",111109.95,276.37
"2015-08-10 00:00:00",286672.59,263.8
"2015-08-17 00:00:00",238079.86,237.27
"2015-08-24 00:00:00",320554.2,223.61
"2015-08-31 00:00:00",277139.34,230.25
"2015-09-07 00:00:00",161898.29,238.43
"2015-09-14 00:00:00",18558.71,231.43
"2015-09-21 00:00:00",69269.42,231.81
"2015-09-28 00:00:00",32341.25,239.84
"2015-10-05 00:00:00",104336.71,243.33
"2015-10-12 00:00:00",64097.72,256.33
"2015-10-19 00:00:00",-7327.354442,273.73
"2015-10-26 00:00:00",12898.67,305.97
"2015-11-02 00:00:00",116307.16,385.2
"2015-11-09 00:00:00",36649.25,339.07
"2015-11-16 00:00:00",122897.07,326.61
"2015-11-23 00:00:00",63002.45,340.91
"2015-11-30 00:00:00",111537.87,369.67
"2015-12-07 00:00:00",83128.93,416.96
"2015-12-14 00:00:00",-2370.169708,451.66
"2015-12-21 00:00:00",-17976.941376,437.35
"2015-12-28 00:00:00",36999.27,428.22
"2016-01-04 00:00:00",40745.56,440.54
"2016-01-11 00:00:00",50820.17,414.98
"2016-01-18 00:00:00",31864.29,393.08
"2016-01-25 00:00:00",73284.94,384.9
"2016-02-01 00:00:00",55206.48,377.7
"2016-02-08 00:00:00",40961.32,382.51
"2016-02-15 00:00:00",32701.99,418.41
"2016-02-22 00:00:00",4895.1,426.56
"2016-02-29 00:00:00",118388.41,419.42
"2016-03-07 00:00:00",22992.33,413.28
"2016-03-14 00:00:00",2951.45,412.61
"2016-03-21 00:00:00",223404.7,415.54
"2016-03-28 00:00:00",-30170.512861,416.51
"2016-04-04 00:00:00",9320.73,419.22
"2016-04-11 00:00:00",-7170.887691,424.94
"2016-04-18 00:00:00",2313.36,441.31
"2016-04-25 00:00:00",-27869.482742,453.53
"2016-05-02 00:00:00",68892,450.95
"2016-05-09 00:00:00",-1267.018483,455.24
"2016-05-16 00:00:00",52151.69,448.07
"2016-05-23 00:00:00",238335.83,467.4
"2016-05-30 00:00:00",42469.94,547.55
"2016-06-06 00:00:00",55487.9,584.96
"2016-06-13 00:00:00",18085.74,716.83
"2016-06-20 00:00:00",56850.38,655.81
"2016-06-27 00:00:00",76453.55,656.8
"2016-07-04 00:00:00",103768.9,653.42
"2016-07-11 00:00:00",110993.28,659.83
"2016-07-18 00:00:00",93812.79,662.47
"2016-07-25 00:00:00",32385.99,651.65
"2016-08-01 00:00:00",73232.34,573.77
"2016-08-08 00:00:00",-53384.498521,586.42
"2016-08-15 00:00:00",-11916.269787,574.58
"2016-08-22 00:00:00",17410.79,578.72
"2016-08-29 00:00:00",91006.94,589.8
"2016-09-05 00:00:00",60689.26,614.65
"2016-09-12 00:00:00",38659.39,608.01
"2016-09-19 00:00:00",32569.37,602.66
"2016-09-26 00:00:00",59476.95,606.51
"2016-10-03 00:00:00",55454.29,612.72
"2016-10-10 00:00:00",53491.88,633.01
"2016-10-17 00:00:00",73123.08,637.56
"2016-10-24 00:00:00",25924.23,676.93
"2016-10-31 00:00:00",41478.77,706.27
"2016-11-07 00:00:00",21298.78,710.34
"2016-11-14 00:00:00",-3668.674026,728.23
"2016-11-21 00:00:00",41040.54,736.46
"2016-11-28 00:00:00",34425.06,749.33
"2016-12-05 00:00:00",-5159.021217,764.88
"2016-12-12 00:00:00",-14875.890713,779.69
"2016-12-19 00:00:00",1452.3,844.72
"2016-12-26 00:00:00",23282.67,944.49
"2017-01-02 00:00:00",20759.11,975.67
"2017-01-09 00:00:00",9979.12,836.3
"2017-01-16 00:00:00",17642.95,881.93
"2017-01-23 00:00:00",2913.79,911.14
"2017-01-30 00:00:00",2645.28,981.41
"2017-02-06 00:00:00",4177.25,1010.98
"2017-02-13 00:00:00",-10037.080099,1023.33
"2017-02-20 00:00:00",18889.65,1125
"2017-02-27 00:00:00",39999.9,1228.19
"2017-03-06 00:00:00",18575.28,1193.52
"2017-03-13 00:00:00",36610.57,1150.78
"2017-03-20 00:00:00",64511.7,1017.11
"2017-03-27 00:00:00",78622.92,1050.96
"2017-04-03 00:00:00",14851.29,1160.79
"2017-04-10 00:00:00",-14529.419139,1170.39
"2017-04-17 00:00:00",-43795.671067,1221.07
"2017-04-24 00:00:00",4135.75,1298.75
"2017-05-01 00:00:00",50619.65,1487.88
"2017-05-08 00:00:00",-9519.141996,1714.5
"2017-05-15 00:00:00",13994.16,1862.21
"2017-05-22 00:00:00",81281.27,2258.82
"2017-05-29 00:00:00",22162.57,2367.46
"2017-06-05 00:00:00",8438.34,2786.04
"2017-06-12 00:00:00",31487.04,2563.04
"2017-06-19 00:00:00",10434.59,2659.59
"2017-06-26 00:00:00",46405.2,2495.73
"2017-07-03 00:00:00",49675.54,2572.28
"2017-07-10 00:00:00",47270.73,2252.81
"2017-07-17 00:00:00",17402.49,2510.54
"2017-07-24 00:00:00",202058.4,2680.99
"2017-07-31 00:00:00",473514.19,2898.7
"2017-08-07 00:00:00",99527.3,3548.02
"2017-08-14 00:00:00",41380.02,4165.17
"2017-08-21 00:00:00",25679.52,4196.23
"2017-08-28 00:00:00",32350.11,4588.25
"2017-09-04 00:00:00",52432.22,4375.31
"2017-09-11 00:00:00",65692.34,3826.45
"2017-09-18 00:00:00",-5513.324189,3802.46
"2017-09-25 00:00:00",110843.36,4104.75
"2017-10-02 00:00:00",36741.54,4365.03
"2017-10-09 00:00:00",66111.92,5206.4
"2017-10-16 00:00:00",28781.12,5727.07
"2017-10-23 00:00:00",-6003.532743,5788.28
"2017-10-30 00:00:00",23405.95,6835.21
"2017-11-06 00:00:00",47123.8,6904.8
"2017-11-13 00:00:00",43112.21,7241.05
"2017-11-20 00:00:00",-11401.866147,8319.55
"2017-11-27 00:00:00",61981.87,10243.69
"2017-12-04 00:00:00",56377.19,13656.86
"2017-12-11 00:00:00",238860.81,17292.75
"2017-12-18 00:00:00",17629.54,15786.45
"2017-12-25 00:00:00",69685.68,14244.84
"2018-01-01 00:00:00",120605.07,15227.3
"2018-01-08 00:00:00",63888.16,14203.35
"2018-01-15 00:00:00",84394.25,11866.17
"2018-01-22 00:00:00",24701.55,11146.74
"2018-01-29 00:00:00",11911.13,9649.47
"2018-02-05 00:00:00",146725.65,7939.09
"2018-02-12 00:00:00",179884.13,9622.91
"2018-02-19 00:00:00",116900.38,10424.18
"2018-02-26 00:00:00",30271.21,10771.62
"2018-03-05 00:00:00",18361.74,9931.43
"2018-03-12 00:00:00",6187.85,8485
"2018-03-19 00:00:00",70181.77,8693.13
"2018-03-26 00:00:00",76961.34,7470.01
"2018-04-02 00:00:00",49828.23,7030.92
"2018-04-09 00:00:00",55380.64,7472.14
"2018-04-16 00:00:00",141682.08,8408.49
"2018-04-23 00:00:00",151105.32,9172.56
"2018-04-30 00:00:00",-1900.48284,9451.31
"2018-05-07 00:00:00",-10393.667291,8969.41
"2018-05-14 00:00:00",110755.53,8367.89
"2018-05-21 00:00:00",-32.931756,7746.34
"2018-05-28 00:00:00",-11026.794031,7464.82
"2018-06-04 00:00:00",49657.17,7538.83
"2018-06-11 00:00:00",12669.27,6548.73
"2018-06-18 00:00:00",20814.14,6470.06
"2018-06-25 00:00:00",142764.37,6179.54
"2018-07-02 00:00:00",-15972.339379,6541.09
"2018-07-09 00:00:00",8046.72,6372.74
"2018-07-16 00:00:00",6928.09,7250.52
"2018-07-23 00:00:00",-4370.43262,8061.97
"2018-07-30 00:00:00",33486.1,7545.46
"2018-08-06 00:00:00",6316.26,6521.82
"2018-08-13 00:00:00",16033.25,6364.34
"2018-08-20 00:00:00",7529.32,6552.37
"2018-08-27 00:00:00",38241.74,7030.93
"2018-09-03 00:00:00",16143.9,6747.21
"2018-09-10 00:00:00",-14904.978088,6402.38
"2018-09-17 00:00:00",-212.957665,6510.05
"2018-09-24 00:00:00",-2144.365914,6573.91
"2018-10-01 00:00:00",-15743.202047,6566.69
"2018-10-08 00:00:00",17441.95,6426.29
"2018-10-15 00:00:00",18648.98,6566.94
"2018-10-22 00:00:00",67468.72,6476.42
"2018-10-29 00:00:00",34555.51,6366.32
"2018-11-05 00:00:00",7755.78,6438.93
"2018-11-12 00:00:00",7943.37,5854.65
"2018-11-19 00:00:00",41537.81,4421.69
"2018-11-26 00:00:00",33427.78,4064.87
"2018-12-03 00:00:00",18161.37,3694.07
"2018-12-10 00:00:00",30792.38,3363.57
"2018-12-17 00:00:00",25024.88,3840.59
"2018-12-24 00:00:00",71178.6,3887.3
"2018-12-31 00:00:00",-2457.142739,3873.53
"2019-01-07 00:00:00",135541.05,3853.96
"2019-01-14 00:00:00",102434.5,3659.89
"2019-01-21 00:00:00",-3693.065389,3578.68
"2019-01-28 00:00:00",13311.62,3456.19
"2019-02-04 00:00:00",-9943.130759,3503.56
"2019-02-11 00:00:00",24423.22,3622.53
"2019-02-18 00:00:00",20105.73,3954.07
"2019-02-25 00:00:00",12980.25,3823.4
"2019-03-04 00:00:00",30371.14,3863.55
"2019-03-11 00:00:00",11623.2,3916.33
"2019-03-18 00:00:00",4193.15,4006.34
"2019-03-25 00:00:00",13517.73,4027.36
"2019-04-01 00:00:00",-15921.111369,4857
"2019-04-08 00:00:00",14730.46,5168.76
"2019-04-15 00:00:00",7166.35,5230.41
"2019-04-22 00:00:00",-10885.412303,5339.97
"2019-04-29 00:00:00",28987.1,5512.5
"2019-05-06 00:00:00",67226.92,6277.21
"2019-05-13 00:00:00",-14993.587635,7708.43
"2019-05-20 00:00:00",46843.05,7960.18
"2019-05-27 00:00:00",287139.54,8600.83
"2019-06-03 00:00:00",295228.77,7892.25
"2019-06-10 00:00:00",75717.83,8317.08
"2019-06-17 00:00:00",190498.77,9770.35
"2019-06-24 00:00:00",84091.98,11670.09
"2019-07-01 00:00:00",37720.37,11101.88
"2019-07-08 00:00:00",124501.24,11697.52
"2019-07-15 00:00:00",9318.57,10286.26
"2019-07-22 00:00:00",-1439.895053,9863.02
"2019-07-29 00:00:00",56271.86,10172.12
"2019-08-05 00:00:00",8643.79,11651.48
"2019-08-12 00:00:00",21144.93,10509.55
"2019-08-19 00:00:00",70697.35,10323.38
"2019-08-26 00:00:00",-17078.845964,9845.5
"2019-09-02 00:00:00",98139.73,10469.8
"2019-09-09 00:00:00",-8817.826896,10247.79
"2019-09-16 00:00:00",10950.01,10131.12
"2019-09-23 00:00:00",6034.76,8544.23
"2019-09-30 00:00:00",47.12,8186.08
"2019-10-07 00:00:00",4832.22,8362.3
"2019-10-14 00:00:00",116765.7,8121.82
"2019-10-21 00:00:00",2139.16,8382.08
"2019-10-28 00:00:00",7528.9,9297.53
"2019-11-04 00:00:00",1625.81,9149.22
"2019-11-11 00:00:00",5608.53,8664.84
"2019-11-18 00:00:00",176414.98,7712.5
"2019-11-25 00:00:00",70969.52,7384.94
"2019-12-02 00:00:00",180073.53,7424.7
"2019-12-09 00:00:00",66308.02,7247.74
"2019-12-16 00:00:00",74986.31,7089.19
"2019-12-23 00:00:00",72248.12,7313.15
"2019-12-30 00:00:00",10490.23,7251.52
"2020-01-06 00:00:00",7740.91,7969.01
"2020-01-13 00:00:00",246505.57,8661.38
"2020-01-20 00:00:00",-4538.570756,8515.54
"2020-01-27 00:00:00",29292.22,9242.04
"2020-02-03 00:00:00",195513.89,9628.43
"2020-02-10 00:00:00",36882.28,10120.51
"2020-02-17 00:00:00",-14030.964363,9743.1
"2020-02-24 00:00:00",117836.79,8996.16
"2020-03-02 00:00:00",-13990.101805,8849.42
"2020-03-09 00:00:00",26373.42,6561.87
"2020-03-16 00:00:00",139626.78,5687.18
"2020-03-23 00:00:00",36864.54,6441.13
"2020-03-30 00:00:00",109394.93,6645.2
"2020-04-06 00:00:00",-16567.369773,7112.51
"2020-04-13 00:00:00",-21831.155751,6955.44
"2020-04-20 00:00:00",2196.04,7276.17
"2020-04-27 00:00:00",73225.11,8490.68
"2020-05-04 00:00:00",3488.29,9274.32
"2020-05-11 00:00:00",-9830.497814,9239.1
"2020-05-18 00:00:00",-6737.830226,9353.31
"2020-05-25 00:00:00",2118.03,9231.05
"2020-06-01 00:00:00",15702.04,9694.27
"2020-06-08 00:00:00",-3295.074858,9577.49
"2020-06-15 00:00:00",64093.72,9347.11
"2020-06-22 00:00:00",95272.06,9292.1
"2020-06-29 00:00:00",21820.26,9118.68
"2020-07-06 00:00:00",14940.09,9270.99
"2020-07-13 00:00:00",-611.921974,9182.38
"2020-07-20 00:00:00",512.02,9510.08
"2020-07-27 00:00:00",9975.84,11127.91
"2020-08-03 00:00:00",173257.22,11512.79
"2020-08-10 00:00:00",-8252.870396,11679.56
"2020-08-17 00:00:00",15083.08,11811.59
"2020-08-24 00:00:00",4287.36,11492.92
"2020-08-31 00:00:00",-22368.592794,10936.76
"2020-09-07 00:00:00",10541.59,10275.65
"2020-09-14 00:00:00",13170.45,10853.31
"2020-09-21 00:00:00",-17485.39599,10585.88
"2020-09-28 00:00:00",22427.77,10671.64
"2020-10-05 00:00:00",13598.98,10907.52
"2020-10-12 00:00:00",-8518.456197,11419.51
"2020-10-19 00:00:00",79725.11,12577.56
"2020-10-26 00:00:00",74287.59,13437.01
"2020-11-02 00:00:00",66002.96,14559.16
"2020-11-09 00:00:00",33029.16,15770.33
"2020-11-16 00:00:00",-7862.101484,17766.92
"2020-11-23 00:00:00",38199.08,18008.4
"2020-11-30 00:00:00",51279.51,19034.35
"2020-12-07 00:00:00",146877.6,18546.49
"2020-12-14 00:00:00",191451.33,21611.11
"2020-12-21 00:00:00",22511.32,24224.25
"2020-12-28 00:00:00",117317.24,29136.61
"2021-01-04 00:00:00",42083.82,36369.55
"2021-01-11 00:00:00",10314.65,35923.17
"2021-01-18 00:00:00",15323.19,33803.78
"2021-01-25 00:00:00",52886.08,32943.28
"2021-02-01 00:00:00",39574.35,36851.1
"2021-02-08 00:00:00",112719.25,46292.85
"2021-02-15 00:00:00",64783.29,52158.52
"2021-02-22 00:00:00",64681.49,48417.1
"2021-03-01 00:00:00",62489.12,48908.08
"2021-03-08 00:00:00",56677.29,55939.13
"2021-03-15 00:00:00",44702.98,57401.9
"2021-03-22 00:00:00",31902.87,54412.72
"2021-03-29 00:00:00",5957.23,58155.27
"2021-04-05 00:00:00",117819.97,58314.76
"2021-04-12 00:00:00",124063.02,61088.15
"2021-04-19 00:00:00",72931.14,52577.46
"2021-04-26 00:00:00",65830.19,55050.31
"2021-05-03 00:00:00",57815.19,56899.07
"2021-05-10 00:00:00",81042.46,51596.39
"2021-05-17 00:00:00",10406.14,39095.7
"2021-05-24 00:00:00",86319.79,37254.63
"2021-05-31 00:00:00",55597.4,36826.35
"2021-06-07 00:00:00",39758.52,35667.85
"2021-06-14 00:00:00",15900.06,37880.95
"2021-06-21 00:00:00",5428.03,32852.72
"2021-06-28 00:00:00",-2981.371407,34523.22
"2021-07-05 00:00:00",-1825.108059,33827.18
"2021-07-12 00:00:00",13529.96,32280.38
"2021-07-19 00:00:00",-6052.614447,32308.82
"2021-07-26 00:00:00",91109.22,39825.49
"2021-08-02 00:00:00",27622.58,40850.32
"2021-08-09 00:00:00",24019.08,45865.19
"2021-08-16 00:00:00",19358.09,47027.07
"2021-08-23 00:00:00",95043.82,48567.28
"2021-08-30 00:00:00",48696.24,49013.58
"2021-09-06 00:00:00",205723.6,47035.36
"2021-09-13 00:00:00",69559.13,47083.04
"2021-09-20 00:00:00",80923.54,42956.96
"2021-09-27 00:00:00",52415.35,44503.99
"2021-10-04 00:00:00",67212.24,52988.37
"2021-10-11 00:00:00",-965.378228,58175.49
"2021-10-18 00:00:00",86229.79,62422.23
"2021-10-25 00:00:00",38978.28,61167.98
"2021-11-01 00:00:00",-1302.286187,61807.9
"2021-11-08 00:00:00",42178.29,65218.33
"2021-11-15 00:00:00",44183.79,59934.79
"2021-11-22 00:00:00",14122.38,56516.62
"2021-11-29 00:00:00",97191.21,54631.61
"2021-12-06 00:00:00",75684.76,49375.4
"2021-12-13 00:00:00",18797.92,47514.03
"2021-12-20 00:00:00",104324.74,49357.53
"2021-12-27 00:00:00",47642.62,47983.05
"2022-01-03 00:00:00",26422.16,43785.1
"2022-01-10 00:00:00",11561.35,42687.02
"2022-01-17 00:00:00",33488.16,39663.71
"2022-01-24 00:00:00",149454.39,36982.28
"2022-01-31 00:00:00",98932.27,39107.22
"2022-02-07 00:00:00",23182.18,43354.08
"2022-02-14 00:00:00",58005.89,41619.15
"2022-02-21 00:00:00",54169.9,38182.38
"2022-02-28 00:00:00",30860.55,41486.09
"2022-03-07 00:00:00",29259.87,39258.39
"2022-03-14 00:00:00",168837.64,40554.43
"2022-03-21 00:00:00",201004.67,43356.89
"2022-03-28 00:00:00",130474.22,46708.15
"2022-04-04 00:00:00",168050.92,44023.46
"2022-04-11 00:00:00",46306.74,40376.95
"2022-04-18 00:00:00",11343.76,40447.49
"2022-04-25 00:00:00",53383.86,38901.58
"2022-05-02 00:00:00",21829.62,37047.83
"2022-05-09 00:00:00",146622.89,30164.35
"2022-05-16 00:00:00",-9002.829214,29761.21
"2022-05-23 00:00:00",15839.52,29218.96
"2022-05-30 00:00:00",62329.36,30395.42
"2022-06-06 00:00:00",24386.44,29707.98
"2022-06-13 00:00:00",230299.84,21248.99
"2022-06-20 00:00:00",4052.34,20850.79
"2022-06-27 00:00:00",5263.3,19926.55
"2022-07-04 00:00:00",69795.19,20780.35
"2022-07-11 00:00:00",41132.69,20407.15
"2022-07-18 00:00:00",79234.28,22739.52
"2022-07-25 00:00:00",-4915.724358,22884.53
"2022-08-01 00:00:00",-7105.884434,23074.48
"2022-08-08 00:00:00",-4434.781391,24021.83
"2022-08-15 00:00:00",-6735.674932,22871.53
"2022-08-22 00:00:00",6740.97,20929.93
"2022-08-29 00:00:00",12731.75,19976.75
"2022-09-05 00:00:00",6714.92,20149.44
"2022-09-12 00:00:00",41200.8,20387.72
"2022-09-19 00:00:00",37389.51,19010.14
"2022-09-26 00:00:00",7632.86,19310.75
"2022-10-03 00:00:00",-3555.036723,19732.72
"2022-10-10 00:00:00",33761.56,19170.18
"2022-10-17 00:00:00",-3496.837987,19244
"2022-10-24 00:00:00",54002.49,20317.35
"2022-10-31 00:00:00",83538.06,20691.33
"2022-11-07 00:00:00",16264.09,17739.97
"2022-11-14 00:00:00",149802.79,16628.52
"2022-11-21 00:00:00",32280.91,16335.34
"2022-11-28 00:00:00",120237.3,16778.27
"2022-12-05 00:00:00",2387.58,17089.5
"2022-12-12 00:00:00",-55542.146734,17240.38
"2022-12-19 00:00:00",-8407.641041,16756.11
"2022-12-26 00:00:00",10343.15,16635.98
"2023-01-02 00:00:00",21757.77,16826.2
"2023-01-09 00:00:00",-9822.598332,18779.82
"2023-01-16 00:00:00",7411.37,21657.25
"2023-01-23 00:00:00",27551.93,23054.67
"2023-01-30 00:00:00",5531.64,23330.93
"2023-02-06 00:00:00",593.45,22387.33
"2023-02-13 00:00:00",4468.75,23533.7
"2023-02-20 00:00:00",8730.03,23884.02
"2023-02-27 00:00:00",15874.99,23053.22
"2023-03-06 00:00:00",21554.52,21330.9
"2023-03-13 00:00:00",33758.37,25584.41
"2023-03-20 00:00:00",42040.56,27811.13
"2023-03-27 00:00:00",-5900.635886,27947.59
"2023-04-03 00:00:00",1336.33,28052.02
"2023-04-10 00:00:00",89077.06,30100.85
"2023-04-17 00:00:00",22377.66,28648.93
"2023-04-24 00:00:00",10447.93,28737.62
"2023-05-01 00:00:00",102472.59,28852.99
"2023-05-08 00:00:00",19818.14,27265.9
"2023-05-15 00:00:00",2342.11,27024.72
"2023-05-22 00:00:00",66042.48,26822.28
"2023-05-29 00:00:00",47982.23,27344.74
"2023-06-05 00:00:00",-30191.715396,26345.58
"2023-06-12 00:00:00",17635.01,25915.6
"2023-06-19 00:00:00",115925.75,29367.07
"2023-06-26 00:00:00",14668.54,30437.27
"2023-07-03 00:00:00",-1912.754168,30537.65
"2023-07-10 00:00:00",1058.61,30584.71
"2023-07-17 00:00:00",16184.51,29948.54
"2023-07-24 00:00:00",13372.99,29330.7
"2023-07-31 00:00:00",-1680.279104,29178.91
"2023-08-07 00:00:00",6537.26,29430.95
"2023-08-14 00:00:00",38131.32,27579.84
"2023-08-21 00:00:00",11857.97,26065.06
"2023-08-28 00:00:00",40642.18,26376.76
"2023-09-04 00:00:00",-4016.939097,25859.49
"2023-09-11 00:00:00",-775.409043,26213.87
"2023-09-18 00:00:00",21111.44,26785.92
"2023-09-25 00:00:00",1442.11,26742.79
"2023-10-02 00:00:00",4006.02,27747.75
"2023-10-09 00:00:00",8437.05,27107.21
"2023-10-16 00:00:00",222.04,29047.49
"2023-10-23 00:00:00",17472.22,33916.37
"2023-10-30 00:00:00",10617.65,34756.4
"2023-11-06 00:00:00",52167.68,36233.66
"2023-11-13 00:00:00",2220.51,36557.46
"2023-11-20 00:00:00",-17986.88234,37301.8
"2023-11-27 00:00:00",2726.32,38268.57
"2023-12-04 00:00:00",15817.37,43314.28
"2023-12-11 00:00:00",32413.56,42020.25
"2023-12-18 00:00:00",-4231.92858,43168.97
"2023-12-25 00:00:00",31314.99,42650.14
"2024-01-01 00:00:00",13544.06,43742.61
"2024-01-08 00:00:00",16045.39,44885.46
"2024-01-15 00:00:00",3369.13,42035.49
"2024-01-22 00:00:00",6263.33,40682.73
"2024-01-29 00:00:00",47095.57,42881.29
"2024-02-05 00:00:00",-1667.394871,45226.99
"2024-02-12 00:00:00",-1327.062809,50927.79
"2024-02-19 00:00:00",34407.95,51533.01
"2024-02-26 00:00:00",-491.04871,59683.71
"2024-03-04 00:00:00",157672.69,66773.14
"2024-03-11 00:00:00",44183.15,69655.72
"2024-03-18 00:00:00",77904.72,65448.44
"2024-03-25 00:00:00",3365.65,69998.54
"2024-04-01 00:00:00",27897.04,67903.16
"2024-04-08 00:00:00",8278.33,68241.08
"2024-04-15 00:00:00",-1588.499341,64615.51