DateTime,Number Of Transactions,Price
2009-01-03T00:00:00.000Z,1,
2009-01-04T00:00:00.000Z,,
2009-01-05T00:00:00.000Z,,
2009-01-06T00:00:00.000Z,,
2009-01-07T00:00:00.000Z,,
2009-01-08T00:00:00.000Z,,
2009-01-09T00:00:00.000Z,14,
2009-01-10T00:00:00.000Z,61,
2009-01-11T00:00:00.000Z,93,
2009-01-12T00:00:00.000Z,101,
2009-01-13T00:00:00.000Z,123,
2009-01-14T00:00:00.000Z,130,
2009-01-15T00:00:00.000Z,134,
2009-01-16T00:00:00.000Z,110,
2009-01-17T00:00:00.000Z,109,
2009-01-18T00:00:00.000Z,108,
2009-01-19T00:00:00.000Z,117,
2009-01-20T00:00:00.000Z,115,
2009-01-21T00:00:00.000Z,103,
2009-01-22T00:00:00.000Z,92,
2009-01-23T00:00:00.000Z,86,
2009-01-24T00:00:00.000Z,202,
2009-01-25T00:00:00.000Z,192,
2009-01-26T00:00:00.000Z,97,
2009-01-27T00:00:00.000Z,98,
2009-01-28T00:00:00.000Z,112,
2009-01-29T00:00:00.000Z,122,
2009-01-30T00:00:00.000Z,117,
2009-01-31T00:00:00.000Z,139,
2009-02-01T00:00:00.000Z,114,
2009-02-02T00:00:00.000Z,129,
2009-02-03T00:00:00.000Z,155,
2009-02-04T00:00:00.000Z,119,
2009-02-05T00:00:00.000Z,126,
2009-02-06T00:00:00.000Z,122,
2009-02-07T00:00:00.000Z,133,
2009-02-08T00:00:00.000Z,133,
2009-02-09T00:00:00.000Z,135,
2009-02-10T00:00:00.000Z,120,
2009-02-11T00:00:00.000Z,135,
2009-02-12T00:00:00.000Z,119,
2009-02-13T00:00:00.000Z,124,
2009-02-14T00:00:00.000Z,136,
2009-02-15T00:00:00.000Z,131,
2009-02-16T00:00:00.000Z,123,
2009-02-17T00:00:00.000Z,117,
2009-02-18T00:00:00.000Z,118,
2009-02-19T00:00:00.000Z,125,
2009-02-20T00:00:00.000Z,122,
2009-02-21T00:00:00.000Z,114,
2009-02-22T00:00:00.000Z,125,
2009-02-23T00:00:00.000Z,108,
2009-02-24T00:00:00.000Z,106,
2009-02-25T00:00:00.000Z,105,
2009-02-26T00:00:00.000Z,107,
2009-02-27T00:00:00.000Z,116,
2009-02-28T00:00:00.000Z,100,
2009-03-01T00:00:00.000Z,105,
2009-03-02T00:00:00.000Z,108,
2009-03-03T00:00:00.000Z,107,
2009-03-04T00:00:00.000Z,106,
2009-03-05T00:00:00.000Z,113,
2009-03-06T00:00:00.000Z,117,
2009-03-07T00:00:00.000Z,109,
2009-03-08T00:00:00.000Z,118,
2009-03-09T00:00:00.000Z,108,
2009-03-10T00:00:00.000Z,107,
2009-03-11T00:00:00.000Z,114,
2009-03-12T00:00:00.000Z,119,
2009-03-13T00:00:00.000Z,114,
2009-03-14T00:00:00.000Z,110,
2009-03-15T00:00:00.000Z,123,
2009-03-16T00:00:00.000Z,122,
2009-03-17T00:00:00.000Z,114,
2009-03-18T00:00:00.000Z,116,
2009-03-19T00:00:00.000Z,122,
2009-03-20T00:00:00.000Z,119,
2009-03-21T00:00:00.000Z,50,
2009-03-22T00:00:00.000Z,121,
2009-03-23T00:00:00.000Z,130,
2009-03-24T00:00:00.000Z,105,
2009-03-25T00:00:00.000Z,117,
2009-03-26T00:00:00.000Z,118,
2009-03-27T00:00:00.000Z,106,
2009-03-28T00:00:00.000Z,122,
2009-03-29T00:00:00.000Z,116,
2009-03-30T00:00:00.000Z,120,
2009-03-31T00:00:00.000Z,111,
2009-04-01T00:00:00.000Z,114,
2009-04-02T00:00:00.000Z,115,
2009-04-03T00:00:00.000Z,116,
2009-04-04T00:00:00.000Z,113,
2009-04-05T00:00:00.000Z,132,
2009-04-06T00:00:00.000Z,109,
2009-04-07T00:00:00.000Z,100,
2009-04-08T00:00:00.000Z,105,
2009-04-09T00:00:00.000Z,99,
2009-04-10T00:00:00.000Z,108,
2009-04-11T00:00:00.000Z,121,
2009-04-12T00:00:00.000Z,120,
2009-04-13T00:00:00.000Z,116,
2009-04-14T00:00:00.000Z,124,
2009-04-15T00:00:00.000Z,113,
2009-04-16T00:00:00.000Z,123,
2009-04-17T00:00:00.000Z,112,
2009-04-18T00:00:00.000Z,130,
2009-04-19T00:00:00.000Z,120,
2009-04-20T00:00:00.000Z,121,
2009-04-21T00:00:00.000Z,124,
2009-04-22T00:00:00.000Z,121,
2009-04-23T00:00:00.000Z,75,
2009-04-24T00:00:00.000Z,115,
2009-04-25T00:00:00.000Z,118,
2009-04-26T00:00:00.000Z,114,
2009-04-27T00:00:00.000Z,104,
2009-04-28T00:00:00.000Z,117,
2009-04-29T00:00:00.000Z,129,
2009-04-30T00:00:00.000Z,131,
2009-05-01T00:00:00.000Z,121,
2009-05-02T00:00:00.000Z,128,
2009-05-03T00:00:00.000Z,109,
2009-05-04T00:00:00.000Z,129,
2009-05-05T00:00:00.000Z,136,
2009-05-06T00:00:00.000Z,135,
2009-05-07T00:00:00.000Z,122,
2009-05-08T00:00:00.000Z,107,
2009-05-09T00:00:00.000Z,78,
2009-05-10T00:00:00.000Z,85,
2009-05-11T00:00:00.000Z,121,
2009-05-12T00:00:00.000Z,130,
2009-05-13T00:00:00.000Z,116,
2009-05-14T00:00:00.000Z,142,
2009-05-15T00:00:00.000Z,137,
2009-05-16T00:00:00.000Z,119,
2009-05-17T00:00:00.000Z,127,
2009-05-18T00:00:00.000Z,118,
2009-05-19T00:00:00.000Z,86,
2009-05-20T00:00:00.000Z,120,
2009-05-21T00:00:00.000Z,82,
2009-05-22T00:00:00.000Z,61,
2009-05-23T00:00:00.000Z,32,
2009-05-24T00:00:00.000Z,100,
2009-05-25T00:00:00.000Z,109,
2009-05-26T00:00:00.000Z,125,
2009-05-27T00:00:00.000Z,119,
2009-05-28T00:00:00.000Z,95,
2009-05-29T00:00:00.000Z,107,
2009-05-30T00:00:00.000Z,109,
2009-05-31T00:00:00.000Z,96,
2009-06-01T00:00:00.000Z,72,
2009-06-02T00:00:00.000Z,111,
2009-06-03T00:00:00.000Z,71,
2009-06-04T00:00:00.000Z,66,
2009-06-05T00:00:00.000Z,30,
2009-06-06T00:00:00.000Z,28,
2009-06-07T00:00:00.000Z,16,
2009-06-08T00:00:00.000Z,82,
2009-06-09T00:00:00.000Z,91,
2009-06-10T00:00:00.000Z,82,
2009-06-11T00:00:00.000Z,89,
2009-06-12T00:00:00.000Z,86,
2009-06-13T00:00:00.000Z,78,
2009-06-14T00:00:00.000Z,72,
2009-06-15T00:00:00.000Z,84,
2009-06-16T00:00:00.000Z,71,
2009-06-17T00:00:00.000Z,79,
2009-06-18T00:00:00.000Z,80,
2009-06-19T00:00:00.000Z,87,
2009-06-20T00:00:00.000Z,78,
2009-06-21T00:00:00.000Z,81,
2009-06-22T00:00:00.000Z,77,
2009-06-23T00:00:00.000Z,76,
2009-06-24T00:00:00.000Z,97,
2009-06-25T00:00:00.000Z,69,
2009-06-26T00:00:00.000Z,90,
2009-06-27T00:00:00.000Z,84,
2009-06-28T00:00:00.000Z,47,
2009-06-29T00:00:00.000Z,84,
2009-06-30T00:00:00.000Z,86,
2009-07-01T00:00:00.000Z,75,
2009-07-02T00:00:00.000Z,84,
2009-07-03T00:00:00.000Z,82,
2009-07-04T00:00:00.000Z,89,
2009-07-05T00:00:00.000Z,79,
2009-07-06T00:00:00.000Z,84,
2009-07-07T00:00:00.000Z,69,
2009-07-08T00:00:00.000Z,74,
2009-07-09T00:00:00.000Z,86,
2009-07-10T00:00:00.000Z,81,
2009-07-11T00:00:00.000Z,83,
2009-07-12T00:00:00.000Z,77,
2009-07-13T00:00:00.000Z,78,
2009-07-14T00:00:00.000Z,69,
2009-07-15T00:00:00.000Z,45,
2009-07-16T00:00:00.000Z,71,
2009-07-17T00:00:00.000Z,47,
2009-07-18T00:00:00.000Z,4,
2009-07-19T00:00:00.000Z,70,
2009-07-20T00:00:00.000Z,71,
2009-07-21T00:00:00.000Z,82,
2009-07-22T00:00:00.000Z,60,
2009-07-23T00:00:00.000Z,76,
2009-07-24T00:00:00.000Z,73,
2009-07-25T00:00:00.000Z,32,
2009-07-26T00:00:00.000Z,21,
2009-07-27T00:00:00.000Z,74,
2009-07-28T00:00:00.000Z,41,
2009-07-29T00:00:00.000Z,20,
2009-07-30T00:00:00.000Z,16,
2009-07-31T00:00:00.000Z,17,
2009-08-01T00:00:00.000Z,28,
2009-08-02T00:00:00.000Z,23,
2009-08-03T00:00:00.000Z,12,
2009-08-04T00:00:00.000Z,81,
2009-08-05T00:00:00.000Z,87,
2009-08-06T00:00:00.000Z,90,
2009-08-07T00:00:00.000Z,81,
2009-08-08T00:00:00.000Z,80,
2009-08-09T00:00:00.000Z,101,
2009-08-10T00:00:00.000Z,75,
2009-08-11T00:00:00.000Z,70,
2009-08-12T00:00:00.000Z,63,
2009-08-13T00:00:00.000Z,85,
2009-08-14T00:00:00.000Z,63,
2009-08-15T00:00:00.000Z,26,
2009-08-16T00:00:00.000Z,19,
2009-08-17T00:00:00.000Z,17,
2009-08-18T00:00:00.000Z,10,
2009-08-19T00:00:00.000Z,18,
2009-08-20T00:00:00.000Z,22,
2009-08-21T00:00:00.000Z,14,
2009-08-22T00:00:00.000Z,7,
2009-08-23T00:00:00.000Z,15,
2009-08-24T00:00:00.000Z,15,
2009-08-25T00:00:00.000Z,50,
2009-08-26T00:00:00.000Z,51,
2009-08-27T00:00:00.000Z,29,
2009-08-28T00:00:00.000Z,75,
2009-08-29T00:00:00.000Z,78,
2009-08-30T00:00:00.000Z,98,
2009-08-31T00:00:00.000Z,87,
2009-09-01T00:00:00.000Z,78,
2009-09-02T00:00:00.000Z,66,
2009-09-03T00:00:00.000Z,62,
2009-09-04T00:00:00.000Z,64,
2009-09-05T00:00:00.000Z,76,
2009-09-06T00:00:00.000Z,68,
2009-09-07T00:00:00.000Z,79,
2009-09-08T00:00:00.000Z,69,
2009-09-09T00:00:00.000Z,54,
2009-09-10T00:00:00.000Z,67,
2009-09-11T00:00:00.000Z,67,
2009-09-12T00:00:00.000Z,69,
2009-09-13T00:00:00.000Z,75,
2009-09-14T00:00:00.000Z,74,
2009-09-15T00:00:00.000Z,44,
2009-09-16T00:00:00.000Z,73,
2009-09-17T00:00:00.000Z,85,
2009-09-18T00:00:00.000Z,78,
2009-09-19T00:00:00.000Z,74,
2009-09-20T00:00:00.000Z,78,
2009-09-21T00:00:00.000Z,70,
2009-09-22T00:00:00.000Z,26,
2009-09-23T00:00:00.000Z,36,
2009-09-24T00:00:00.000Z,97,
2009-09-25T00:00:00.000Z,93,
2009-09-26T00:00:00.000Z,100,
2009-09-27T00:00:00.000Z,88,
2009-09-28T00:00:00.000Z,85,
2009-09-29T00:00:00.000Z,90,
2009-09-30T00:00:00.000Z,85,
2009-10-01T00:00:00.000Z,82,
2009-10-02T00:00:00.000Z,73,
2009-10-03T00:00:00.000Z,58,
2009-10-04T00:00:00.000Z,53,
2009-10-05T00:00:00.000Z,55,
2009-10-06T00:00:00.000Z,45,
2009-10-07T00:00:00.000Z,60,
2009-10-08T00:00:00.000Z,70,
2009-10-09T00:00:00.000Z,79,
2009-10-10T00:00:00.000Z,77,
2009-10-11T00:00:00.000Z,74,
2009-10-12T00:00:00.000Z,59,
2009-10-13T00:00:00.000Z,57,
2009-10-14T00:00:00.000Z,69,
2009-10-15T00:00:00.000Z,71,
2009-10-16T00:00:00.000Z,61,
2009-10-17T00:00:00.000Z,57,
2009-10-18T00:00:00.000Z,75,
2009-10-19T00:00:00.000Z,112,
2009-10-20T00:00:00.000Z,96,
2009-10-21T00:00:00.000Z,81,
2009-10-22T00:00:00.000Z,91,
2009-10-23T00:00:00.000Z,89,
2009-10-24T00:00:00.000Z,63,
2009-10-25T00:00:00.000Z,76,
2009-10-26T00:00:00.000Z,71,
2009-10-27T00:00:00.000Z,65,
2009-10-28T00:00:00.000Z,66,
2009-10-29T00:00:00.000Z,48,
2009-10-30T00:00:00.000Z,60,
2009-10-31T00:00:00.000Z,46,
2009-11-01T00:00:00.000Z,25,
2009-11-02T00:00:00.000Z,33,
2009-11-03T00:00:00.000Z,62,
2009-11-04T00:00:00.000Z,64,
2009-11-05T00:00:00.000Z,57,
2009-11-06T00:00:00.000Z,62,
2009-11-07T00:00:00.000Z,69,
2009-11-08T00:00:00.000Z,73,
2009-11-09T00:00:00.000Z,64,
2009-11-10T00:00:00.000Z,78,
2009-11-11T00:00:00.000Z,73,
2009-11-12T00:00:00.000Z,66,
2009-11-13T00:00:00.000Z,83,
2009-11-14T00:00:00.000Z,79,
2009-11-15T00:00:00.000Z,96,
2009-11-16T00:00:00.000Z,97,
2009-11-17T00:00:00.000Z,92,
2009-11-18T00:00:00.000Z,79,
2009-11-19T00:00:00.000Z,72,
2009-11-20T00:00:00.000Z,86,
2009-11-21T00:00:00.000Z,73,
2009-11-22T00:00:00.000Z,106,
2009-11-23T00:00:00.000Z,96,
2009-11-24T00:00:00.000Z,93,
2009-11-25T00:00:00.000Z,90,
2009-11-26T00:00:00.000Z,84,
2009-11-27T00:00:00.000Z,74,
2009-11-28T00:00:00.000Z,71,
2009-11-29T00:00:00.000Z,60,
2009-11-30T00:00:00.000Z,75,
2009-12-01T00:00:00.000Z,74,
2009-12-02T00:00:00.000Z,94,
2009-12-03T00:00:00.000Z,88,
2009-12-04T00:00:00.000Z,36,
2009-12-05T00:00:00.000Z,65,
2009-12-06T00:00:00.000Z,105,
2009-12-07T00:00:00.000Z,112,
2009-12-08T00:00:00.000Z,107,
2009-12-09T00:00:00.000Z,109,
2009-12-10T00:00:00.000Z,104,
2009-12-11T00:00:00.000Z,112,
2009-12-12T00:00:00.000Z,112,
2009-12-13T00:00:00.000Z,114,
2009-12-14T00:00:00.000Z,107,
2009-12-15T00:00:00.000Z,112,
2009-12-16T00:00:00.000Z,137,
2009-12-17T00:00:00.000Z,172,
2009-12-18T00:00:00.000Z,225,
2009-12-19T00:00:00.000Z,199,
2009-12-20T00:00:00.000Z,175,
2009-12-21T00:00:00.000Z,176,
2009-12-22T00:00:00.000Z,162,
2009-12-23T00:00:00.000Z,154,
2009-12-24T00:00:00.000Z,154,
2009-12-25T00:00:00.000Z,150,
2009-12-26T00:00:00.000Z,174,
2009-12-27T00:00:00.000Z,168,
2009-12-28T00:00:00.000Z,137,
2009-12-29T00:00:00.000Z,171,
2009-12-30T00:00:00.000Z,141,
2009-12-31T00:00:00.000Z,138,
2010-01-01T00:00:00.000Z,134,
2010-01-02T00:00:00.000Z,126,
2010-01-03T00:00:00.000Z,186,
2010-01-04T00:00:00.000Z,183,
2010-01-05T00:00:00.000Z,198,
2010-01-06T00:00:00.000Z,163,
2010-01-07T00:00:00.000Z,154,
2010-01-08T00:00:00.000Z,153,
2010-01-09T00:00:00.000Z,151,
2010-01-10T00:00:00.000Z,190,
2010-01-11T00:00:00.000Z,159,
2010-01-12T00:00:00.000Z,161,
2010-01-13T00:00:00.000Z,166,
2010-01-14T00:00:00.000Z,145,
2010-01-15T00:00:00.000Z,142,
2010-01-16T00:00:00.000Z,126,
2010-01-17T00:00:00.000Z,131,
2010-01-18T00:00:00.000Z,126,
2010-01-19T00:00:00.000Z,124,
2010-01-20T00:00:00.000Z,158,
2010-01-21T00:00:00.000Z,184,
2010-01-22T00:00:00.000Z,136,
2010-01-23T00:00:00.000Z,162,
2010-01-24T00:00:00.000Z,155,
2010-01-25T00:00:00.000Z,215,
2010-01-26T00:00:00.000Z,201,
2010-01-27T00:00:00.000Z,166,
2010-01-28T00:00:00.000Z,179,
2010-01-29T00:00:00.000Z,201,
2010-01-30T00:00:00.000Z,214,
2010-01-31T00:00:00.000Z,167,
2010-02-01T00:00:00.000Z,193,
2010-02-02T00:00:00.000Z,146,
2010-02-03T00:00:00.000Z,272,
2010-02-04T00:00:00.000Z,234,
2010-02-05T00:00:00.000Z,227,
2010-02-06T00:00:00.000Z,206,
2010-02-07T00:00:00.000Z,222,
2010-02-08T00:00:00.000Z,208,
2010-02-09T00:00:00.000Z,210,
2010-02-10T00:00:00.000Z,173,
2010-02-11T00:00:00.000Z,174,
2010-02-12T00:00:00.000Z,188,
2010-02-13T00:00:00.000Z,235,
2010-02-14T00:00:00.000Z,219,
2010-02-15T00:00:00.000Z,185,
2010-02-16T00:00:00.000Z,201,
2010-02-17T00:00:00.000Z,250,
2010-02-18T00:00:00.000Z,215,
2010-02-19T00:00:00.000Z,195,
2010-02-20T00:00:00.000Z,210,
2010-02-21T00:00:00.000Z,227,
2010-02-22T00:00:00.000Z,265,
2010-02-23T00:00:00.000Z,251,
2010-02-24T00:00:00.000Z,177,
2010-02-25T00:00:00.000Z,158,
2010-02-26T00:00:00.000Z,176,
2010-02-27T00:00:00.000Z,175,
2010-02-28T00:00:00.000Z,159,
2010-03-01T00:00:00.000Z,199,
2010-03-02T00:00:00.000Z,193,
2010-03-03T00:00:00.000Z,158,
2010-03-04T00:00:00.000Z,188,
2010-03-05T00:00:00.000Z,173,
2010-03-06T00:00:00.000Z,183,
2010-03-07T00:00:00.000Z,183,
2010-03-08T00:00:00.000Z,130,
2010-03-09T00:00:00.000Z,148,
2010-03-10T00:00:00.000Z,169,
2010-03-11T00:00:00.000Z,136,
2010-03-12T00:00:00.000Z,123,
2010-03-13T00:00:00.000Z,154,
2010-03-14T00:00:00.000Z,127,
2010-03-15T00:00:00.000Z,140,
2010-03-16T00:00:00.000Z,129,
2010-03-17T00:00:00.000Z,139,
2010-03-18T00:00:00.000Z,149,
2010-03-19T00:00:00.000Z,162,
2010-03-20T00:00:00.000Z,204,
2010-03-21T00:00:00.000Z,190,
2010-03-22T00:00:00.000Z,186,
2010-03-23T00:00:00.000Z,220,
2010-03-24T00:00:00.000Z,182,
2010-03-25T00:00:00.000Z,202,
2010-03-26T00:00:00.000Z,213,
2010-03-27T00:00:00.000Z,184,
2010-03-28T00:00:00.000Z,192,
2010-03-29T00:00:00.000Z,207,
2010-03-30T00:00:00.000Z,221,
2010-03-31T00:00:00.000Z,214,
2010-04-01T00:00:00.000Z,179,
2010-04-02T00:00:00.000Z,161,
2010-04-03T00:00:00.000Z,166,
2010-04-04T00:00:00.000Z,183,
2010-04-05T00:00:00.000Z,181,
2010-04-06T00:00:00.000Z,174,
2010-04-07T00:00:00.000Z,204,
2010-04-08T00:00:00.000Z,195,
2010-04-09T00:00:00.000Z,224,
2010-04-10T00:00:00.000Z,298,
2010-04-11T00:00:00.000Z,265,
2010-04-12T00:00:00.000Z,247,
2010-04-13T00:00:00.000Z,209,
2010-04-14T00:00:00.000Z,223,
2010-04-15T00:00:00.000Z,290,
2010-04-16T00:00:00.000Z,234,
2010-04-17T00:00:00.000Z,250,
2010-04-18T00:00:00.000Z,3351,
2010-04-19T00:00:00.000Z,276,
2010-04-20T00:00:00.000Z,243,
2010-04-21T00:00:00.000Z,251,
2010-04-22T00:00:00.000Z,199,
2010-04-23T00:00:00.000Z,200,
2010-04-24T00:00:00.000Z,202,
2010-04-25T00:00:00.000Z,205,
2010-04-26T00:00:00.000Z,211,
2010-04-27T00:00:00.000Z,233,
2010-04-28T00:00:00.000Z,227,
2010-04-29T00:00:00.000Z,180,
2010-04-30T00:00:00.000Z,170,
2010-05-01T00:00:00.000Z,210,
2010-05-02T00:00:00.000Z,180,
2010-05-03T00:00:00.000Z,188,
2010-05-04T00:00:00.000Z,177,
2010-05-05T00:00:00.000Z,162,
2010-05-06T00:00:00.000Z,177,
2010-05-07T00:00:00.000Z,158,
2010-05-08T00:00:00.000Z,182,
2010-05-09T00:00:00.000Z,183,
2010-05-10T00:00:00.000Z,157,
2010-05-11T00:00:00.000Z,130,
2010-05-12T00:00:00.000Z,159,
2010-05-13T00:00:00.000Z,167,
2010-05-14T00:00:00.000Z,153,
2010-05-15T00:00:00.000Z,113,
2010-05-16T00:00:00.000Z,133,
2010-05-17T00:00:00.000Z,178,
2010-05-18T00:00:00.000Z,223,
2010-05-19T00:00:00.000Z,207,
2010-05-20T00:00:00.000Z,237,
2010-05-21T00:00:00.000Z,235,
2010-05-22T00:00:00.000Z,226,
2010-05-23T00:00:00.000Z,309,
2010-05-24T00:00:00.000Z,250,
2010-05-25T00:00:00.000Z,254,
2010-05-26T00:00:00.000Z,287,
2010-05-27T00:00:00.000Z,267,
2010-05-28T00:00:00.000Z,277,
2010-05-29T00:00:00.000Z,239,
2010-05-30T00:00:00.000Z,200,
2010-05-31T00:00:00.000Z,194,
2010-06-01T00:00:00.000Z,183,
2010-06-02T00:00:00.000Z,194,
2010-06-03T00:00:00.000Z,235,
2010-06-04T00:00:00.000Z,173,
2010-06-05T00:00:00.000Z,190,
2010-06-06T00:00:00.000Z,200,
2010-06-07T00:00:00.000Z,209,
2010-06-08T00:00:00.000Z,223,
2010-06-09T00:00:00.000Z,220,
2010-06-10T00:00:00.000Z,217,
2010-06-11T00:00:00.000Z,247,
2010-06-12T00:00:00.000Z,213,
2010-06-13T00:00:00.000Z,239,
2010-06-14T00:00:00.000Z,257,
2010-06-15T00:00:00.000Z,269,
2010-06-16T00:00:00.000Z,192,
2010-06-17T00:00:00.000Z,204,
2010-06-18T00:00:00.000Z,193,
2010-06-19T00:00:00.000Z,214,
2010-06-20T00:00:00.000Z,228,
2010-06-21T00:00:00.000Z,242,
2010-06-22T00:00:00.000Z,227,
2010-06-23T00:00:00.000Z,257,
2010-06-24T00:00:00.000Z,240,
2010-06-25T00:00:00.000Z,210,
2010-06-26T00:00:00.000Z,201,
2010-06-27T00:00:00.000Z,234,
2010-06-28T00:00:00.000Z,230,
2010-06-29T00:00:00.000Z,264,
2010-06-30T00:00:00.000Z,273,
2010-07-01T00:00:00.000Z,284,
2010-07-02T00:00:00.000Z,241,
2010-07-03T00:00:00.000Z,286,
2010-07-04T00:00:00.000Z,224,
2010-07-05T00:00:00.000Z,252,
2010-07-06T00:00:00.000Z,208,
2010-07-07T00:00:00.000Z,218,
2010-07-08T00:00:00.000Z,223,
2010-07-09T00:00:00.000Z,268,
2010-07-10T00:00:00.000Z,240,
2010-07-11T00:00:00.000Z,353,
2010-07-12T00:00:00.000Z,2300,
2010-07-13T00:00:00.000Z,1479,
2010-07-14T00:00:00.000Z,6132,
2010-07-15T00:00:00.000Z,1330,
2010-07-16T00:00:00.000Z,1181,
2010-07-17T00:00:00.000Z,408,0.04951
2010-07-18T00:00:00.000Z,420,0.07263
2010-07-19T00:00:00.000Z,528,0.08515
2010-07-20T00:00:00.000Z,594,0.078035
2010-07-21T00:00:00.000Z,463,0.072775
2010-07-22T00:00:00.000Z,397,0.06615499999999999
2010-07-23T00:00:00.000Z,411,0.059085
2010-07-24T00:00:00.000Z,894,0.05605
2010-07-25T00:00:00.000Z,1823,0.054955000000000004
2010-07-26T00:00:00.000Z,467,0.053000000000000005
2010-07-27T00:00:00.000Z,426,0.056749999999999995
2010-07-28T00:00:00.000Z,1951,0.057999999999999996
2010-07-29T00:00:00.000Z,1867,0.0635
2010-07-30T00:00:00.000Z,325,0.064
2010-07-31T00:00:00.000Z,295,0.062445
2010-08-01T00:00:00.000Z,364,0.0625
2010-08-02T00:00:00.000Z,398,0.061649999999999996
2010-08-03T00:00:00.000Z,648,0.062
2010-08-04T00:00:00.000Z,439,0.059655
2010-08-05T00:00:00.000Z,515,0.0595
2010-08-06T00:00:00.000Z,359,0.061549999999999994
2010-08-07T00:00:00.000Z,273,0.0606
2010-08-08T00:00:00.000Z,391,0.06
2010-08-09T00:00:00.000Z,424,0.0664
2010-08-10T00:00:00.000Z,340,0.068705
2010-08-11T00:00:00.000Z,412,0.067705
2010-08-12T00:00:00.000Z,392,0.065705
2010-08-13T00:00:00.000Z,516,0.06625
2010-08-14T00:00:00.000Z,434,0.067
2010-08-15T00:00:00.000Z,315,0.066
2010-08-16T00:00:00.000Z,453,0.06495000000000001
2010-08-17T00:00:00.000Z,318,0.069665
2010-08-18T00:00:00.000Z,377,0.07015
2010-08-19T00:00:00.000Z,325,0.0673
2010-08-20T00:00:00.000Z,423,0.06584999999999999
2010-08-21T00:00:00.000Z,342,0.06565
2010-08-22T00:00:00.000Z,366,0.0638
2010-08-23T00:00:00.000Z,369,0.064945
2010-08-24T00:00:00.000Z,379,0.065705
2010-08-25T00:00:00.000Z,365,0.0653
2010-08-26T00:00:00.000Z,368,0.0649
2010-08-27T00:00:00.000Z,294,0.064
2010-08-28T00:00:00.000Z,339,0.06455
2010-08-29T00:00:00.000Z,260,0.0644
2010-08-30T00:00:00.000Z,329,0.050555
2010-08-31T00:00:00.000Z,441,0.06245
2010-09-01T00:00:00.000Z,380,0.061255000000000004
2010-09-02T00:00:00.000Z,321,0.06175
2010-09-03T00:00:00.000Z,319,0.061925
2010-09-04T00:00:00.000Z,274,0.06179
2010-09-05T00:00:00.000Z,311,0.06225
2010-09-06T00:00:00.000Z,278,0.062150000000000004
2010-09-07T00:00:00.000Z,282,0.061155
2010-09-08T00:00:00.000Z,339,0.061495
2010-09-09T00:00:00.000Z,324,0.061744999999999994
2010-09-10T00:00:00.000Z,360,0.060969999999999996
2010-09-11T00:00:00.000Z,305,0.06345
2010-09-12T00:00:00.000Z,379,0.0618
2010-09-13T00:00:00.000Z,436,0.06235
2010-09-14T00:00:00.000Z,424,0.118
2010-09-15T00:00:00.000Z,430,0.061450000000000005
2010-09-16T00:00:00.000Z,438,0.06185
2010-09-17T00:00:00.000Z,361,0.05995
2010-09-18T00:00:00.000Z,399,0.059305
2010-09-19T00:00:00.000Z,355,0.06135
2010-09-20T00:00:00.000Z,465,0.0627
2010-09-21T00:00:00.000Z,810,0.0628
2010-09-22T00:00:00.000Z,673,0.061935
2010-09-23T00:00:00.000Z,655,0.06225
2010-09-24T00:00:00.000Z,501,0.062244999999999995
2010-09-25T00:00:00.000Z,532,0.062049999999999994
2010-09-26T00:00:00.000Z,400,0.06207
2010-09-27T00:00:00.000Z,603,0.06209
2010-09-28T00:00:00.000Z,491,0.062204999999999996
2010-09-29T00:00:00.000Z,975,0.06175
2010-09-30T00:00:00.000Z,365,0.061725
2010-10-01T00:00:00.000Z,584,0.061945
2010-10-02T00:00:00.000Z,501,0.061579999999999996
2010-10-03T00:00:00.000Z,377,0.061200000000000004
2010-10-04T00:00:00.000Z,407,0.061405
2010-10-05T00:00:00.000Z,371,0.061954999999999996
2010-10-06T00:00:00.000Z,407,0.06235
2010-10-07T00:00:00.000Z,340,0.0649
2010-10-08T00:00:00.000Z,363,0.048999999999999995
2010-10-09T00:00:00.000Z,401,0.094
2010-10-10T00:00:00.000Z,363,0.105045
2010-10-11T00:00:00.000Z,342,0.097
2010-10-12T00:00:00.000Z,352,0.0905
2010-10-13T00:00:00.000Z,364,0.0985
2010-10-14T00:00:00.000Z,367,0.08474999999999999
2010-10-15T00:00:00.000Z,328,0.1055
2010-10-16T00:00:00.000Z,441,0.1015
2010-10-17T00:00:00.000Z,457,0.10225000000000001
2010-10-18T00:00:00.000Z,579,0.1
2010-10-19T00:00:00.000Z,924,0.09945000000000001
2010-10-20T00:00:00.000Z,713,0.0985
2010-10-21T00:00:00.000Z,552,0.10300000000000001
2010-10-22T00:00:00.000Z,602,0.10525000000000001
2010-10-23T00:00:00.000Z,517,0.10675
2010-10-24T00:00:00.000Z,552,0.149
2010-10-25T00:00:00.000Z,410,0.140045
2010-10-26T00:00:00.000Z,518,0.1565
2010-10-27T00:00:00.000Z,568,0.17049999999999998
2010-10-28T00:00:00.000Z,486,0.18205
2010-10-29T00:00:00.000Z,467,0.1815
2010-10-30T00:00:00.000Z,426,0.19325
2010-10-31T00:00:00.000Z,307,0.18495
2010-11-01T00:00:00.000Z,351,0.18375
2010-11-02T00:00:00.000Z,286,0.19275
2010-11-03T00:00:00.000Z,347,0.2
2010-11-04T00:00:00.000Z,342,0.2147
2010-11-05T00:00:00.000Z,442,0.23700000000000002
2010-11-06T00:00:00.000Z,394,0.3701
2010-11-07T00:00:00.000Z,451,0.378
2010-11-08T00:00:00.000Z,515,0.29805
2010-11-09T00:00:00.000Z,409,0.261
2010-11-10T00:00:00.000Z,397,0.19
2010-11-11T00:00:00.000Z,395,0.22499999999999998
2010-11-12T00:00:00.000Z,286,0.2565
2010-11-13T00:00:00.000Z,343,0.28415
2010-11-14T00:00:00.000Z,414,0.28459999999999996
2010-11-15T00:00:00.000Z,4871,0.27549999999999997
2010-11-16T00:00:00.000Z,9105,0.249
2010-11-17T00:00:00.000Z,435,0.2508
2010-11-18T00:00:00.000Z,1494,0.25255
2010-11-19T00:00:00.000Z,9632,0.2741
2010-11-20T00:00:00.000Z,9731,0.2791
2010-11-21T00:00:00.000Z,10044,0.27915
2010-11-22T00:00:00.000Z,343,0.27845
2010-11-23T00:00:00.000Z,341,0.28025
2010-11-24T00:00:00.000Z,3936,0.27954999999999997
2010-11-25T00:00:00.000Z,4983,0.28025
2010-11-26T00:00:00.000Z,1314,0.28254999999999997
2010-11-27T00:00:00.000Z,445,0.2835
2010-11-28T00:00:00.000Z,454,0.2773
2010-11-29T00:00:00.000Z,454,0.24705000000000002
2010-11-30T00:00:00.000Z,454,0.21694999999999998
2010-12-01T00:00:00.000Z,512,0.2197
2010-12-02T00:00:00.000Z,460,0.23665000000000003
2010-12-03T00:00:00.000Z,384,0.2491
2010-12-04T00:00:00.000Z,418,0.23195
2010-12-05T00:00:00.000Z,434,0.2125
2010-12-06T00:00:00.000Z,465,0.20455
2010-12-07T00:00:00.000Z,573,0.2089
2010-12-08T00:00:00.000Z,523,0.22999999999999998
2010-12-09T00:00:00.000Z,486,0.20155
2010-12-10T00:00:00.000Z,373,0.19324999999999998
2010-12-11T00:00:00.000Z,550,0.20935
2010-12-12T00:00:00.000Z,643,0.21735
2010-12-13T00:00:00.000Z,646,0.22
2010-12-14T00:00:00.000Z,653,0.2284
2010-12-15T00:00:00.000Z,642,0.242
2010-12-16T00:00:00.000Z,531,0.2386
2010-12-17T00:00:00.000Z,462,0.2445
2010-12-18T00:00:00.000Z,499,0.2449
2010-12-19T00:00:00.000Z,551,0.24495
2010-12-20T00:00:00.000Z,932,0.2575
2010-12-21T00:00:00.000Z,629,0.2535
2010-12-22T00:00:00.000Z,660,0.247
2010-12-23T00:00:00.000Z,519,0.2455
2010-12-24T00:00:00.000Z,531,0.246
2010-12-25T00:00:00.000Z,634,0.24875
2010-12-26T00:00:00.000Z,584,0.2582
2010-12-27T00:00:00.000Z,526,0.2605
2010-12-28T00:00:00.000Z,661,0.2711
2010-12-29T00:00:00.000Z,513,0.28600000000000003
2010-12-30T00:00:00.000Z,593,0.2955
2010-12-31T00:00:00.000Z,555,0.296
2011-01-01T00:00:00.000Z,659,0.296
2011-01-02T00:00:00.000Z,569,0.2945
2011-01-03T00:00:00.000Z,1128,0.29495
2011-01-04T00:00:00.000Z,979,0.29445
2011-01-05T00:00:00.000Z,1310,0.2945
2011-01-06T00:00:00.000Z,694,0.2945
2011-01-07T00:00:00.000Z,1020,0.30974999999999997
2011-01-08T00:00:00.000Z,1436,0.31595
2011-01-09T00:00:00.000Z,1223,0.32295
2011-01-10T00:00:00.000Z,1312,0.32325000000000004
2011-01-11T00:00:00.000Z,1362,0.3221
2011-01-12T00:00:00.000Z,1162,0.33685
2011-01-13T00:00:00.000Z,1266,0.3613
2011-01-14T00:00:00.000Z,1262,0.38380000000000003
2011-01-15T00:00:00.000Z,962,0.3925
2011-01-16T00:00:00.000Z,931,0.393
2011-01-17T00:00:00.000Z,830,0.3509
2011-01-18T00:00:00.000Z,818,0.32725
2011-01-19T00:00:00.000Z,917,0.309
2011-01-20T00:00:00.000Z,924,0.35
2011-01-21T00:00:00.000Z,1166,0.404
2011-01-22T00:00:00.000Z,1422,0.41715
2011-01-23T00:00:00.000Z,1081,0.43215
2011-01-24T00:00:00.000Z,1319,0.4117
2011-01-25T00:00:00.000Z,889,0.4125
2011-01-26T00:00:00.000Z,1005,0.4052
2011-01-27T00:00:00.000Z,841,0.42925
2011-01-28T00:00:00.000Z,1081,0.4336
2011-01-29T00:00:00.000Z,1347,0.4375
2011-01-30T00:00:00.000Z,2592,0.4625
2011-01-31T00:00:00.000Z,1393,0.71
2011-02-01T00:00:00.000Z,1013,0.6850499999999999
2011-02-02T00:00:00.000Z,896,0.725
2011-02-03T00:00:00.000Z,789,0.7000500000000001
2011-02-04T00:00:00.000Z,954,0.775
2011-02-05T00:00:00.000Z,832,0.86575
2011-02-06T00:00:00.000Z,909,0.875
2011-02-07T00:00:00.000Z,892,0.865
2011-02-08T00:00:00.000Z,846,0.88985
2011-02-09T00:00:00.000Z,1227,0.9550000000000001
2011-02-10T00:00:00.000Z,2034,0.9500000000000001
2011-02-11T00:00:00.000Z,2355,1.0082
2011-02-12T00:00:00.000Z,1912,1.0353
2011-02-13T00:00:00.000Z,1822,1.05
2011-02-14T00:00:00.000Z,2006,1.0550000000000002
2011-02-15T00:00:00.000Z,2224,1.06
2011-02-16T00:00:00.000Z,2090,1.0350000000000001
2011-02-17T00:00:00.000Z,2250,1.0350000000000001
2011-02-18T00:00:00.000Z,2056,0.91005
2011-02-19T00:00:00.000Z,1583,0.9088
2011-02-20T00:00:00.000Z,1939,0.8895
2011-02-21T00:00:00.000Z,1970,0.85545
2011-02-22T00:00:00.000Z,2196,0.8906499999999999
2011-02-23T00:00:00.000Z,2263,0.90655
2011-02-24T00:00:00.000Z,2109,0.95
2011-02-25T00:00:00.000Z,2060,0.95545
2011-02-26T00:00:00.000Z,1952,0.9402999999999999
2011-02-27T00:00:00.000Z,2269,0.9239999999999999
2011-02-28T00:00:00.000Z,1720,0.8825000000000001
2011-03-01T00:00:00.000Z,2729,0.9100999999999999
2011-03-02T00:00:00.000Z,2009,0.9251
2011-03-03T00:00:00.000Z,3204,0.9249499999999999
2011-03-04T00:00:00.000Z,1982,0.9196
2011-03-05T00:00:00.000Z,2048,0.865
2011-03-06T00:00:00.000Z,2031,0.8599000000000001
2011-03-07T00:00:00.000Z,1926,0.8775
2011-03-08T00:00:00.000Z,2440,0.8674999999999999
2011-03-09T00:00:00.000Z,1834,0.86
2011-03-10T00:00:00.000Z,1661,0.8913
2011-03-11T00:00:00.000Z,1884,0.89255
2011-03-12T00:00:00.000Z,2956,0.89985
2011-03-13T00:00:00.000Z,2711,0.9039
2011-03-14T00:00:00.000Z,2643,0.89
2011-03-15T00:00:00.000Z,2854,0.88245
2011-03-16T00:00:00.000Z,3183,0.858
2011-03-17T00:00:00.000Z,3367,0.845
2011-03-18T00:00:00.000Z,2371,0.7803
2011-03-19T00:00:00.000Z,3189,0.76415
2011-03-20T00:00:00.000Z,4076,0.7651
2011-03-21T00:00:00.000Z,5855,0.7564500000000001
2011-03-22T00:00:00.000Z,2238,0.77525
2011-03-23T00:00:00.000Z,4570,0.815
2011-03-24T00:00:00.000Z,2164,0.8633
2011-03-25T00:00:00.000Z,1999,0.8755
2011-03-26T00:00:00.000Z,3335,0.873
2011-03-27T00:00:00.000Z,2463,0.84365
2011-03-28T00:00:00.000Z,2931,0.8049999999999999
2011-03-29T00:00:00.000Z,2718,0.78225
2011-03-30T00:00:00.000Z,1756,0.7805
2011-03-31T00:00:00.000Z,2095,0.7845
2011-04-01T00:00:00.000Z,1579,0.78555
2011-04-02T00:00:00.000Z,1772,0.78695
2011-04-03T00:00:00.000Z,1805,0.78595
2011-04-04T00:00:00.000Z,2309,0.67345
2011-04-05T00:00:00.000Z,2119,0.6638999999999999
2011-04-06T00:00:00.000Z,1864,0.7201
2011-04-07T00:00:00.000Z,1677,0.7527
2011-04-08T00:00:00.000Z,1767,0.76495
2011-04-09T00:00:00.000Z,1733,0.74405
2011-04-10T00:00:00.000Z,1744,0.73445
2011-04-11T00:00:00.000Z,1943,0.75465
2011-04-12T00:00:00.000Z,2077,0.83465
2011-04-13T00:00:00.000Z,2371,0.9299999999999999
2011-04-14T00:00:00.000Z,2881,0.9550000000000001
2011-04-15T00:00:00.000Z,2018,1.0005000000000002
2011-04-16T00:00:00.000Z,2154,1.02705
2011-04-17T00:00:00.000Z,2257,1.085
2011-04-18T00:00:00.000Z,3035,1.155
2011-04-19T00:00:00.000Z,3598,1.17
2011-04-20T00:00:00.000Z,2969,1.165
2011-04-21T00:00:00.000Z,1915,1.1749999999999998
2011-04-22T00:00:00.000Z,2097,1.2999999999999998
2011-04-23T00:00:00.000Z,2310,1.635
2011-04-24T00:00:00.000Z,2273,1.775
2011-04-25T00:00:00.000Z,2592,1.6099999999999999
2011-04-26T00:00:00.000Z,3455,1.6600000000000001
2011-04-27T00:00:00.000Z,4580,1.835
2011-04-28T00:00:00.000Z,3035,2.155
2011-04-29T00:00:00.000Z,3534,2.58
2011-04-30T00:00:00.000Z,4473,3.45
2011-05-01T00:00:00.000Z,3949,3.185
2011-05-02T00:00:00.000Z,3095,3.2649999999999997
2011-05-03T00:00:00.000Z,2935,3.3
2011-05-04T00:00:00.000Z,2800,3.415
2011-05-05T00:00:00.000Z,3464,3.39
2011-05-06T00:00:00.000Z,3290,3.45
2011-05-07T00:00:00.000Z,3887,3.5650000000000004
2011-05-08T00:00:00.000Z,2898,3.785
2011-05-09T00:00:00.000Z,3516,3.795
2011-05-10T00:00:00.000Z,3151,4.9
2011-05-11T00:00:00.000Z,3090,5.335
2011-05-12T00:00:00.000Z,3361,5.855
2011-05-13T00:00:00.000Z,4064,7.385
2011-05-14T00:00:00.000Z,4414,7.365
2011-05-15T00:00:00.000Z,3770,6.99
2011-05-16T00:00:00.000Z,4349,7.625
2011-05-17T00:00:00.000Z,4464,7.6850000000000005
2011-05-18T00:00:00.000Z,5581,7.05
2011-05-19T00:00:00.000Z,4663,6.975
2011-05-20T00:00:00.000Z,4795,6.34
2011-05-21T00:00:00.000Z,4964,6.05
2011-05-22T00:00:00.000Z,5282,6.375
2011-05-23T00:00:00.000Z,5745,7.07
2011-05-24T00:00:00.000Z,5865,7.234999999999999
2011-05-25T00:00:00.000Z,6258,8.275
2011-05-26T00:00:00.000Z,6967,8.5
2011-05-27T00:00:00.000Z,4853,8.665
2011-05-28T00:00:00.000Z,5013,8.405
2011-05-29T00:00:00.000Z,4753,8.295
2011-05-30T00:00:00.000Z,5337,8.625
2011-05-31T00:00:00.000Z,6063,8.8
2011-06-01T00:00:00.000Z,6540,9
2011-06-02T00:00:00.000Z,7136,10.195
2011-06-03T00:00:00.000Z,8441,12.54
2011-06-04T00:00:00.000Z,8811,16.465
2011-06-05T00:00:00.000Z,8592,17.6
2011-06-06T00:00:00.000Z,9703,17.84
2011-06-07T00:00:00.000Z,9002,21.29
2011-06-08T00:00:00.000Z,11815,27.060000000000002
2011-06-09T00:00:00.000Z,12176,28.825
2011-06-10T00:00:00.000Z,11269,24.705
2011-06-11T00:00:00.000Z,10897,18.494999999999997
2011-06-12T00:00:00.000Z,12440,17.619999999999997
2011-06-13T00:00:00.000Z,11246,20.25
2011-06-14T00:00:00.000Z,14158,19.25
2011-06-15T00:00:00.000Z,12605,19.509999999999998
2011-06-16T00:00:00.000Z,12746,18.445
2011-06-17T00:00:00.000Z,11296,15.67
2011-06-18T00:00:00.000Z,11563,16
2011-06-19T00:00:00.000Z,11472,17.865000000000002
2011-06-20T00:00:00.000Z,11225,17.51
2011-06-21T00:00:00.000Z,9704,17.51
2011-06-22T00:00:00.000Z,11519,17.51
2011-06-23T00:00:00.000Z,10418,17.51
2011-06-24T00:00:00.000Z,10922,17.51
2011-06-25T00:00:00.000Z,9693,17.51
2011-06-26T00:00:00.000Z,9985,15.760000000000002
2011-06-27T00:00:00.000Z,11751,16.5
2011-06-28T00:00:00.000Z,10719,17.009999999999998
2011-06-29T00:00:00.000Z,10002,16.935000000000002
2011-06-30T00:00:00.000Z,9636,16.365000000000002
2011-07-01T00:00:00.000Z,10603,16
2011-07-02T00:00:00.000Z,8018,15.535
2011-07-03T00:00:00.000Z,8364,15.5
2011-07-04T00:00:00.000Z,9604,14.315000000000001
2011-07-05T00:00:00.000Z,8965,13
2011-07-06T00:00:00.000Z,10519,14.585
2011-07-07T00:00:00.000Z,9180,15.2
2011-07-08T00:00:00.000Z,8528,14.77
2011-07-09T00:00:00.000Z,7851,14.36
2011-07-10T00:00:00.000Z,8392,15.015
2011-07-11T00:00:00.000Z,10523,14.5
2011-07-12T00:00:00.000Z,8147,14.27
2011-07-13T00:00:00.000Z,9193,14.030000000000001
2011-07-14T00:00:00.000Z,8716,13.885
2011-07-15T00:00:00.000Z,7998,13.795
2011-07-16T00:00:00.000Z,8876,13.655000000000001
2011-07-17T00:00:00.000Z,8379,13.385
2011-07-18T00:00:00.000Z,8976,13.215
2011-07-19T00:00:00.000Z,9185,14.07
2011-07-20T00:00:00.000Z,8863,13.7
2011-07-21T00:00:00.000Z,8163,13.59
2011-07-22T00:00:00.000Z,8991,13.629999999999999
2011-07-23T00:00:00.000Z,7415,13.635
2011-07-24T00:00:00.000Z,8219,13.85
2011-07-25T00:00:00.000Z,9485,14.24
2011-07-26T00:00:00.000Z,8370,13.91
2011-07-27T00:00:00.000Z,7995,13.99
2011-07-28T00:00:00.000Z,8119,13.625
2011-07-29T00:00:00.000Z,7315,13.515
2011-07-30T00:00:00.000Z,6209,13.54
2011-07-31T00:00:00.000Z,8099,13.865
2011-08-01T00:00:00.000Z,8195,13.2
2011-08-02T00:00:00.000Z,8817,12.3
2011-08-03T00:00:00.000Z,7737,10.43
2011-08-04T00:00:00.000Z,8307,10.21
2011-08-05T00:00:00.000Z,7360,10.245000000000001
2011-08-06T00:00:00.000Z,6834,7.845
2011-08-07T00:00:00.000Z,6710,7.74
2011-08-08T00:00:00.000Z,7267,7.609999999999999
2011-08-09T00:00:00.000Z,9219,9.885
2011-08-10T00:00:00.000Z,8335,9.95
2011-08-11T00:00:00.000Z,7596,9.475
2011-08-12T00:00:00.000Z,7165,9.355
2011-08-13T00:00:00.000Z,7398,9.765
2011-08-14T00:00:00.000Z,7471,10.43
2011-08-15T00:00:00.000Z,8379,11.305
2011-08-16T00:00:00.000Z,9640,11.065000000000001
2011-08-17T00:00:00.000Z,7722,10.879999999999999
2011-08-18T00:00:00.000Z,7415,10.93
2011-08-19T00:00:00.000Z,7614,11.32
2011-08-20T00:00:00.000Z,7191,11.545
2011-08-21T00:00:00.000Z,7667,11.41
2011-08-22T00:00:00.000Z,7815,11.004999999999999
2011-08-23T00:00:00.000Z,7277,11.055
2011-08-24T00:00:00.000Z,7367,10.955
2011-08-25T00:00:00.000Z,7241,9.995000000000001
2011-08-26T00:00:00.000Z,7421,8.765
2011-08-27T00:00:00.000Z,6361,8.614999999999998
2011-08-28T00:00:00.000Z,5589,8.965
2011-08-29T00:00:00.000Z,8094,8.96
2011-08-30T00:00:00.000Z,7804,8.775
2011-08-31T00:00:00.000Z,7292,8.399999999999999
2011-09-01T00:00:00.000Z,7203,8.23
2011-09-02T00:00:00.000Z,7026,8.47
2011-09-03T00:00:00.000Z,5925,8.524999999999999
2011-09-04T00:00:00.000Z,7258,8.17
2011-09-05T00:00:00.000Z,7039,7.72
2011-09-06T00:00:00.000Z,7830,6.890000000000001
2011-09-07T00:00:00.000Z,7090,7.0649999999999995
2011-09-08T00:00:00.000Z,6497,6.855
2011-09-09T00:00:00.000Z,7376,5.38
2011-09-10T00:00:00.000Z,5993,5.0600000000000005
2011-09-11T00:00:00.000Z,6443,6
2011-09-12T00:00:00.000Z,6575,5.995
2011-09-13T00:00:00.000Z,6519,5.895
2011-09-14T00:00:00.000Z,6200,5.585
2011-09-15T00:00:00.000Z,6474,5.03
2011-09-16T00:00:00.000Z,6209,4.800000000000001
2011-09-17T00:00:00.000Z,5454,4.8149999999999995
2011-09-18T00:00:00.000Z,5986,5.16
2011-09-19T00:00:00.000Z,6653,5.27
2011-09-20T00:00:00.000Z,8145,6.125
2011-09-21T00:00:00.000Z,7684,5.675
2011-09-22T00:00:00.000Z,6139,5.5600000000000005
2011-09-23T00:00:00.000Z,6328,5.5600000000000005
2011-09-24T00:00:00.000Z,5728,5.48
2011-09-25T00:00:00.000Z,5722,5.405
2011-09-19T00:00:00.000Z,5722,5.405
2011-09-26T00:00:00.000Z,5660,4.950714285714286
2011-10-03T00:00:00.000Z,5792.285714285715,4.592142857142856
2011-10-10T00:00:00.000Z,5630.857142857143,3.987857142857142
2011-10-17T00:00:00.000Z,5193,2.6750000000000003
2011-10-24T00:00:00.000Z,5257.571428571428,3.032857142857143
2011-10-31T00:00:00.000Z,5815,3.136428571428571
2011-11-07T00:00:00.000Z,5724.714285714285,3.0014285714285713
2011-11-14T00:00:00.000Z,5434.142857142857,2.32
2011-11-21T00:00:00.000Z,5168,2.3821428571428567
2011-11-28T00:00:00.000Z,6126.714285714285,2.8542857142857145
2011-12-05T00:00:00.000Z,6099.571428571428,2.995
2011-12-12T00:00:00.000Z,5085.571428571428,3.177142857142857
2011-12-19T00:00:00.000Z,5600.142857142857,3.856428571428571
2011-12-26T00:00:00.000Z,5179,4.325000000000001
2012-01-02T00:00:00.000Z,6123,6.008571428571429
2012-01-09T00:00:00.000Z,6655.714285714285,6.640714285714286
2012-01-16T00:00:00.000Z,6535.142857142857,6.257857142857143
2012-01-23T00:00:00.000Z,6657.142857142857,5.775714285714286
2012-01-30T00:00:00.000Z,6829.285714285715,5.768571428571428
2012-02-06T00:00:00.000Z,7260.714285714285,5.684285714285714
2012-02-13T00:00:00.000Z,7943.857142857143,4.5928571428571425
2012-02-20T00:00:00.000Z,6717.714285714285,4.6657142857142855
2012-02-27T00:00:00.000Z,6630.428571428572,4.82
2012-03-05T00:00:00.000Z,6244.857142857143,4.908571428571428
2012-03-12T00:00:00.000Z,6652.142857142857,5.24
2012-03-19T00:00:00.000Z,6545.142857142857,4.721428571428571
2012-03-26T00:00:00.000Z,6660.714285714285,4.767857142857144
2012-04-02T00:00:00.000Z,6725.142857142857,4.872857142857143
2012-04-09T00:00:00.000Z,7667.428571428572,4.876428571428571
2012-04-16T00:00:00.000Z,7814.571428571428,5.132857142857143
2012-04-23T00:00:00.000Z,7824.428571428572,5.051428571428572
2012-04-30T00:00:00.000Z,11692.42857142857,5.0442857142857145
2012-05-07T00:00:00.000Z,16731,4.985714285714286
2012-05-14T00:00:00.000Z,25277.428571428572,5.060714285714285
2012-05-21T00:00:00.000Z,26832.85714285714,5.112142857142857
2012-05-28T00:00:00.000Z,25681,5.172857142857142
2012-06-04T00:00:00.000Z,33872.857142857145,5.460714285714286
2012-06-11T00:00:00.000Z,44526.142857142855,5.974285714285714
2012-06-18T00:00:00.000Z,28903,6.487142857142857
2012-06-25T00:00:00.000Z,25873.714285714286,6.527142857142858
2012-07-02T00:00:00.000Z,23278.714285714286,6.650714285714286
2012-07-09T00:00:00.000Z,27064.285714285714,7.350714285714285
2012-07-16T00:00:00.000Z,33778.57142857143,8.6
2012-07-23T00:00:00.000Z,30852.714285714286,8.707142857142857
2012-07-30T00:00:00.000Z,32817.71428571428,10.013571428571428
2012-08-06T00:00:00.000Z,33037.57142857143,11.228571428571428
2012-08-13T00:00:00.000Z,42498.71428571428,12.045714285714284
2012-08-20T00:00:00.000Z,34739.71428571428,10.022142857142857
2012-08-27T00:00:00.000Z,35149,10.59
2012-09-03T00:00:00.000Z,36889.857142857145,10.775
2012-09-10T00:00:00.000Z,31537,11.378571428571432
2012-09-17T00:00:00.000Z,28734.285714285714,12.187142857142858
2012-09-24T00:00:00.000Z,27365,12.257142857142858
2012-10-01T00:00:00.000Z,31522.571428571428,12.599285714285713
2012-10-08T00:00:00.000Z,31681.14285714286,11.858571428571429
2012-10-15T00:00:00.000Z,31747,11.76142857142857
2012-10-22T00:00:00.000Z,27226,11.059999999999999
2012-10-29T00:00:00.000Z,25833.285714285714,10.70857142857143
2012-11-05T00:00:00.000Z,29840.85714285714,10.858571428571427
2012-11-12T00:00:00.000Z,32094.14285714286,11.269285714285713
2012-11-19T00:00:00.000Z,34649.71428571428,12.036428571428571
2012-11-26T00:00:00.000Z,31723.571428571428,12.383571428571429
2012-12-03T00:00:00.000Z,31757.14285714286,13.172857142857143
2012-12-10T00:00:00.000Z,37015.142857142855,13.495714285714286
2012-12-17T00:00:00.000Z,43445,13.357857142857142
2012-12-24T00:00:00.000Z,39412.71428571428,13.392142857142858
2012-12-31T00:00:00.000Z,37844.71428571428,13.389285714285714
2013-01-07T00:00:00.000Z,46071.71428571428,13.91285714285714
2013-01-14T00:00:00.000Z,48284.42857142857,15.001428571428573
2013-01-21T00:00:00.000Z,47626,17.06142857142857
2013-01-28T00:00:00.000Z,53106.57142857143,19.662142857142857
2013-02-04T00:00:00.000Z,55333,21.781428571428567
2013-02-11T00:00:00.000Z,54696.857142857145,25.613571428571426
2013-02-18T00:00:00.000Z,56825.42857142857,29.097857142857144
2013-02-25T00:00:00.000Z,61338.71428571428,32.40785714285714
2013-03-04T00:00:00.000Z,62241.28571428572,41.79071428571428
2013-03-11T00:00:00.000Z,50691.857142857145,46.154999999999994
2013-03-18T00:00:00.000Z,50895.142857142855,62.17857142857143
2013-03-25T00:00:00.000Z,53955.857142857145,84.41428571428571
2013-04-01T00:00:00.000Z,60501.57142857143,128.37571428571428
2013-04-08T00:00:00.000Z,61232.142857142855,147.01428571428573
2013-04-15T00:00:00.000Z,53953.142857142855,99.89785714285713
2013-04-22T00:00:00.000Z,53994.71428571428,135.54214285714286
2013-04-29T00:00:00.000Z,51733.71428571428,117.6592857142857
2013-05-06T00:00:00.000Z,61999.857142857145,113.34857142857143
2013-05-13T00:00:00.000Z,58794.71428571428,117.62999999999998
2013-05-20T00:00:00.000Z,51706.42857142857,126.57500000000002
2013-05-27T00:00:00.000Z,54416.857142857145,128.07428571428568
2013-06-03T00:00:00.000Z,52795.857142857145,114.745
2013-06-10T00:00:00.000Z,44675.28571428572,103.64000000000001
2013-06-17T00:00:00.000Z,45947.71428571428,107.72285714285715
2013-06-24T00:00:00.000Z,42525.57142857143,100.70714285714287
2013-07-01T00:00:00.000Z,35766.57142857143,79.94071428571428
2013-07-08T00:00:00.000Z,40613.71428571428,86.74642857142855
2013-07-15T00:00:00.000Z,37696.57142857143,94.15214285714286
2013-07-22T00:00:00.000Z,39267,94.85214285714285
2013-07-29T00:00:00.000Z,46392.28571428572,104.46857142857142
2013-08-05T00:00:00.000Z,51539,104.7907142857143
2013-08-12T00:00:00.000Z,56737,110.02071428571428
2013-08-19T00:00:00.000Z,59049.142857142855,120.50285714285714
2013-08-26T00:00:00.000Z,56960.71428571428,132.80071428571426
2013-09-02T00:00:00.000Z,53772.42857142857,134.63714285714286
2013-09-09T00:00:00.000Z,50647.857142857145,137.37642857142856
2013-09-16T00:00:00.000Z,57511,136.7942857142857
2013-09-23T00:00:00.000Z,52956.28571428572,137.72714285714287
2013-09-30T00:00:00.000Z,52302.57142857143,134.65785714285715
2013-10-07T00:00:00.000Z,49986.28571428572,139.8542857142857
2013-10-14T00:00:00.000Z,53623.42857142857,162.6657142857143
2013-10-21T00:00:00.000Z,56193.71428571428,198.85214285714287
2013-10-28T00:00:00.000Z,46880,211.52714285714288
2013-11-04T00:00:00.000Z,54946.857142857145,294.57214285714286
2013-11-11T00:00:00.000Z,58486.71428571428,420.3478571428572
2013-11-18T00:00:00.000Z,75953.14285714286,713.5907142857143
2013-11-25T00:00:00.000Z,83863.42857142857,1029.047142857143
2013-12-02T00:00:00.000Z,71918.85714285714,978.3657142857143
2013-12-09T00:00:00.000Z,60464.57142857143,921.5464285714287
2013-12-16T00:00:00.000Z,66139,682.04
2013-12-23T00:00:00.000Z,52692,738.4121428571428
2013-12-30T00:00:00.000Z,53427.71428571428,852.6885714285714
2014-01-06T00:00:00.000Z,58756.857142857145,957.1642857142857
2014-01-13T00:00:00.000Z,55394,921.1728571428572
2014-01-20T00:00:00.000Z,62576.71428571428,954.467857142857
2014-01-27T00:00:00.000Z,59743.857142857145,946.0814285714285
2014-02-03T00:00:00.000Z,65312.857142857145,816.6714285714286
2014-02-10T00:00:00.000Z,65408.57142857143,484.1564285714286
2014-02-17T00:00:00.000Z,65097.71428571428,246.30571428571426
2014-02-24T00:00:00.000Z,69748.57142857143,443.51785714285717
2014-03-03T00:00:00.000Z,72554.14285714286,634.2078571428573
2014-03-10T00:00:00.000Z,69498.14285714286,619.2485714285714
2014-03-17T00:00:00.000Z,66131.28571428571,579.7357142857143
2014-03-24T00:00:00.000Z,65728.85714285714,515.2564285714286
2014-03-31T00:00:00.000Z,62087.42857142857,445.5300000000001
2014-04-07T00:00:00.000Z,61638.71428571428,444.1478571428571
2014-04-14T00:00:00.000Z,62338,497.5092857142857
2014-04-21T00:00:00.000Z,65750.57142857143,482.34642857142853
2014-04-28T00:00:00.000Z,59829.42857142857,443.78499999999997
2014-05-05T00:00:00.000Z,65578.85714285714,441.59499999999997
2014-05-12T00:00:00.000Z,65333.142857142855,444.58214285714286
2014-05-19T00:00:00.000Z,65872.85714285714,499.06857142857143
2014-05-26T00:00:00.000Z,63678.857142857145,591.1742857142857
2014-06-02T00:00:00.000Z,61141.142857142855,649.1528571428571
2014-06-09T00:00:00.000Z,60430.42857142857,619.6214285714285
2014-06-16T00:00:00.000Z,62205.833333333336,599.3600000000001
2014-06-16T00:00:00.000Z,50638.5,596.5250000000001
2014-06-23T00:00:00.000Z,59625.71428571428,589.8464285714284
2014-06-30T00:00:00.000Z,61548.28571428572,630.1400000000001
2014-07-07T00:00:00.000Z,61839.142857142855,622.5435714285715
2014-07-14T00:00:00.000Z,63213.857142857145,622.9342857142857
2014-07-21T00:00:00.000Z,62004.142857142855,611.0685714285715
2014-07-28T00:00:00.000Z,62684.28571428572,585.9942857142858
2014-08-04T00:00:00.000Z,68256.28571428571,592.3721428571428
2014-08-11T00:00:00.000Z,72681,532.2871428571428
2014-08-18T00:00:00.000Z,67970,498.02714285714285
2014-08-25T00:00:00.000Z,67620.85714285714,508.45714285714286
2014-09-01T00:00:00.000Z,68104.14285714286,483.935
2014-09-08T00:00:00.000Z,70492.42857142857,477.6542857142857
2014-09-15T00:00:00.000Z,73755.42857142857,438.17714285714294
2014-09-22T00:00:00.000Z,71743.14285714286,410.1628571428572
2014-09-29T00:00:00.000Z,73693,367.2864285714286
2014-10-06T00:00:00.000Z,75473.14285714286,350.45714285714286
2014-10-13T00:00:00.000Z,73124.42857142857,386.5785714285715
2014-10-20T00:00:00.000Z,78022.71428571429,367.0314285714286
2014-10-27T00:00:00.000Z,84387.14285714286,340.71428571428567
2014-11-03T00:00:00.000Z,84372.85714285714,338.61642857142857
2014-11-10T00:00:00.000Z,85529.57142857143,392.3114285714286
2014-11-17T00:00:00.000Z,83532,371.4078571428572
2014-11-24T00:00:00.000Z,84536.71428571429,375.3764285714286
2014-12-01T00:00:00.000Z,91665.71428571429,376.47285714285715
2014-12-08T00:00:00.000Z,84425.14285714286,353.6257142857143
2014-12-15T00:00:00.000Z,92920.42857142857,326.8957142857143
2014-12-22T00:00:00.000Z,82138.85714285714,324.5957142857143
2014-12-29T00:00:00.000Z,78922.71428571429,306.72928571428577
2015-01-05T00:00:00.000Z,96890.42857142857,279.80071428571426
2015-01-12T00:00:00.000Z,100688.14285714286,217.5307142857143
2015-01-19T00:00:00.000Z,92884.71428571429,227.41285714285715
2015-01-26T00:00:00.000Z,90027.14285714286,243.51071428571433
2015-02-02T00:00:00.000Z,87034.85714285714,226.74928571428572
2015-02-09T00:00:00.000Z,98558.28571428571,229.16857142857143
2015-02-16T00:00:00.000Z,97053.42857142857,239.94642857142858
2015-02-23T00:00:00.000Z,98955,242.64357142857145
2015-03-02T00:00:00.000Z,98351.85714285714,273.0657142857143
2015-03-09T00:00:00.000Z,97059.71428571429,288.99571428571426
2015-03-16T00:00:00.000Z,99662.42857142857,269.2421428571429
2015-03-23T00:00:00.000Z,96378,250.6521428571428
2015-03-30T00:00:00.000Z,106014.14285714286,248.9857142857143
2015-04-06T00:00:00.000Z,106112.57142857143,244.1792857142857
2015-04-13T00:00:00.000Z,103401,223.78500000000003
2015-04-20T00:00:00.000Z,107314.85714285714,229.11214285714286
2015-04-27T00:00:00.000Z,105207.14285714286,231.61571428571432
2015-05-04T00:00:00.000Z,105068,238.44499999999996
2015-05-11T00:00:00.000Z,102132.14285714286,238.16642857142855
2015-05-18T00:00:00.000Z,99172.42857142857,236.24571428571426
2015-05-25T00:00:00.000Z,112025.14285714286,236.17428571428573
2015-06-01T00:00:00.000Z,112767.57142857143,225.03857142857146
2015-06-08T00:00:00.000Z,116791.14285714286,229.9892857142857
2015-06-15T00:00:00.000Z,118981.28571428571,244.74500000000003
2015-06-22T00:00:00.000Z,113006.71428571429,244.53714285714287
2015-06-29T00:00:00.000Z,130814.14285714286,258.4814285714286
2015-07-06T00:00:00.000Z,192233.14285714287,278.97285714285715
2015-07-13T00:00:00.000Z,125822.57142857143,281.19214285714287
2015-07-20T00:00:00.000Z,114737.14285714286,280.6264285714286
2015-07-27T00:00:00.000Z,128419.57142857143,286.76214285714286
2015-08-03T00:00:00.000Z,117768.28571428571,276.3664285714286
2015-08-10T00:00:00.000Z,108954.85714285714,263.79785714285714
2015-08-17T00:00:00.000Z,112459.14285714286,237.26714285714283
2015-08-24T00:00:00.000Z,116640.71428571429,223.61357142857145
2015-08-31T00:00:00.000Z,124414.57142857143,230.24500000000003
2015-09-07T00:00:00.000Z,138006.2857142857,238.42928571428573
2015-09-14T00:00:00.000Z,163110.7142857143,231.42499999999998
2015-09-21T00:00:00.000Z,125395.28571428571,231.81214285714285
2015-09-28T00:00:00.000Z,130893.28571428571,239.84285714285716
2015-10-05T00:00:00.000Z,127362.28571428571,243.33214285714288
2015-10-12T00:00:00.000Z,137667.2857142857,256.32571428571424
2015-10-19T00:00:00.000Z,143286.14285714287,273.72999999999996
2015-10-26T00:00:00.000Z,152280,305.96642857142854
2015-11-02T00:00:00.000Z,170916.7142857143,385.1992857142856
2015-11-09T00:00:00.000Z,155320.57142857142,339.07142857142856
2015-11-16T00:00:00.000Z,153032,326.6114285714285
2015-11-23T00:00:00.000Z,152841.2857142857,340.9107142857143
2015-11-30T00:00:00.000Z,178364.14285714287,369.67071428571427
2015-12-07T00:00:00.000Z,203532,416.9628571428571
2015-12-14T00:00:00.000Z,216251.7142857143,451.66142857142853
2015-12-21T00:00:00.000Z,200497.2857142857,437.3521428571429
2015-12-28T00:00:00.000Z,157899.14285714287,428.2228571428571
2016-01-04T00:00:00.000Z,178391.57142857142,440.53785714285715
2016-01-11T00:00:00.000Z,190921.85714285713,414.9757142857143
2016-01-18T00:00:00.000Z,205440.7142857143,393.0821428571429
2016-01-25T00:00:00.000Z,214658.2857142857,384.8978571428571
2016-02-01T00:00:00.000Z,216834.14285714287,377.6992857142858
2016-02-08T00:00:00.000Z,212249.42857142858,382.505
2016-02-15T00:00:00.000Z,216612,418.41428571428565
2016-02-22T00:00:00.000Z,220415.57142857142,426.5564285714286
2016-02-29T00:00:00.000Z,234069.7142857143,419.41999999999996
2016-03-07T00:00:00.000Z,181471.2857142857,413.28428571428566
2016-03-14T00:00:00.000Z,196531.57142857142,412.60571428571427
2016-03-21T00:00:00.000Z,181820,415.5421428571429
2016-03-28T00:00:00.000Z,196406.7142857143,416.51000000000005
2016-04-04T00:00:00.000Z,208634.85714285713,419.22214285714284
2016-04-11T00:00:00.000Z,215470,424.93642857142856
2016-04-18T00:00:00.000Z,207975.42857142858,441.31
2016-04-25T00:00:00.000Z,232103.7142857143,453.52642857142865
2016-05-02T00:00:00.000Z,220996.7142857143,450.95214285714286
2016-05-09T00:00:00.000Z,225512.57142857142,455.2357142857142
2016-05-16T00:00:00.000Z,216838.2857142857,448.0678571428572
2016-05-23T00:00:00.000Z,217756.42857142858,467.4021428571429
2016-05-30T00:00:00.000Z,216176.57142857142,547.5471428571428
2016-06-06T00:00:00.000Z,224387.14285714287,584.9628571428572
2016-06-13T00:00:00.000Z,247517.42857142858,716.8328571428572
2016-06-20T00:00:00.000Z,228618.7142857143,655.8071428571429
2016-06-27T00:00:00.000Z,209644.42857142858,656.8042857142857
2016-07-04T00:00:00.000Z,202544.57142857142,653.4207142857143
2016-07-11T00:00:00.000Z,205801,659.8285714285714
2016-07-18T00:00:00.000Z,213015.14285714287,662.467857142857
2016-07-25T00:00:00.000Z,224429.42857142858,651.647857142857
2016-08-01T00:00:00.000Z,223727.2857142857,573.7685714285715
2016-08-08T00:00:00.000Z,230523.7142857143,586.4164285714286
2016-08-15T00:00:00.000Z,224870.57142857142,574.5842857142858
2016-08-22T00:00:00.000Z,218412.42857142858,578.7192857142857
2016-08-29T00:00:00.000Z,218773.42857142858,589.8007142857143
2016-09-05T00:00:00.000Z,218837.2857142857,614.652142857143
2016-09-12T00:00:00.000Z,218869,608.0121428571429
2016-09-19T00:00:00.000Z,223682.42857142858,602.655
2016-09-26T00:00:00.000Z,229483.57142857142,606.505
2016-10-03T00:00:00.000Z,256044,612.7178571428573
2016-10-10T00:00:00.000Z,228250.2857142857,633.01
2016-10-17T00:00:00.000Z,233122.42857142858,637.5607142857143
2016-10-24T00:00:00.000Z,243180.14285714287,676.9285714285714
2016-10-31T00:00:00.000Z,248698.2857142857,706.2692857142857
2016-11-07T00:00:00.000Z,259281.7142857143,710.3442857142857
2016-11-14T00:00:00.000Z,269626.14285714284,728.2342857142858
2016-11-21T00:00:00.000Z,286753.4285714286,736.4578571428573
2016-11-28T00:00:00.000Z,281376,749.3292857142859
2016-12-05T00:00:00.000Z,277173.85714285716,764.8764285714286
2016-12-12T00:00:00.000Z,268958.85714285716,779.6878571428571
2016-12-19T00:00:00.000Z,280300.5714285714,844.72
2016-12-26T00:00:00.000Z,267007.4285714286,944.49
2017-01-02T00:00:00.000Z,299760.5714285714,975.6692857142856
2017-01-09T00:00:00.000Z,277576.14285714284,836.2957142857142
2017-01-16T00:00:00.000Z,279552.4285714286,881.9349999999998
2017-01-23T00:00:00.000Z,269077.5714285714,911.1442857142856
2017-01-30T00:00:00.000Z,295093.14285714284,981.4142857142857
2017-02-06T00:00:00.000Z,287482,1010.9842857142856
2017-02-13T00:00:00.000Z,291284.85714285716,1023.3285714285714
2017-02-20T00:00:00.000Z,300779.14285714284,1125.0007142857144
2017-02-27T00:00:00.000Z,305587,1228.1878571428572
2017-03-06T00:00:00.000Z,289520.85714285716,1193.5242857142857
2017-03-13T00:00:00.000Z,299027.6,1203.61
2017-03-13T00:00:00.000Z,275020.6666666667,1052.1916666666666
2017-03-20T00:00:00.000Z,274851.85714285716,1017.107857142857
2017-03-27T00:00:00.000Z,265498.28571428574,1050.9557142857143
2017-04-03T00:00:00.000Z,273126.28571428574,1160.7921428571428
2017-04-10T00:00:00.000Z,265827.28571428574,1170.3878571428572
2017-04-17T00:00:00.000Z,281485.5714285714,1221.0692857142858
2017-04-24T00:00:00.000Z,301213.14285714284,1298.7535714285716
2017-05-01T00:00:00.000Z,317722.71428571426,1487.8828571428571
2017-05-08T00:00:00.000Z,331453,1714.5014285714285
2017-05-15T00:00:00.000Z,309714.4285714286,1862.2128571428568
2017-05-22T00:00:00.000Z,336818.71428571426,2258.817857142857
2017-05-29T00:00:00.000Z,307692.14285714284,2367.462142857143
2017-06-05T00:00:00.000Z,284930.28571428574,2786.039285714286
2017-06-12T00:00:00.000Z,265358.4285714286,2563.0442857142857
2017-06-19T00:00:00.000Z,250983.42857142858,2659.594285714286
2017-06-26T00:00:00.000Z,245466.14285714287,2495.7314285714288
2017-07-03T00:00:00.000Z,231916.2857142857,2572.275714285714
2017-07-10T00:00:00.000Z,239061.85714285713,2252.809285714286
2017-07-17T00:00:00.000Z,235384.14285714287,2510.535714285714
2017-07-24T00:00:00.000Z,227116.57142857142,2680.9907142857146
2017-07-31T00:00:00.000Z,208630.7142857143,2898.7035714285716
2017-08-07T00:00:00.000Z,264475.4285714286,3548.0157142857142
2017-08-14T00:00:00.000Z,282640.4285714286,4165.170714285715
2017-08-21T00:00:00.000Z,235591.2857142857,4196.228571428571
2017-08-28T00:00:00.000Z,253263.85714285713,4588.2528571428575
2017-09-04T00:00:00.000Z,252920.7142857143,4375.312857142856
2017-09-11T00:00:00.000Z,251304.14285714287,3826.4449999999997
2017-09-18T00:00:00.000Z,229836.2857142857,3802.462142857143
2017-09-25T00:00:00.000Z,242136.7142857143,4104.751428571429
2017-10-02T00:00:00.000Z,262359,4365.032142857142
2017-10-09T00:00:00.000Z,296014.5714285714,5206.398571428572
2017-10-16T00:00:00.000Z,321360.5714285714,5727.073571428571
2017-10-23T00:00:00.000Z,290334.4285714286,5788.282142857143
2017-10-30T00:00:00.000Z,301437.4285714286,6835.214285714285
2017-11-06T00:00:00.000Z,271662.4285714286,6904.7985714285705
2017-11-13T00:00:00.000Z,293689.14285714284,7241.047142857143
2017-11-20T00:00:00.000Z,334805.14285714284,8319.549285714285
2017-11-27T00:00:00.000Z,374287.85714285716,10243.687857142857
2017-12-04T00:00:00.000Z,393544.28571428574,13656.86214285714
2017-12-11T00:00:00.000Z,402658,17292.74714285714
2017-12-18T00:00:00.000Z,349571.71428571426,15786.449285714285
2017-12-25T00:00:00.000Z,296816.28571428574,14244.844285714285
2018-01-01T00:00:00.000Z,353349.85714285716,15227.300714285715
2018-01-08T00:00:00.000Z,313165.71428571426,14203.349285714286
2018-01-15T00:00:00.000Z,271780.85714285716,11866.17142857143
2018-01-22T00:00:00.000Z,233140.57142857142,11146.739285714288
2018-01-29T00:00:00.000Z,219317.2857142857,9649.471428571429
2018-02-05T00:00:00.000Z,193477.42857142858,7939.090000000001
2018-02-12T00:00:00.000Z,183646.2857142857,9622.914285714285
2018-02-19T00:00:00.000Z,179836.2857142857,10424.175000000001
2018-02-26T00:00:00.000Z,194484.7142857143,10771.619999999999
2018-03-05T00:00:00.000Z,189020.85714285713,9931.425714285713
2018-03-12T00:00:00.000Z,183948.2857142857,8485
2018-03-19T00:00:00.000Z,176986.85714285713,8693.128571428571
2018-03-26T00:00:00.000Z,173504.7142857143,7470.010714285715
2018-04-02T00:00:00.000Z,171528.85714285713,7030.923571428572
2018-04-09T00:00:00.000Z,187180.14285714287,7472.135714285714
2018-04-16T00:00:00.000Z,197973,8408.49
2018-04-23T00:00:00.000Z,215190.14285714287,9172.559285714287
2018-04-30T00:00:00.000Z,207059.42857142858,9451.305000000002
2018-05-07T00:00:00.000Z,198983.57142857142,8969.41
2018-05-14T00:00:00.000Z,195579.2857142857,8367.891428571429
2018-05-21T00:00:00.000Z,190753.2857142857,7746.340714285713
2018-05-28T00:00:00.000Z,192979.42857142858,7464.823571428571
2018-06-04T00:00:00.000Z,198336.42857142858,7538.827142857143
2018-06-11T00:00:00.000Z,194215.42857142858,6548.727857142857
2018-06-18T00:00:00.000Z,187224.7142857143,6470.064285714286
2018-06-25T00:00:00.000Z,186700.57142857142,6179.542142857143
2018-07-02T00:00:00.000Z,192752.42857142858,6541.087857142857
2018-07-09T00:00:00.000Z,196325.2857142857,6372.74
2018-07-16T00:00:00.000Z,211868.14285714287,7250.520714285715
2018-07-23T00:00:00.000Z,222395.2857142857,8061.973571428572
2018-07-30T00:00:00.000Z,219073.57142857142,7545.455714285715
2018-08-06T00:00:00.000Z,213274.14285714287,6521.82
2018-08-13T00:00:00.000Z,220054.42857142858,6364.337857142857
2018-08-20T00:00:00.000Z,209922.85714285713,6552.365714285714
2018-08-27T00:00:00.000Z,224020.85714285713,7030.930714285714
2018-09-03T00:00:00.000Z,225432.85714285713,6747.210714285714
2018-09-10T00:00:00.000Z,220246.42857142858,6402.382142857144
2018-09-17T00:00:00.000Z,241147,6510.047142857143
2018-09-24T00:00:00.000Z,237597.7142857143,6573.910714285713
2018-10-01T00:00:00.000Z,236049.2857142857,6566.694999999999
2018-10-08T00:00:00.000Z,232977.85714285713,6426.294999999999
2018-10-15T00:00:00.000Z,247410.85714285713,6566.937857142858
2018-10-22T00:00:00.000Z,246298.2857142857,6476.415714285714
2018-10-29T00:00:00.000Z,270260,6366.322142857143
2018-11-05T00:00:00.000Z,276635.85714285716,6438.928571428572
2018-11-12T00:00:00.000Z,278431.71428571426,5854.653571428572
2018-11-19T00:00:00.000Z,263144.71428571426,4421.692857142857
2018-11-26T00:00:00.000Z,248707.7142857143,4064.871428571429
2018-12-03T00:00:00.000Z,252937,3694.0728571428567
2018-12-10T00:00:00.000Z,257831.14285714287,3363.569285714286
2018-12-17T00:00:00.000Z,276753.71428571426,3840.592142857143
2018-12-24T00:00:00.000Z,279937.14285714284,3887.297857142857
2018-12-31T00:00:00.000Z,266086.71428571426,3873.531428571429
2019-01-07T00:00:00.000Z,302367.28571428574,3853.957142857143
2019-01-14T00:00:00.000Z,301947.4285714286,3659.8935714285717
2019-01-21T00:00:00.000Z,296986.14285714284,3578.682857142857
2019-01-28T00:00:00.000Z,324527.5714285714,3456.191428571429
2019-02-04T00:00:00.000Z,333968.5714285714,3503.5564285714286
2019-02-11T00:00:00.000Z,321537.28571428574,3622.527857142857
2019-02-18T00:00:00.000Z,329060.28571428574,3954.072142857143
2019-02-25T00:00:00.000Z,351365.4285714286,3823.4007142857145
2019-03-04T00:00:00.000Z,269703.28571428574,3863.5528571428576
2019-03-11T00:00:00.000Z,278972.4285714286,3916.3307142857143
2019-03-18T00:00:00.000Z,282597.71428571426,4006.34
2019-03-25T00:00:00.000Z,370677.4285714286,4027.3578571428575
2019-04-01T00:00:00.000Z,368944.4285714286,4856.995714285715
2019-04-08T00:00:00.000Z,371237.71428571426,5168.756428571428
2019-04-15T00:00:00.000Z,363773,5230.410714285715
2019-04-22T00:00:00.000Z,366520.4285714286,5339.969285714285
2019-04-29T00:00:00.000Z,381651.71428571426,5512.495000000001
2019-05-06T00:00:00.000Z,352794.28571428574,6277.2128571428575
2019-05-13T00:00:00.000Z,367139.71428571426,7708.428571428571
2019-05-20T00:00:00.000Z,376150.4285714286,7960.182142857143
2019-05-27T00:00:00.000Z,357733.14285714284,8600.82857142857
2019-06-03T00:00:00.000Z,335934.71428571426,7892.250714285713
2019-06-10T00:00:00.000Z,339643.71428571426,8317.077857142856
2019-06-17T00:00:00.000Z,359850.5714285714,9770.353571428572
2019-06-24T00:00:00.000Z,372129.71428571426,11670.088571428572
2019-07-01T00:00:00.000Z,359847,11101.875714285718
2019-07-08T00:00:00.000Z,336389.28571428574,11697.52357142857
2019-07-15T00:00:00.000Z,322844.5714285714,10286.26
2019-07-22T00:00:00.000Z,306907.71428571426,9863.022857142856
2019-07-29T00:00:00.000Z,333603.28571428574,10172.124285714288
2019-08-05T00:00:00.000Z,333302.4285714286,11651.484285714285
2019-08-12T00:00:00.000Z,324582.85714285716,10509.549285714285
2019-08-19T00:00:00.000Z,318381.85714285716,10323.38357142857
2019-08-26T00:00:00.000Z,329857.14285714284,9845.495714285715
2019-09-02T00:00:00.000Z,334785.28571428574,10469.797142857144
2019-09-09T00:00:00.000Z,316250,10247.785714285714
2019-09-16T00:00:00.000Z,342295.5714285714,10131.11857142857
2019-09-23T00:00:00.000Z,321258.85714285716,8544.233571428571
2019-09-30T00:00:00.000Z,320461.28571428574,8186.08
2019-10-07T00:00:00.000Z,321122.71428571426,8362.300000000001
2019-10-14T00:00:00.000Z,321523.4285714286,8121.824285714286
2019-10-21T00:00:00.000Z,319570.14285714284,8382.076428571429
2019-10-28T00:00:00.000Z,302929,9297.527857142859
2019-11-04T00:00:00.000Z,314331.28571428574,9149.217857142856
2019-11-11T00:00:00.000Z,310005.71428571426,8664.838571428572
2019-11-18T00:00:00.000Z,308810.28571428574,7712.500714285714
2019-11-25T00:00:00.000Z,298767,7384.942857142857
2019-12-02T00:00:00.000Z,311359.5714285714,7424.699999999999
2019-12-09T00:00:00.000Z,309184,7301.0875
2019-12-09T00:00:00.000Z,297905,7184.125
2019-12-16T00:00:00.000Z,314998.28571428574,7089.192142857143
2019-12-23T00:00:00.000Z,290918,7313.147857142857
2019-12-30T00:00:00.000Z,293822.4285714286,7251.518571428572
2020-01-06T00:00:00.000Z,315177.28571428574,7969.010714285716
2020-01-13T00:00:00.000Z,313192,8661.381428571429
2020-01-20T00:00:00.000Z,306870.4285714286,8515.541428571427
2020-01-27T00:00:00.000Z,317349.85714285716,9242.037857142857
2020-02-03T00:00:00.000Z,327792.4285714286,9628.434285714286
2020-02-10T00:00:00.000Z,327059.71428571426,10120.505714285713
2020-02-17T00:00:00.000Z,321804.5714285714,9743.104285714286
2020-02-24T00:00:00.000Z,331171,8996.162857142857
2020-03-02T00:00:00.000Z,335401.14285714284,8849.416428571429
2020-03-09T00:00:00.000Z,299319.28571428574,6561.87
2020-03-16T00:00:00.000Z,255044.57142857142,5687.179999999999
2020-03-23T00:00:00.000Z,256992,6441.128571428572
2020-03-30T00:00:00.000Z,274340.28571428574,6645.195714285714
2020-04-06T00:00:00.000Z,275925,7112.505714285716
2020-04-13T00:00:00.000Z,292285.71428571426,6955.442857142857
2020-04-20T00:00:00.000Z,297593.4285714286,7276.172142857143
2020-04-27T00:00:00.000Z,313880.5714285714,8490.679285714286
2020-05-04T00:00:00.000Z,321909.5714285714,9274.316428571428
2020-05-11T00:00:00.000Z,294372.14285714284,9239.103571428572
2020-05-18T00:00:00.000Z,269954.85714285716,9353.314285714285
2020-05-25T00:00:00.000Z,282846.71428571426,9231.052857142859
2020-06-01T00:00:00.000Z,301290.5714285714,9694.272857142858
2020-06-08T00:00:00.000Z,310882.85714285716,9577.494999999999
2020-06-15T00:00:00.000Z,305733.4285714286,9347.10642857143
2020-06-22T00:00:00.000Z,307419.28571428574,9292.098571428573
2020-06-29T00:00:00.000Z,318708,9118.680714285716
2020-07-06T00:00:00.000Z,332863.71428571426,9270.986428571428
2020-07-13T00:00:00.000Z,316287,9182.377857142857
2020-07-20T00:00:00.000Z,326507.14285714284,9510.075714285715
2020-07-27T00:00:00.000Z,328185.85714285716,11127.904999999999
2020-08-03T00:00:00.000Z,312820.4285714286,11512.789285714285
2020-08-10T00:00:00.000Z,327796.85714285716,11679.55642857143
2020-08-17T00:00:00.000Z,317323.71428571426,11811.590714285714
2020-08-24T00:00:00.000Z,314357.4285714286,11492.917142857143
2020-08-31T00:00:00.000Z,313489.71428571426,10936.75857142857
2020-09-07T00:00:00.000Z,312108.5714285714,10275.647142857142
2020-09-14T00:00:00.000Z,322682.28571428574,10853.306428571426
2020-09-21T00:00:00.000Z,309385.4285714286,10585.881428571429
2020-09-28T00:00:00.000Z,313380.4285714286,10671.644285714287
2020-10-05T00:00:00.000Z,315373.4285714286,10907.520714285714
2020-10-12T00:00:00.000Z,304885.14285714284,11419.511428571428
2020-10-19T00:00:00.000Z,308255.28571428574,12577.558571428572
2020-10-26T00:00:00.000Z,266040.28571428574,13437.014285714284
2020-11-02T00:00:00.000Z,292849.4285714286,14559.156428571428
2020-11-09T00:00:00.000Z,300435.85714285716,15770.332857142856
2020-11-16T00:00:00.000Z,323236.71428571426,17766.92357142857
2020-11-23T00:00:00.000Z,313866.4285714286,18008.39642857143
2020-11-30T00:00:00.000Z,309810.85714285716,19034.352142857144
2020-12-07T00:00:00.000Z,306129.85714285716,18546.487142857142
2020-12-14T00:00:00.000Z,322945.14285714284,21611.110714285714
2020-12-21T00:00:00.000Z,298411.28571428574,24224.24642857143
2020-12-28T00:00:00.000Z,320396.71428571426,29136.610714285714
2021-01-04T00:00:00.000Z,362676.14285714284,36369.54642857143
2021-01-11T00:00:00.000Z,321842.5714285714,35923.17142857143
2021-01-18T00:00:00.000Z,304368.14285714284,33803.775714285715
2021-01-25T00:00:00.000Z,319834,32943.27642857143
2021-02-01T00:00:00.000Z,334059.71428571426,36851.097857142864
2021-02-08T00:00:00.000Z,330887.85714285716,46292.847142857136
2021-02-15T00:00:00.000Z,310862,52158.51571428571
2021-02-22T00:00:00.000Z,305570.14285714284,48417.100714285705
2021-03-01T00:00:00.000Z,301164.28571428574,48908.07857142856
2021-03-08T00:00:00.000Z,304776.5714285714,55939.12642857142
2021-03-15T00:00:00.000Z,296803.5714285714,57401.895000000004
2021-03-22T00:00:00.000Z,295110.4285714286,54412.721428571436
2021-03-29T00:00:00.000Z,300370.71428571426,58155.272142857146
2021-04-05T00:00:00.000Z,296531.28571428574,58314.760714285716
2021-04-12T00:00:00.000Z,278219.28571428574,61088.15000000001
2021-04-19T00:00:00.000Z,259497.57142857142,52577.46
2021-04-26T00:00:00.000Z,266140.14285714284,55050.31071428572
2021-05-03T00:00:00.000Z,291361.4285714286,56899.071428571435
2021-05-10T00:00:00.000Z,272846.4285714286,51596.39
2021-05-17T00:00:00.000Z,229693.85714285713,39095.701428571425
2021-05-24T00:00:00.000Z,215660.7142857143,37254.63285714285
2021-05-31T00:00:00.000Z,226256.7142857143,36826.34714285715
2021-06-07T00:00:00.000Z,224664.7142857143,35667.852857142854
2021-06-14T00:00:00.000Z,221735.42857142858,37880.94928571428
2021-06-21T00:00:00.000Z,198423.7142857143,32852.724285714285
2021-06-28T00:00:00.000Z,210497.7142857143,34523.21928571429
2021-07-05T00:00:00.000Z,212129,33827.17785714285
2021-07-12T00:00:00.000Z,211324.42857142858,32280.38071428571
2021-07-19T00:00:00.000Z,218147.14285714287,32308.82285714286
2021-07-26T00:00:00.000Z,239846.85714285713,39825.485714285714
2021-08-02T00:00:00.000Z,233701.14285714287,40850.32
2021-08-09T00:00:00.000Z,240423.2857142857,45865.19285714285
2021-08-16T00:00:00.000Z,243421.42857142858,47027.067142857144
2021-08-23T00:00:00.000Z,246150,48567.27642857143
2021-08-30T00:00:00.000Z,258524.57142857142,49013.575714285704
2021-09-06T00:00:00.000Z,251839.2857142857,47035.36214285715
2021-09-13T00:00:00.000Z,251927.7142857143,47083.037142857145
2021-09-20T00:00:00.000Z,249203.57142857142,42956.95642857143
2021-09-27T00:00:00.000Z,258335,44503.985714285714
2021-10-04T00:00:00.000Z,273262.85714285716,52988.37357142857
2021-10-11T00:00:00.000Z,272759.85714285716,58175.48785714286
2021-10-18T00:00:00.000Z,276093.28571428574,62422.23142857143
2021-10-25T00:00:00.000Z,277372.85714285716,61167.97714285715
2021-11-01T00:00:00.000Z,273839.71428571426,61807.90142857143
2021-11-08T00:00:00.000Z,280086.5714285714,65218.32785714285
2021-11-15T00:00:00.000Z,275873.5714285714,59934.79214285714
2021-11-22T00:00:00.000Z,270877.5714285714,56516.61785714285
2021-11-29T00:00:00.000Z,279411.71428571426,54631.61357142858
2021-12-06T00:00:00.000Z,261944.42857142858,49375.40000000001
2021-12-13T00:00:00.000Z,257597,47514.032857142854
2021-12-20T00:00:00.000Z,259842.2857142857,49357.532857142854
2021-12-27T00:00:00.000Z,241330.42857142858,47983.05357142857
2022-01-03T00:00:00.000Z,247976.42857142858,43785.09571428572
2022-01-10T00:00:00.000Z,258899.2857142857,42687.02142857143
2022-01-17T00:00:00.000Z,255917.85714285713,39663.70928571428
2022-01-24T00:00:00.000Z,250807.85714285713,36982.281428571434
2022-01-31T00:00:00.000Z,258073,39107.22214285714
2022-02-07T00:00:00.000Z,251608.85714285713,43354.08
2022-02-14T00:00:00.000Z,246548.42857142858,41619.154285714285
2022-02-21T00:00:00.000Z,242144,38182.380000000005
2022-02-28T00:00:00.000Z,257570.14285714287,41486.09428571428
2022-03-07T00:00:00.000Z,247313.2857142857,39258.39357142857
2022-03-14T00:00:00.000Z,256035.57142857142,40554.43142857144
2022-03-21T00:00:00.000Z,255943.14285714287,43356.89357142857
2022-03-28T00:00:00.000Z,270918.4285714286,46708.15000000001
2022-04-04T00:00:00.000Z,258231.85714285713,44023.458571428564
2022-04-11T00:00:00.000Z,255086.85714285713,40376.94571428571
2022-04-18T00:00:00.000Z,257940.2857142857,40447.493571428575
2022-04-25T00:00:00.000Z,270585.5714285714,38901.575000000004
2022-05-02T00:00:00.000Z,264472.4285714286,37047.82714285714
2022-05-09T00:00:00.000Z,270227.71428571426,30164.34714285714
2022-05-16T00:00:00.000Z,253903.14285714287,29761.21071428571
2022-05-23T00:00:00.000Z,251041,29218.96
2022-05-30T00:00:00.000Z,253235,30395.42142857143
2022-06-06T00:00:00.000Z,251942.14285714287,29707.981428571427
2022-06-13T00:00:00.000Z,257505.7142857143,21248.985714285714
2022-06-20T00:00:00.000Z,240125.57142857142,20850.79214285714
2022-06-27T00:00:00.000Z,250936.85714285713,19926.545714285716
2022-07-04T00:00:00.000Z,246167.85714285713,20780.34571428571
2022-07-11T00:00:00.000Z,244639.2857142857,20407.145714285718
2022-07-18T00:00:00.000Z,249850.7142857143,22739.523571428574
2022-07-25T00:00:00.000Z,254972.57142857142,22884.53214285714
2022-08-01T00:00:00.000Z,254374.7142857143,23074.480000000003
2022-08-08T00:00:00.000Z,253865.14285714287,24021.83142857143
2022-08-15T00:00:00.000Z,253135,22871.530714285716
2022-08-22T00:00:00.000Z,244968.42857142858,20929.929285714286
2022-08-29T00:00:00.000Z,251550,19976.752857142856
2022-09-05T00:00:00.000Z,261181,19432.118333333336
2022-09-07T00:00:00.000Z,265239,19008.96
2022-09-08T00:00:00.000Z,262863,19238.345
2022-09-09T00:00:00.000Z,290849,20429.510000000002
2022-09-10T00:00:00.000Z,241936,21473.08
2022-09-11T00:00:00.000Z,220361,21608.755
2022-09-12T00:00:00.000Z,268971,22025.125
2022-09-13T00:00:00.000Z,260108,21341.129999999997
2022-09-14T00:00:00.000Z,270309,20091.39
2022-09-15T00:00:00.000Z,277041,19931.645
2022-09-16T00:00:00.000Z,261361,19618.315000000002
2022-09-17T00:00:00.000Z,247863,19973.16
2022-09-18T00:00:00.000Z,212396,19733.28
2022-09-19T00:00:00.000Z,253795,18986.835
2022-09-20T00:00:00.000Z,269773,19185.074999999997
2022-09-21T00:00:00.000Z,260924,18967.345
2022-09-22T00:00:00.000Z,245794,18938.165
2022-09-23T00:00:00.000Z,281419,19020.405
2022-09-24T00:00:00.000Z,228040,19060.86
2022-09-25T00:00:00.000Z,212009,18912.315
2022-09-26T00:00:00.000Z,259311,19002.675000000003
2022-09-27T00:00:00.000Z,271117,19604.760000000002
2022-09-28T00:00:00.000Z,264048,19134.85
2022-09-29T00:00:00.000Z,267342,19244.54
2022-09-30T00:00:00.000Z,286672,19690.739999999998
2022-10-01T00:00:00.000Z,241993,19335.575
2022-10-02T00:00:00.000Z,213646,19162.120000000003
2022-10-03T00:00:00.000Z,273820,19343.015
2022-10-04T00:00:00.000Z,278744,19979.449999999997
2022-10-05T00:00:00.000Z,267021,20061.825
2022-10-06T00:00:00.000Z,278204,20158
2022-10-07T00:00:00.000Z,270191,19695.045
2022-10-08T00:00:00.000Z,235498,19449.57
2022-10-09T00:00:00.000Z,211238,19442.135
2022-10-10T00:00:00.000Z,258286,19289.379999999997
2022-10-11T00:00:00.000Z,266451,19061.260000000002
2022-10-12T00:00:00.000Z,261196,19104.525
2022-10-13T00:00:00.000Z,281093,18866.95
2022-10-14T00:00:00.000Z,284648,19516.055
2022-10-15T00:00:00.000Z,241758,19107.845
2022-10-16T00:00:00.000Z,212919,19245.21
2022-10-17T00:00:00.000Z,260471,19417.745000000003
2022-10-18T00:00:00.000Z,257694,19396.61
2022-10-19T00:00:00.000Z,263517,19217.345
2022-10-20T00:00:00.000Z,263986,19133.535
2022-10-21T00:00:00.000Z,270741,18972.415
2022-10-22T00:00:00.000Z,233097,19185.65
2022-10-23T00:00:00.000Z,217872,19384.735
2022-10-24T00:00:00.000Z,264486,19378.635000000002
2022-10-25T00:00:00.000Z,248540,19828.975
2022-10-26T00:00:00.000Z,306069,20536.265
2022-10-27T00:00:00.000Z,267995,20541.665
2022-10-28T00:00:00.000Z,283035,20391.495
2022-10-29T00:00:00.000Z,252661,20814.475
2022-10-30T00:00:00.000Z,222138,20729.91
2022-10-31T00:00:00.000Z,284125,20538.11
2022-11-01T00:00:00.000Z,276192,20510.465
2022-11-02T00:00:00.000Z,257467,20431.370000000003
2022-11-03T00:00:00.000Z,297039,20213.12
2022-11-04T00:00:00.000Z,281515,20739.135000000002
2022-11-05T00:00:00.000Z,257198,21278.625
2022-11-06T00:00:00.000Z,223404,21128.46
2022-11-07T00:00:00.000Z,264869,20731.06
2022-11-08T00:00:00.000Z,295778,19062.559999999998
2022-11-09T00:00:00.000Z,292265,17064.305
2022-11-10T00:00:00.000Z,292831,16894.045
2022-11-11T00:00:00.000Z,284467,17013.765
2022-11-12T00:00:00.000Z,239254,16835.655
2022-11-13T00:00:00.000Z,227644,16578.365
2022-11-14T00:00:00.000Z,242416,16477.760000000002
2022-11-15T00:00:00.000Z,283090,16800.455
2022-11-16T00:00:00.000Z,268373,16680.870000000003
2022-11-17T00:00:00.000Z,248465,16568.61
2022-11-18T00:00:00.000Z,282091,16753.455
2022-11-19T00:00:00.000Z,260694,16668.879999999997
2022-11-20T00:00:00.000Z,229923,16449.6
2022-11-21T00:00:00.000Z,270779,15876.58
2022-11-22T00:00:00.000Z,253235,15938.689999999999
2022-11-23T00:00:00.000Z,273997,16410.64
2022-11-24T00:00:00.000Z,254639,16620.71
2022-11-25T00:00:00.000Z,258341,16471.285
2022-11-26T00:00:00.000Z,229735,16534.91
2022-11-27T00:00:00.000Z,222672,16494.545
2022-11-28T00:00:00.000Z,262636,16239.29
2022-11-29T00:00:00.000Z,271512,16312.545
2022-11-30T00:00:00.000Z,271416,16820.68
2022-12-01T00:00:00.000Z,285467,17060.57
2022-12-02T00:00:00.000Z,271725,16964.545
2022-12-03T00:00:00.000Z,250951,17010.575
2022-12-04T00:00:00.000Z,219810,17039.655
2022-12-05T00:00:00.000Z,274064,17144.285
2022-12-06T00:00:00.000Z,262438,17009.440000000002
2022-12-07T00:00:00.000Z,272328,16920.095
2022-12-08T00:00:00.000Z,263838,17022.25
2022-12-09T00:00:00.000Z,265668,17198.39
2022-12-10T00:00:00.000Z,241668,17161.98
2022-12-11T00:00:00.000Z,217788,17170.03
2022-12-12T00:00:00.000Z,262646,17060.440000000002
2022-12-13T00:00:00.000Z,287224,17520.65
2022-12-14T00:00:00.000Z,276441,18014.325
2022-12-15T00:00:00.000Z,276713,17575.305
2022-12-16T00:00:00.000Z,254176,17066.105000000003
2022-12-17T00:00:00.000Z,263200,16693.870000000003
2022-12-18T00:00:00.000Z,212673,16751.93
2022-12-19T00:00:00.000Z,259096,16581.895
2022-12-20T00:00:00.000Z,268893,16716.809999999998
2022-12-21T00:00:00.000Z,272491,16830.36
2022-12-22T00:00:00.000Z,271181,16716.045
2022-12-23T00:00:00.000Z,273926,16835.394999999997
2022-12-24T00:00:00.000Z,213339,16818.65
2022-12-25T00:00:00.000Z,205314,16793.65
2022-12-26T00:00:00.000Z,223504,16861.82
2022-12-27T00:00:00.000Z,239359,16783.17
2022-12-28T00:00:00.000Z,272949,16619.67
2022-12-29T00:00:00.000Z,265955,16568.620000000003
2022-12-30T00:00:00.000Z,291015,16501.005
2022-12-31T00:00:00.000Z,242325,16556.254999999997
2023-01-01T00:00:00.000Z,187516,16561.335
2023-01-02T00:00:00.000Z,229347,16656.11
2023-01-03T00:00:00.000Z,272055,16685.855
2023-01-04T00:00:00.000Z,277936,16811.82
2023-01-05T00:00:00.000Z,279391,16817.239999999998
2023-01-06T00:00:00.000Z,276071,16850.595
2023-01-07T00:00:00.000Z,246679,16939.004999999997
2023-01-08T00:00:00.000Z,228488,17022.745
2023-01-09T00:00:00.000Z,287347,17245.395
2023-01-10T00:00:00.000Z,302809,17316.465
2023-01-11T00:00:00.000Z,287494,17655.58
2023-01-12T00:00:00.000Z,315980,18499.355000000003
2023-01-13T00:00:00.000Z,316549,19354.84
2023-01-14T00:00:00.000Z,309880,20575.46
2023-01-15T00:00:00.000Z,252086,20811.675
2023-01-16T00:00:00.000Z,302804,21037.36
2023-01-17T00:00:00.000Z,308715,21210.795
2023-01-18T00:00:00.000Z,300045,21018.14
2023-01-19T00:00:00.000Z,298919,20925.71
2023-01-20T00:00:00.000Z,295822,21804.574999999997
2023-01-21T00:00:00.000Z,287860,22896.48
2023-01-22T00:00:00.000Z,250760,22707.675000000003
2023-01-23T00:00:00.000Z,293709,22870.165
2023-01-24T00:00:00.000Z,292970,22822.309999999998
2023-01-25T00:00:00.000Z,306681,23077.82
2023-01-26T00:00:00.000Z,296263,23069.21
2023-01-27T00:00:00.000Z,303179,23039.795
2023-01-28T00:00:00.000Z,268849,23038.635000000002
2023-01-29T00:00:00.000Z,258583,23464.73
2023-01-30T00:00:00.000Z,309909,23186.815
2023-01-31T00:00:00.000Z,313500,22998.275
2023-02-01T00:00:00.000Z,345561,23296.115
2023-02-02T00:00:00.000Z,340169,23826.11
2023-02-03T00:00:00.000Z,315951,23470.335
2023-02-04T00:00:00.000Z,304495,23425.53
2023-02-05T00:00:00.000Z,254113,23113.33
2023-02-06T00:00:00.000Z,301977,22901.715
2023-02-07T00:00:00.000Z,300429,23047.945
2023-02-08T00:00:00.000Z,316963,23048.120000000003
2023-02-09T00:00:00.000Z,369499,22370.915
2023-02-10T00:00:00.000Z,300092,21717.7
2023-02-11T00:00:00.000Z,277433,21754.364999999998
2023-02-12T00:00:00.000Z,262528,21870.55
2023-02-13T00:00:00.000Z,299329,21651.34
2023-02-14T00:00:00.000Z,302653,21947.985
2023-02-15T00:00:00.000Z,325460,23199.215
2023-02-16T00:00:00.000Z,344711,24377.895
2023-02-17T00:00:00.000Z,321260,24190.65
2023-02-18T00:00:00.000Z,276798,24654.629999999997
2023-02-19T00:00:00.000Z,240406,24714.205
2023-02-20T00:00:00.000Z,270081,24485.995
2023-02-21T00:00:00.000Z,290457,24692.475
2023-02-22T00:00:00.000Z,282319,24034.775
2023-02-23T00:00:00.000Z,290728,24112.185
2023-02-24T00:00:00.000Z,294562,23478.120000000003
2023-02-25T00:00:00.000Z,258413,23013.565000000002
2023-02-26T00:00:00.000Z,277103,23370.995
2023-02-27T00:00:00.000Z,292748,23510.465
2023-02-28T00:00:00.000Z,332358,23317.809999999998
2023-03-01T00:00:00.000Z,381932,23500.005
2023-03-02T00:00:00.000Z,330047,23500.525
2023-03-03T00:00:00.000Z,355273,22812.19
2023-03-04T00:00:00.000Z,306300,22295.105000000003
2023-03-05T00:00:00.000Z,286638,22436.46
2023-03-06T00:00:00.000Z,316016,22450.41
2023-03-07T00:00:00.000Z,362082,22253.14
2023-03-08T00:00:00.000Z,292493,21952.72
2023-03-09T00:00:00.000Z,336854,20970.855
2023-03-10T00:00:00.000Z,329334,19984.165
2023-03-11T00:00:00.000Z,319707,20373.23
2023-03-12T00:00:00.000Z,265555,21331.8
2023-03-13T00:00:00.000Z,333107,23236.54
2023-03-14T00:00:00.000Z,327892,25295.885
2023-03-15T00:00:00.000Z,345059,24600.155
2023-03-16T00:00:00.000Z,295049,24715.825
2023-03-17T00:00:00.000Z,338823,26364.915
2023-03-18T00:00:00.000Z,296890,27202.52
2023-03-19T00:00:00.000Z,269131,27675.04
2023-03-20T00:00:00.000Z,341288,27882.11
2023-03-21T00:00:00.000Z,327932,27954.85
2023-03-22T00:00:00.000Z,297575,27779.405
2023-03-23T00:00:00.000Z,295245,27999.379999999997
2023-03-24T00:00:00.000Z,292095,27732.48
2023-03-25T00:00:00.000Z,290197,27499.65
2023-03-26T00:00:00.000Z,261243,27830.035
2023-03-27T00:00:00.000Z,296557,27304.95
2023-03-28T00:00:00.000Z,316281,27080.815
2023-03-29T00:00:00.000Z,334637,27951.370000000003
2023-03-30T00:00:00.000Z,326347,28452.27
2023-03-31T00:00:00.000Z,308386,28095.85
2023-04-01T00:00:00.000Z,319646,28538.184999999998
2023-04-02T00:00:00.000Z,341622,28209.655
2023-04-03T00:00:00.000Z,332870,27892.449999999997
2023-04-04T00:00:00.000Z,421130,28056.04
2023-04-05T00:00:00.000Z,346885,28311.35
2023-04-06T00:00:00.000Z,354019,27958.504999999997
2023-04-07T00:00:00.000Z,355031,27950.855
2023-04-08T00:00:00.000Z,318505,28014.905
2023-04-09T00:00:00.000Z,278404,28180.06
2023-04-10T00:00:00.000Z,289625,28980.385000000002
2023-04-11T00:00:00.000Z,385002,30082.975
2023-04-12T00:00:00.000Z,338102,30102.425000000003
2023-04-13T00:00:00.000Z,332042,30236.129999999997
2023-04-14T00:00:00.000Z,315959,30520.699999999997
2023-04-15T00:00:00.000Z,276185,30425.795
2023-04-16T00:00:00.000Z,232268,30357.545
2023-04-17T00:00:00.000Z,316193,29795.015
2023-04-18T00:00:00.000Z,312522,29814.239999999998
2023-04-19T00:00:00.000Z,301722,29515.745
2023-04-20T00:00:00.000Z,296683,28551.88
2023-04-21T00:00:00.000Z,352218,27760.125
2023-04-22T00:00:00.000Z,354752,27516.02
2023-04-23T00:00:00.000Z,432760,27589.475
2023-04-24T00:00:00.000Z,360173,27502.45
2023-04-25T00:00:00.000Z,369843,27799.285
2023-04-26T00:00:00.000Z,436461,28639.87
2023-04-27T00:00:00.000Z,418912,29143.864999999998
2023-04-28T00:00:00.000Z,483522,29263.72
2023-04-29T00:00:00.000Z,486031,29277.160000000003
2023-04-30T00:00:00.000Z,568516,29537.010000000002
2023-05-01T00:00:00.000Z,682281,28510
2023-05-02T00:00:00.000Z,457708,28397.285
2023-05-03T00:00:00.000Z,489559,28715.095
2023-05-04T00:00:00.000Z,491123,29037.120000000003
2023-05-05T00:00:00.000Z,411429,29275.165
2023-05-06T00:00:00.000Z,601134,29158.815000000002
2023-05-07T00:00:00.000Z,607883,28877.43
2023-05-08T00:00:00.000Z,575051,28096.765
2023-05-09T00:00:00.000Z,598256,27739.525
2023-05-10T00:00:00.000Z,671668,27590
2023-05-11T00:00:00.000Z,546549,27186.71
2023-05-12T00:00:00.000Z,509159,26464.555
2023-05-13T00:00:00.000Z,575640,26877.29
2023-05-14T00:00:00.000Z,631677,26906.485
2023-05-15T00:00:00.000Z,526379,27213.045
2023-05-16T00:00:00.000Z,566462,27087.67
2023-05-17T00:00:00.000Z,583454,27035.050000000003
2023-05-18T00:00:00.000Z,476704,26934.205
2023-05-19T00:00:00.000Z,515474,26918.85
2023-05-20T00:00:00.000Z,423736,27001.9
2023-05-21T00:00:00.000Z,486625,26982.325
2023-05-22T00:00:00.000Z,499281,26814.32
2023-05-23T00:00:00.000Z,519870,27141.875
2023-05-24T00:00:00.000Z,405521,26657.09
2023-05-25T00:00:00.000Z,460167,26239.68
2023-05-26T00:00:00.000Z,532373,26638.61
2023-05-27T00:00:00.000Z,471633,26742.22
2023-05-28T00:00:00.000Z,496158,27522.145
2023-05-29T00:00:00.000Z,550324,28002.71
2023-05-30T00:00:00.000Z,515246,27808.690000000002
2023-05-31T00:00:00.000Z,421579,27346.855
2023-06-01T00:00:00.000Z,355986,26995.035
2023-06-02T00:00:00.000Z,479437,26912.96
2023-06-03T00:00:00.000Z,381453,27141.35
2023-06-04T00:00:00.000Z,364020,27205.595
2023-06-05T00:00:00.000Z,359254,26275.230000000003
2023-06-06T00:00:00.000Z,462072,26377.489999999998
2023-06-07T00:00:00.000Z,433781,26778.915
2023-06-08T00:00:00.000Z,407006,26519.434999999998
2023-06-09T00:00:00.000Z,387084,26536.725
2023-06-10T00:00:00.000Z,365369,25997.1
2023-06-11T00:00:00.000Z,399201,25934.135000000002
2023-06-12T00:00:00.000Z,370634,25862.07
2023-06-13T00:00:00.000Z,410483,26070.52
2023-06-14T00:00:00.000Z,330658,25453.985
2023-06-15T00:00:00.000Z,423069,25252.915
2023-06-16T00:00:00.000Z,512202,25821.32
2023-06-17T00:00:00.000Z,475252,26473.730000000003
2023-06-18T00:00:00.000Z,439868,26474.68
2023-06-19T00:00:00.000Z,415604,26648.129999999997
2023-06-20T00:00:00.000Z,447715,27528.199999999997
2023-06-21T00:00:00.000Z,363280,29526.985
2023-06-22T00:00:00.000Z,392041,30034.91
2023-06-23T00:00:00.000Z,374001,30614.495000000003
2023-06-24T00:00:00.000Z,361437,30543.495000000003
2023-06-25T00:00:00.000Z,382769,30673.254999999997
2023-06-26T00:00:00.000Z,403979,30294.885000000002
2023-06-27T00:00:00.000Z,434858,30622.39
2023-06-28T00:00:00.000Z,331278,30289.449999999997
2023-06-29T00:00:00.000Z,438193,30436.73
2023-06-30T00:00:00.000Z,445197,30440.22
2023-07-01T00:00:00.000Z,324274,30487.975
2023-07-02T00:00:00.000Z,309920,30489.245000000003
2023-07-03T00:00:00.000Z,328114,30981.25
2023-07-04T00:00:00.000Z,375807,30983.17
2023-07-05T00:00:00.000Z,496227,30539.275
2023-07-06T00:00:00.000Z,392688,30693.795
2023-07-07T00:00:00.000Z,556014,30088.52
2023-07-08T00:00:00.000Z,573697,30219.63
2023-07-09T00:00:00.000Z,594265,30257.894999999997
2023-07-10T00:00:00.000Z,507115,30504.54
2023-07-11T00:00:00.000Z,432293,30560.545
2023-07-12T00:00:00.000Z,478320,30598.870000000003
2023-07-13T00:00:00.000Z,375859,31049.05
2023-07-14T00:00:00.000Z,421666,30783.225
2023-07-15T00:00:00.000Z,484980,30330.975
2023-07-16T00:00:00.000Z,595145,30265.79
2023-07-17T00:00:00.000Z,428612,30007.035
2023-07-18T00:00:00.000Z,582684,29891.995000000003
2023-07-19T00:00:00.000Z,480249,29982.42
2023-07-20T00:00:00.000Z,400400,29998.8
2023-07-21T00:00:00.000Z,323847,29897.5
2023-07-22T00:00:00.000Z,288750,29820.285000000003
2023-07-23T00:00:00.000Z,559624,30041.755
2023-07-24T00:00:00.000Z,529923,29481.46
2023-07-25T00:00:00.000Z,462586,29213.065000000002
2023-07-26T00:00:00.000Z,452746,29390.67
2023-07-27T00:00:00.000Z,413038,29325.03
2023-07-28T00:00:00.000Z,449225,29324.72
2023-07-29T00:00:00.000Z,423119,29331.825
2023-07-30T00:00:00.000Z,645854,29248.105000000003
2023-07-31T00:00:00.000Z,445666,29316.98
2023-08-01T00:00:00.000Z,412219,29148.835
2023-08-02T00:00:00.000Z,390768,29469.86
2023-08-03T00:00:00.000Z,476007,29170.605
2023-08-04T00:00:00.000Z,318486,29050.364999999998
2023-08-05T00:00:00.000Z,500723,29031.92
2023-08-06T00:00:00.000Z,607275,29063.809999999998
2023-08-07T00:00:00.000Z,427534,28958.555
2023-08-08T00:00:00.000Z,331194,29658.805
2023-08-09T00:00:00.000Z,506746,29738.684999999998
2023-08-10T00:00:00.000Z,358039,29515.945
2023-08-11T00:00:00.000Z,506538,29377.84
2023-08-12T00:00:00.000Z,503934,29413.905
2023-08-13T00:00:00.000Z,497112,29352.879999999997
2023-08-14T00:00:00.000Z,568517,29375.125
2023-08-15T00:00:00.000Z,583063,29260.35
2023-08-16T00:00:00.000Z,566878,28961.965
2023-08-17T00:00:00.000Z,502274,27063.68
2023-08-18T00:00:00.000Z,423207,26228
2023-08-19T00:00:00.000Z,519780,26029.75
2023-08-20T00:00:00.000Z,612461,26140.035
2023-08-21T00:00:00.000Z,550074,26034.22
2023-08-22T00:00:00.000Z,420857,25760.73
2023-08-23T00:00:00.000Z,417822,26302.510000000002
2023-08-24T00:00:00.000Z,399151,26218.545
2023-08-25T00:00:00.000Z,425192,26027.445
2023-08-26T00:00:00.000Z,497513,26044.3
2023-08-27T00:00:00.000Z,413594,26067.67
2023-08-28T00:00:00.000Z,331345,26040.905
2023-08-29T00:00:00.000Z,500301,27028.755
2023-08-30T00:00:00.000Z,408001,27404.33
2023-08-31T00:00:00.000Z,437435,26615.055
2023-09-01T00:00:00.000Z,419548,25730.4
2023-09-02T00:00:00.000Z,539748,25855.425
2023-09-03T00:00:00.000Z,625257,25962.480000000003
2023-09-04T00:00:00.000Z,573196,25862.7
2023-09-05T00:00:00.000Z,462093,25721.29
2023-09-06T00:00:00.000Z,485357,25698.595
2023-09-07T00:00:00.000Z,537939,26013.065000000002
2023-09-08T00:00:00.000Z,414799,26046.934999999998
2023-09-09T00:00:00.000Z,597409,25867.16
2023-09-10T00:00:00.000Z,558395,25806.690000000002
2023-09-11T00:00:00.000Z,459132,25403.885000000002
2023-09-12T00:00:00.000Z,462328,25834.165
2023-09-13T00:00:00.000Z,512446,26089.855
2023-09-14T00:00:00.000Z,576215,26487.32
2023-09-15T00:00:00.000Z,703692,26550.58
2023-09-16T00:00:00.000Z,593144,26615.015
2023-09-17T00:00:00.000Z,611220,26516.254999999997
2023-09-18T00:00:00.000Z,635845,26912.2
2023-09-19T00:00:00.000Z,493887,27085.625
2023-09-20T00:00:00.000Z,551783,27104.489999999998
2023-09-21T00:00:00.000Z,431540,26766.165
2023-09-22T00:00:00.000Z,441679,26609.58
2023-09-23T00:00:00.000Z,629617,26581.574999999997
2023-09-24T00:00:00.000Z,441181,26441.805
2023-09-25T00:00:00.000Z,285750,26221.59
2023-09-26T00:00:00.000Z,309789,26243.085
2023-09-27T00:00:00.000Z,337265,26462.64
2023-09-28T00:00:00.000Z,378975,26817.29
2023-09-29T00:00:00.000Z,330269,26954.08
2023-09-30T00:00:00.000Z,275474,26991.239999999998
2023-10-01T00:00:00.000Z,320516,27509.625
2023-10-02T00:00:00.000Z,344263,27948.97
2023-10-03T00:00:00.000Z,310664,27419.559999999998
2023-10-04T00:00:00.000Z,287430,27529.755
2023-10-05T00:00:00.000Z,319310,27745.69
2023-10-06T00:00:00.000Z,298650,27730.835
2023-10-07T00:00:00.000Z,244567,27949.58
2023-10-08T00:00:00.000Z,242440,27909.855
2023-10-09T00:00:00.000Z,283648,27641.345
2023-10-10T00:00:00.000Z,285060,27517.11
2023-10-11T00:00:00.000Z,264600,27003.62
2023-10-12T00:00:00.000Z,267090,26743.879999999997
2023-10-13T00:00:00.000Z,279518,26892.940000000002
2023-10-14T00:00:00.000Z,265220,26896.4
2023-10-15T00:00:00.000Z,251923,27055.16
2023-10-16T00:00:00.000Z,299782,28570.315000000002
2023-10-17T00:00:00.000Z,294257,28361.485
2023-10-18T00:00:00.000Z,271345,28572.745000000003
2023-10-19T00:00:00.000Z,282007,28531.335
2023-10-20T00:00:00.000Z,295888,29420.04
2023-10-21T00:00:00.000Z,270621,29922.915
2023-10-22T00:00:00.000Z,252457,29953.61
2023-10-23T00:00:00.000Z,301780,32318.714999999997
2023-10-24T00:00:00.000Z,373854,34020.51
2023-10-25T00:00:00.000Z,476549,34417.885
2023-10-26T00:00:00.000Z,431256,34291.33500000001
2023-10-27T00:00:00.000Z,452816,33826.455
2023-10-28T00:00:00.000Z,564383,34185.235
2023-10-29T00:00:00.000Z,410290,34354.445
2023-10-30T00:00:00.000Z,463202,34476.17
2023-10-31T00:00:00.000Z,433751,34392.225000000006
2023-11-01T00:00:00.000Z,463644,34860.33
2023-11-02T00:00:00.000Z,403541,35148.195
2023-11-03T00:00:00.000Z,452354,34534.25
2023-11-04T00:00:00.000Z,698917,34942.225
2023-11-05T00:00:00.000Z,673375,34941.42999999999
2023-11-06T00:00:00.000Z,439319,35023.5
2023-11-07T00:00:00.000Z,450371,35233.850000000006
2023-11-08T00:00:00.000Z,583201,35614.945
2023-11-09T00:00:00.000Z,573466,36774.145000000004
2023-11-10T00:00:00.000Z,523831,36939.354999999996
2023-11-11T00:00:00.000Z,627529,37059.56
2023-11-12T00:00:00.000Z,703327,36990.25
2023-11-13T00:00:00.000Z,428507,36893.759999999995
2023-11-14T00:00:00.000Z,523422,35770.24
2023-11-15T00:00:00.000Z,561942,36675.765
2023-11-16T00:00:00.000Z,628426,36731.759999999995
2023-11-17T00:00:00.000Z,536644,36327.16499999999
2023-11-18T00:00:00.000Z,629266,36533.149999999994
2023-11-19T00:00:00.000Z,710579,36970.354999999996
2023-11-20T00:00:00.000Z,640670,37268.58
2023-11-21T00:00:00.000Z,522593,36709.61
2023-11-22T00:00:00.000Z,535829,36761.520000000004
2023-11-23T00:00:00.000Z,587706,37269.2
2023-11-24T00:00:00.000Z,623898,37847.229999999996
2023-11-25T00:00:00.000Z,617234,37761.935
2023-11-26T00:00:00.000Z,578484,37494.49
2023-11-27T00:00:00.000Z,479487,37147.735
2023-11-28T00:00:00.000Z,447662,37645.2
2023-11-29T00:00:00.000Z,360588,38023.045
2023-11-30T00:00:00.000Z,411882,37827.74
2023-12-01T00:00:00.000Z,496468,38304.235
2023-12-02T00:00:00.000Z,429362,39185.985
2023-12-03T00:00:00.000Z,707876,39746.07000000001
2023-12-04T00:00:00.000Z,570395,41189.89
2023-12-05T00:00:00.000Z,514962,43003.845
2023-12-06T00:00:00.000Z,467795,43836.42
2023-12-07T00:00:00.000Z,372050,43453.55
2023-12-08T00:00:00.000Z,411456,43914.77
2023-12-09T00:00:00.000Z,587398,43985.295
2023-12-10T00:00:00.000Z,536175,43816.165
2023-12-11T00:00:00.000Z,525486,41994.835
2023-12-12T00:00:00.000Z,543162,41364.395000000004
2023-12-13T00:00:00.000Z,587920,42020.79
2023-12-14T00:00:00.000Z,570985,42425.07000000001
2023-12-15T00:00:00.000Z,632636,42376.69
2023-12-16T00:00:00.000Z,638144,42159.85
2023-12-17T00:00:00.000Z,616808,41800.11
2023-12-18T00:00:00.000Z,640936,41628.55
2023-12-19T00:00:00.000Z,662880,42625.490000000005
2023-12-20T00:00:00.000Z,582506,43249.32
2023-12-21T00:00:00.000Z,588137,43775.655
2023-12-22T00:00:00.000Z,625531,43922.145000000004
2023-12-23T00:00:00.000Z,608479,43681.479999999996
2023-12-24T00:00:00.000Z,723459,43300.16499999999
2023-12-25T00:00:00.000Z,535741,43286.020000000004
2023-12-26T00:00:00.000Z,553693,42610.55
2023-12-27T00:00:00.000Z,545556,42908.3
2023-12-28T00:00:00.000Z,417180,43050.76
2023-12-29T00:00:00.000Z,581449,42215.725
2023-12-30T00:00:00.000Z,533823,42062.88
2023-12-31T00:00:00.000Z,731351,42416.740000000005
2024-01-01T00:00:00.000Z,657752,43199.104999999996
2024-01-02T00:00:00.000Z,367319,45050.42
2024-01-03T00:00:00.000Z,502749,42864.2
2024-01-04T00:00:00.000Z,482557,43727.235
2024-01-05T00:00:00.000Z,420884,43442.615000000005
2024-01-06T00:00:00.000Z,382140,43846.65
2024-01-07T00:00:00.000Z,348688,44068.020000000004
2024-01-08T00:00:00.000Z,414359,45252.87
2024-01-09T00:00:00.000Z,468088,46406.405
2024-01-10T00:00:00.000Z,383774,46016.08
2024-01-11T00:00:00.000Z,449075,47317.08
2024-01-12T00:00:00.000Z,375872,43983.369999999995
2024-01-13T00:00:00.000Z,652483,42840.915
2024-01-14T00:00:00.000Z,591806,42381.509999999995
2024-01-15T00:00:00.000Z,408499,42506.785
2024-01-16T00:00:00.000Z,470122,42805.005000000005
2024-01-17T00:00:00.000Z,449415,42677.915
2024-01-18T00:00:00.000Z,484017,41741.604999999996
2024-01-19T00:00:00.000Z,460763,41199.075
2024-01-20T00:00:00.000Z,563331,41639.86
2024-01-21T00:00:00.000Z,600202,41678.21
2024-01-22T00:00:00.000Z,457620,40533.354999999996
2024-01-23T00:00:00.000Z,368462,39324.215
2024-01-24T00:00:00.000Z,372499,39977.78
2024-01-25T00:00:00.000Z,340188,39902.425
2024-01-26T00:00:00.000Z,493218,41021.29
2024-01-27T00:00:00.000Z,597446,41792.525
2024-01-28T00:00:00.000Z,636523,42227.490000000005
2024-01-29T00:00:00.000Z,575203,42556.235
2024-01-30T00:00:00.000Z,523509,43273.085
2024-01-31T00:00:00.000Z,444450,43005.6
2024-02-01T00:00:00.000Z,413272,42561.634999999995
2024-02-02T00:00:00.000Z,429732,42994.485
2024-02-03T00:00:00.000Z,515539,43115.065
2024-02-04T00:00:00.000Z,336211,42662.905
2024-02-05T00:00:00.000Z,281482,42725.145
2024-02-06T00:00:00.000Z,278093,42943.485
2024-02-07T00:00:00.000Z,427538,43584.4
2024-02-08T00:00:00.000Z,285101,44978
2024-02-09T00:00:00.000Z,334084,46732.744999999995
2024-02-10T00:00:00.000Z,399252,47530.375
2024-02-11T00:00:00.000Z,329938,48094.75
2024-02-12T00:00:00.000Z,409911,49028.895
2024-02-13T00:00:00.000Z,313178,49364.875
2024-02-14T00:00:00.000Z,296717,50679.12
2024-02-15T00:00:00.000Z,303306,52101.63
2024-02-16T00:00:00.000Z,312782,52101.465
2024-02-17T00:00:00.000Z,327713,51424.615
2024-02-18T00:00:00.000Z,343417,51793.945
2024-02-19T00:00:00.000Z,366108,52089.425
2024-02-20T00:00:00.000Z,397096,51876.36
2024-02-21T00:00:00.000Z,369949,51504.455
2024-02-22T00:00:00.000Z,365090,51485.490000000005
2024-02-23T00:00:00.000Z,409204,51016.325
2024-02-24T00:00:00.000Z,340419,51135.770000000004
2024-02-25T00:00:00.000Z,418801,51623.22
2024-02-26T00:00:00.000Z,356184,52930.2
2024-02-27T00:00:00.000Z,387598,56048.065
2024-02-28T00:00:00.000Z,413800,60406.195
2024-02-29T00:00:00.000Z,407090,62011.87
2024-03-01T00:00:00.000Z,419284,62010.99
2024-03-02T00:00:00.000Z,339311,62055.06
2024-03-03T00:00:00.000Z,385447,62323.619999999995
2024-03-04T00:00:00.000Z,361258,65463
2024-03-05T00:00:00.000Z,424347,64256.615000000005
2024-03-06T00:00:00.000Z,381934,65248.619999999995
2024-03-07T00:00:00.000Z,436344,66838.41500000001
2024-03-08T00:00:00.000Z,426928,68162.48
2024-03-09T00:00:00.000Z,359029,68345.36499999999
2024-03-10T00:00:00.000Z,368196,69097.515
2024-03-11T00:00:00.000Z,394098,70021.595
2024-03-12T00:00:00.000Z,341867,70816.70999999999
2024-03-13T00:00:00.000Z,390118,72500.92
2024-03-14T00:00:00.000Z,329706,71148.275
2024-03-15T00:00:00.000Z,307904,68987.375
2024-03-16T00:00:00.000Z,355760,67413.55
2024-03-17T00:00:00.000Z,366109,66701.59
2024-03-18T00:00:00.000Z,416270,67754.83499999999
2024-03-19T00:00:00.000Z,463952,64822.84
2024-03-20T00:00:00.000Z,361515,64461.065
2024-03-21T00:00:00.000Z,327642,66388.735
2024-03-22T00:00:00.000Z,339533,64482.47
2024-03-23T00:00:00.000Z,326610,64515.850000000006
2024-03-24T00:00:00.000Z,331527,65713.3
2024-03-25T00:00:00.000Z,317064,68801.555
2024-03-26T00:00:00.000Z,317742,70426.77
2024-03-27T00:00:00.000Z,355902,70073.38500000001
2024-03-28T00:00:00.000Z,428670,70229.41
2024-03-29T00:00:00.000Z,449421,69992.035
2024-03-30T00:00:00.000Z,490072,69971.04000000001
2024-03-31T00:00:00.000Z,319675,70495.58499999999
2024-04-01T00:00:00.000Z,326410,69700.265
2024-04-02T00:00:00.000Z,357709,67137.405
2024-04-03T00:00:00.000Z,372978,65720.4
2024-04-04T00:00:00.000Z,320607,67212.37
2024-04-05T00:00:00.000Z,348637,67383.495
2024-04-06T00:00:00.000Z,433591,68577.955
2024-04-07T00:00:00.000Z,526130,69590.215
2024-04-08T00:00:00.000Z,455617,70907.45999999999
2024-04-09T00:00:00.000Z,453811,69981.08
2024-04-10T00:00:00.000Z,531054,69315.6
2024-04-11T00:00:00.000Z,476241,70427.93
2024-04-12T00:00:00.000Z,448489,68252.13
2024-04-13T00:00:00.000Z,507173,64751.035
2024-04-14T00:00:00.000Z,473328,64052.340000000004
2024-04-15T00:00:00.000Z,503358,64615.505000000005