DateTime,Price
2015-08-07T00:00:00.000Z,1.83735
2015-08-08T00:00:00.000Z,1.575
2015-08-09T00:00:00.000Z,1.2
2015-08-10T00:00:00.000Z,1.2
2015-08-11T00:00:00.000Z,0.9252
2015-08-12T00:00:00.000Z,1.0975000000000001
2015-08-13T00:00:00.000Z,1.5699999999999998
2015-08-14T00:00:00.000Z,1.945
2015-08-15T00:00:00.000Z,1.645
2015-08-16T00:00:00.000Z,1.145
2015-08-17T00:00:00.000Z,1.42
2015-08-18T00:00:00.000Z,1.255
2015-08-19T00:00:00.000Z,1.175
2015-08-20T00:00:00.000Z,1.38
2015-08-21T00:00:00.000Z,1.4849999999999999
2015-08-22T00:00:00.000Z,1.42
2015-08-23T00:00:00.000Z,1.355
2015-08-24T00:00:00.000Z,1.295
2015-08-25T00:00:00.000Z,1.25
2015-08-26T00:00:00.000Z,1.175
2015-08-27T00:00:00.000Z,1.165
2015-08-28T00:00:00.000Z,1.22
2015-08-29T00:00:00.000Z,1.225
2015-08-30T00:00:00.000Z,1.26
2015-08-31T00:00:00.000Z,1.11
2015-09-01T00:00:00.000Z,1.345
2015-09-02T00:00:00.000Z,1.255
2015-09-03T00:00:00.000Z,1.2349999999999999
2015-09-04T00:00:00.000Z,1.3399999999999999
2015-09-05T00:00:00.000Z,1.3
2015-09-06T00:00:00.000Z,1.365
2015-09-07T00:00:00.000Z,1.31
2015-09-08T00:00:00.000Z,1.27
2015-09-09T00:00:00.000Z,1.2349999999999999
2015-09-10T00:00:00.000Z,1.165
2015-09-11T00:00:00.000Z,1.0571
2015-09-12T00:00:00.000Z,1.0371
2015-09-13T00:00:00.000Z,1.01685
2015-09-14T00:00:00.000Z,0.9236
2015-09-15T00:00:00.000Z,0.902
2015-09-16T00:00:00.000Z,0.9463
2015-09-17T00:00:00.000Z,0.88005
2015-09-18T00:00:00.000Z,0.86615
2015-09-19T00:00:00.000Z,0.84565
2015-09-20T00:00:00.000Z,0.885
2015-09-21T00:00:00.000Z,0.91855
2015-09-22T00:00:00.000Z,0.87355
2015-09-23T00:00:00.000Z,0.85795
2015-09-24T00:00:00.000Z,0.855
2015-09-25T00:00:00.000Z,0.74115
2015-09-26T00:00:00.000Z,0.7254
2015-09-27T00:00:00.000Z,0.7355
2015-09-28T00:00:00.000Z,0.65235
2015-09-29T00:00:00.000Z,0.5908
2015-09-30T00:00:00.000Z,0.6223000000000001
2015-10-01T00:00:00.000Z,0.6840999999999999
2015-10-02T00:00:00.000Z,0.6604000000000001
2015-10-03T00:00:00.000Z,0.67215
2015-10-04T00:00:00.000Z,0.6421
2015-10-05T00:00:00.000Z,0.60865
2015-10-06T00:00:00.000Z,0.6301
2015-10-07T00:00:00.000Z,0.6054999999999999
2015-10-08T00:00:00.000Z,0.62
2015-10-09T00:00:00.000Z,0.60265
2015-10-10T00:00:00.000Z,0.69255
2015-10-11T00:00:00.000Z,0.5993
2015-10-12T00:00:00.000Z,0.6345000000000001
2015-10-13T00:00:00.000Z,0.6258
2015-10-14T00:00:00.000Z,0.5508500000000001
2015-10-15T00:00:00.000Z,0.5216000000000001
2015-10-16T00:00:00.000Z,0.5436000000000001
2015-10-17T00:00:00.000Z,0.53
2015-10-18T00:00:00.000Z,0.5125
2015-10-19T00:00:00.000Z,0.49355
2015-10-20T00:00:00.000Z,0.46025
2015-10-21T00:00:00.000Z,0.44594999999999996
2015-10-22T00:00:00.000Z,0.51
2015-10-23T00:00:00.000Z,0.5545
2015-10-24T00:00:00.000Z,0.53305
2015-10-25T00:00:00.000Z,0.62875
2015-10-26T00:00:00.000Z,0.663
2015-10-27T00:00:00.000Z,0.8011
2015-10-28T00:00:00.000Z,0.915
2015-10-29T00:00:00.000Z,1.08585
2015-10-30T00:00:00.000Z,1.23
2015-10-31T00:00:00.000Z,1.0038
2015-11-01T00:00:00.000Z,0.9288000000000001
2015-11-02T00:00:00.000Z,1.01765
2015-11-03T00:00:00.000Z,0.95125
2015-11-04T00:00:00.000Z,0.92935
2015-11-05T00:00:00.000Z,0.8995
2015-11-06T00:00:00.000Z,0.88995
2015-11-07T00:00:00.000Z,0.8973500000000001
2015-11-08T00:00:00.000Z,0.9472499999999999
2015-11-09T00:00:00.000Z,0.9850000000000001
2015-11-10T00:00:00.000Z,0.95
2015-11-11T00:00:00.000Z,0.835
2015-11-12T00:00:00.000Z,0.825
2015-11-13T00:00:00.000Z,0.86975
2015-11-14T00:00:00.000Z,0.8918
2015-11-15T00:00:00.000Z,0.89695
2015-11-16T00:00:00.000Z,0.7931
2015-11-17T00:00:00.000Z,0.9612
2015-11-18T00:00:00.000Z,0.975
2015-11-19T00:00:00.000Z,0.96
2015-11-20T00:00:00.000Z,0.925
2015-11-21T00:00:00.000Z,0.94
2015-11-22T00:00:00.000Z,0.92635
2015-11-23T00:00:00.000Z,0.92
2015-11-24T00:00:00.000Z,0.9299999999999999
2015-11-25T00:00:00.000Z,0.8899999999999999
2015-11-26T00:00:00.000Z,0.86275
2015-11-27T00:00:00.000Z,0.885
2015-11-28T00:00:00.000Z,0.895
2015-11-29T00:00:00.000Z,0.88
2015-11-30T00:00:00.000Z,0.8736999999999999
2015-12-01T00:00:00.000Z,0.8654
2015-12-02T00:00:00.000Z,0.835
2015-12-03T00:00:00.000Z,0.81395
2015-12-04T00:00:00.000Z,0.8323
2015-12-05T00:00:00.000Z,0.8525
2015-12-06T00:00:00.000Z,0.8474999999999999
2015-12-07T00:00:00.000Z,0.8039499999999999
2015-12-08T00:00:00.000Z,0.8388
2015-12-09T00:00:00.000Z,0.80715
2015-12-10T00:00:00.000Z,0.824
2015-12-11T00:00:00.000Z,0.835
2015-12-12T00:00:00.000Z,0.9299
2015-12-13T00:00:00.000Z,0.9292
2015-12-14T00:00:00.000Z,0.9763999999999999
2015-12-15T00:00:00.000Z,0.98
2015-12-16T00:00:00.000Z,0.9500000000000001
2015-12-17T00:00:00.000Z,0.88655
2015-12-18T00:00:00.000Z,0.9199999999999999
2015-12-19T00:00:00.000Z,0.9064
2015-12-20T00:00:00.000Z,0.98175
2015-12-21T00:00:00.000Z,0.99
2015-12-22T00:00:00.000Z,0.9399500000000001
2015-12-23T00:00:00.000Z,0.9298500000000001
2015-12-24T00:00:00.000Z,0.86995
2015-12-25T00:00:00.000Z,0.8684499999999999
2015-12-26T00:00:00.000Z,0.925
2015-12-27T00:00:00.000Z,0.879
2015-12-28T00:00:00.000Z,0.879
2015-12-29T00:00:00.000Z,0.86665
2015-12-30T00:00:00.000Z,0.8945000000000001
2015-12-31T00:00:00.000Z,0.92955
2016-01-01T00:00:00.000Z,0.9336
2016-01-02T00:00:00.000Z,0.93735
2016-01-03T00:00:00.000Z,0.9602999999999999
2016-01-04T00:00:00.000Z,0.9415
2016-01-05T00:00:00.000Z,0.9503999999999999
2016-01-06T00:00:00.000Z,0.9406
2016-01-07T00:00:00.000Z,0.9450000000000001
2016-01-08T00:00:00.000Z,0.9624999999999999
2016-01-09T00:00:00.000Z,0.9817
2016-01-10T00:00:00.000Z,0.9951
2016-01-11T00:00:00.000Z,1.05
2016-01-12T00:00:00.000Z,1.15
2016-01-13T00:00:00.000Z,1.145
2016-01-14T00:00:00.000Z,1.13
2016-01-15T00:00:00.000Z,1.245
2016-01-16T00:00:00.000Z,1.26
2016-01-17T00:00:00.000Z,1.26
2016-01-18T00:00:00.000Z,1.4300000000000002
2016-01-19T00:00:00.000Z,1.345
2016-01-20T00:00:00.000Z,1.415
2016-01-21T00:00:00.000Z,1.505
2016-01-22T00:00:00.000Z,1.54
2016-01-23T00:00:00.000Z,1.71
2016-01-24T00:00:00.000Z,1.7
2016-01-25T00:00:00.000Z,2.465
2016-01-26T00:00:00.000Z,2.525
2016-01-27T00:00:00.000Z,2.34
2016-01-28T00:00:00.000Z,2.425
2016-01-29T00:00:00.000Z,2.41
2016-01-30T00:00:00.000Z,2.4850000000000003
2016-01-31T00:00:00.000Z,2.37
2016-02-01T00:00:00.000Z,2.16
2016-02-02T00:00:00.000Z,2.285
2016-02-03T00:00:00.000Z,2.42
2016-02-04T00:00:00.000Z,2.645
2016-02-05T00:00:00.000Z,2.5300000000000002
2016-02-06T00:00:00.000Z,2.525
2016-02-07T00:00:00.000Z,2.755
2016-02-08T00:00:00.000Z,2.995
2016-02-09T00:00:00.000Z,3.555
2016-02-10T00:00:00.000Z,4.24
2016-02-11T00:00:00.000Z,4.91
2016-02-12T00:00:00.000Z,5.76
2016-02-13T00:00:00.000Z,4.9350000000000005
2016-02-14T00:00:00.000Z,4.955
2016-02-15T00:00:00.000Z,5.24
2016-02-16T00:00:00.000Z,4.720000000000001
2016-02-17T00:00:00.000Z,4.140000000000001
2016-02-18T00:00:00.000Z,4.035
2016-02-19T00:00:00.000Z,4.404999999999999
2016-02-20T00:00:00.000Z,4.365
2016-02-21T00:00:00.000Z,4.3149999999999995
2016-02-22T00:00:00.000Z,5.17
2016-02-23T00:00:00.000Z,5.66
2016-02-24T00:00:00.000Z,6.005
2016-02-25T00:00:00.000Z,6.095
2016-02-26T00:00:00.000Z,6
2016-02-27T00:00:00.000Z,6.125
2016-02-28T00:00:00.000Z,6.345000000000001
2016-02-29T00:00:00.000Z,6.3100000000000005
2016-03-01T00:00:00.000Z,6.925
2016-03-02T00:00:00.000Z,8.47
2016-03-03T00:00:00.000Z,9.120000000000001
2016-03-04T00:00:00.000Z,9.115
2016-03-05T00:00:00.000Z,10.875
2016-03-06T00:00:00.000Z,10.825
2016-03-07T00:00:00.000Z,10.265
2016-03-08T00:00:00.000Z,9.690000000000001
2016-03-09T00:00:00.000Z,10.8
2016-03-10T00:00:00.000Z,11.15
2016-03-11T00:00:00.000Z,11.01
2016-03-12T00:00:00.000Z,12.254999999999999
2016-03-13T00:00:00.000Z,13.59
2016-03-14T00:00:00.000Z,12.75
2016-03-15T00:00:00.000Z,11.725
2016-03-16T00:00:00.000Z,13.275
2016-03-17T00:00:00.000Z,11.6
2016-03-18T00:00:00.000Z,9.780000000000001
2016-03-19T00:00:00.000Z,10.495000000000001
2016-03-20T00:00:00.000Z,10.184999999999999
2016-03-21T00:00:00.000Z,10.96
2016-03-22T00:00:00.000Z,11.575
2016-03-23T00:00:00.000Z,11.73
2016-03-24T00:00:00.000Z,11.66
2016-03-25T00:00:00.000Z,10.955
2016-03-26T00:00:00.000Z,10.98
2016-03-27T00:00:00.000Z,10.6
2016-03-28T00:00:00.000Z,11.065000000000001
2016-03-29T00:00:00.000Z,11.495000000000001
2016-03-30T00:00:00.000Z,11.670000000000002
2016-03-31T00:00:00.000Z,11.73
2016-04-01T00:00:00.000Z,11.58
2016-04-02T00:00:00.000Z,11.51
2016-04-03T00:00:00.000Z,11.55
2016-04-04T00:00:00.000Z,11.31
2016-04-05T00:00:00.000Z,10.635
2016-04-06T00:00:00.000Z,10.690000000000001
2016-04-07T00:00:00.000Z,10.350000000000001
2016-04-08T00:00:00.000Z,9.955
2016-04-09T00:00:00.000Z,9.525
2016-04-10T00:00:00.000Z,8.274999999999999
2016-04-11T00:00:00.000Z,8.469999999999999
2016-04-12T00:00:00.000Z,7.9350000000000005
2016-04-13T00:00:00.000Z,7.88
2016-04-14T00:00:00.000Z,8.440000000000001
2016-04-15T00:00:00.000Z,8.364999999999998
2016-04-16T00:00:00.000Z,8.36
2016-04-17T00:00:00.000Z,9.235
2016-04-18T00:00:00.000Z,8.985
2016-04-19T00:00:00.000Z,8.9
2016-04-20T00:00:00.000Z,8.635
2016-04-21T00:00:00.000Z,8.35
2016-04-22T00:00:00.000Z,8.015
2016-04-23T00:00:00.000Z,8.129999999999999
2016-04-24T00:00:00.000Z,8.135
2016-04-25T00:00:00.000Z,7.685
2016-04-26T00:00:00.000Z,7.35
2016-04-27T00:00:00.000Z,7.66
2016-04-28T00:00:00.000Z,7.52
2016-04-29T00:00:00.000Z,7.455
2016-04-30T00:00:00.000Z,8.475
2016-05-01T00:00:00.000Z,8.805
2016-05-02T00:00:00.000Z,9.59
2016-05-03T00:00:00.000Z,9.39
2016-05-04T00:00:00.000Z,9.595
2016-05-05T00:00:00.000Z,9.620000000000001
2016-05-06T00:00:00.000Z,9.52
2016-05-07T00:00:00.000Z,9.27
2016-05-08T00:00:00.000Z,9.225
2016-05-09T00:00:00.000Z,9.45
2016-05-10T00:00:00.000Z,9.36
2016-05-11T00:00:00.000Z,9.69
2016-05-12T00:00:00.000Z,10.18
2016-05-13T00:00:00.000Z,10.579999999999998
2016-05-14T00:00:00.000Z,10.2
2016-05-15T00:00:00.000Z,10.190000000000001
2016-05-16T00:00:00.000Z,10.665
2016-05-17T00:00:00.000Z,11.815
2016-05-18T00:00:00.000Z,13.23
2016-05-19T00:00:00.000Z,13.835
2016-05-20T00:00:00.000Z,14.184999999999999
2016-05-21T00:00:00.000Z,13.465
2016-05-22T00:00:00.000Z,14.035
2016-05-23T00:00:00.000Z,13.86
2016-05-24T00:00:00.000Z,12.855
2016-05-25T00:00:00.000Z,12.36
2016-05-26T00:00:00.000Z,12.475
2016-05-27T00:00:00.000Z,11.36
2016-05-28T00:00:00.000Z,11.280000000000001
2016-05-29T00:00:00.000Z,11.899999999999999
2016-05-30T00:00:00.000Z,12.395
2016-05-31T00:00:00.000Z,13.355
2016-06-01T00:00:00.000Z,13.83
2016-06-02T00:00:00.000Z,13.85
2016-06-03T00:00:00.000Z,13.745000000000001
2016-06-04T00:00:00.000Z,13.620000000000001
2016-06-05T00:00:00.000Z,13.695
2016-06-06T00:00:00.000Z,13.875
2016-06-07T00:00:00.000Z,14.16
2016-06-08T00:00:00.000Z,14.530000000000001
2016-06-09T00:00:00.000Z,14.55
2016-06-10T00:00:00.000Z,14.129999999999999
2016-06-11T00:00:00.000Z,13.965
2016-06-12T00:00:00.000Z,14.754999999999999
2016-06-13T00:00:00.000Z,16.465
2016-06-14T00:00:00.000Z,17.755000000000003
2016-06-15T00:00:00.000Z,18.15
2016-06-16T00:00:00.000Z,19.78
2016-06-17T00:00:00.000Z,17.415
2016-06-18T00:00:00.000Z,12.735
2016-06-19T00:00:00.000Z,12.04
2016-06-20T00:00:00.000Z,11.515
2016-06-21T00:00:00.000Z,11.92
2016-06-22T00:00:00.000Z,14.27
2016-06-23T00:00:00.000Z,13.195
2016-06-24T00:00:00.000Z,13.96
2016-06-25T00:00:00.000Z,14.254999999999999
2016-06-26T00:00:00.000Z,13.945
2016-06-27T00:00:00.000Z,14.015
2016-06-28T00:00:00.000Z,12.75
2016-06-29T00:00:00.000Z,12.285
2016-06-30T00:00:00.000Z,12.469999999999999
2016-07-01T00:00:00.000Z,12.100000000000001
2016-07-02T00:00:00.000Z,12.085
2016-07-03T00:00:00.000Z,11.855
2016-07-04T00:00:00.000Z,11.275
2016-07-05T00:00:00.000Z,10.195
2016-07-06T00:00:00.000Z,10.615
2016-07-07T00:00:00.000Z,10.145
2016-07-08T00:00:00.000Z,10.815000000000001
2016-07-09T00:00:00.000Z,11.09
2016-07-10T00:00:00.000Z,10.955
2016-07-11T00:00:00.000Z,10.565
2016-07-12T00:00:00.000Z,10.635
2016-07-13T00:00:00.000Z,10.530000000000001
2016-07-14T00:00:00.000Z,11.03
2016-07-15T00:00:00.000Z,12.02
2016-07-16T00:00:00.000Z,11.809999999999999
2016-07-17T00:00:00.000Z,11.315000000000001
2016-07-18T00:00:00.000Z,11.280000000000001
2016-07-19T00:00:00.000Z,11.524999999999999
2016-07-20T00:00:00.000Z,12.2
2016-07-21T00:00:00.000Z,12.469999999999999
2016-07-22T00:00:00.000Z,13.815000000000001
2016-07-23T00:00:00.000Z,14.629999999999999
2016-07-24T00:00:00.000Z,13.415
2016-07-25T00:00:00.000Z,13.235
2016-07-26T00:00:00.000Z,12.82
2016-07-27T00:00:00.000Z,12.625
2016-07-28T00:00:00.000Z,12.780000000000001
2016-07-29T00:00:00.000Z,12.745000000000001
2016-07-30T00:00:00.000Z,12.705
2016-07-31T00:00:00.000Z,12.05
2016-08-01T00:00:00.000Z,11.100000000000001
2016-08-02T00:00:00.000Z,9.115
2016-08-03T00:00:00.000Z,9.365
2016-08-04T00:00:00.000Z,10.89
2016-08-05T00:00:00.000Z,11.025
2016-08-06T00:00:00.000Z,10.715
2016-08-07T00:00:00.000Z,10.945
2016-08-08T00:00:00.000Z,11.16
2016-08-09T00:00:00.000Z,11.8
2016-08-10T00:00:00.000Z,12.265
2016-08-11T00:00:00.000Z,11.969999999999999
2016-08-12T00:00:00.000Z,11.809999999999999
2016-08-13T00:00:00.000Z,11.66
2016-08-14T00:00:00.000Z,11.395
2016-08-15T00:00:00.000Z,11.2
2016-08-16T00:00:00.000Z,11.205
2016-08-17T00:00:00.000Z,10.97
2016-08-18T00:00:00.000Z,10.905000000000001
2016-08-19T00:00:00.000Z,10.745000000000001
2016-08-20T00:00:00.000Z,11.015
2016-08-21T00:00:00.000Z,11.135000000000002
2016-08-22T00:00:00.000Z,11.204999999999998
2016-08-23T00:00:00.000Z,11.045
2016-08-24T00:00:00.000Z,11.045
2016-08-25T00:00:00.000Z,11.17
2016-08-26T00:00:00.000Z,11.315
2016-08-27T00:00:00.000Z,11.219999999999999
2016-08-28T00:00:00.000Z,11.095
2016-08-29T00:00:00.000Z,10.965
2016-08-30T00:00:00.000Z,11.120000000000001
2016-08-31T00:00:00.000Z,11.440000000000001
2016-09-01T00:00:00.000Z,12.075
2016-09-02T00:00:00.000Z,12.145
2016-09-03T00:00:00.000Z,11.98
2016-09-04T00:00:00.000Z,11.71
2016-09-05T00:00:00.000Z,11.71
2016-09-06T00:00:00.000Z,11.605
2016-09-07T00:00:00.000Z,11.68
2016-09-08T00:00:00.000Z,11.504999999999999
2016-09-09T00:00:00.000Z,11.524999999999999
2016-09-10T00:00:00.000Z,11.775
2016-09-11T00:00:00.000Z,11.89
2016-09-12T00:00:00.000Z,11.79
2016-09-13T00:00:00.000Z,11.98
2016-09-14T00:00:00.000Z,11.91
2016-09-15T00:00:00.000Z,12.015
2016-09-16T00:00:00.000Z,12.350000000000001
2016-09-17T00:00:00.000Z,12.675
2016-09-18T00:00:00.000Z,12.605
2016-09-19T00:00:00.000Z,12.76
2016-09-20T00:00:00.000Z,13.835
2016-09-21T00:00:00.000Z,14.01
2016-09-22T00:00:00.000Z,13.105
2016-09-23T00:00:00.000Z,13.27
2016-09-24T00:00:00.000Z,13.015
2016-09-25T00:00:00.000Z,12.98
2016-09-26T00:00:00.000Z,12.98
2016-09-27T00:00:00.000Z,13.065000000000001
2016-09-28T00:00:00.000Z,13.31
2016-09-29T00:00:00.000Z,13.235
2016-09-30T00:00:00.000Z,13.225000000000001
2016-10-01T00:00:00.000Z,13.185
2016-10-02T00:00:00.000Z,13.225000000000001
2016-10-03T00:00:00.000Z,13.344999999999999
2016-10-04T00:00:00.000Z,13.395
2016-10-05T00:00:00.000Z,13.265
2016-10-06T00:00:00.000Z,12.925
2016-10-07T00:00:00.000Z,12.79
2016-10-08T00:00:00.000Z,12.399999999999999
2016-10-09T00:00:00.000Z,12.190000000000001
2016-10-10T00:00:00.000Z,11.875
2016-10-11T00:00:00.000Z,11.965
2016-10-12T00:00:00.000Z,11.885
2016-10-13T00:00:00.000Z,11.92
2016-10-14T00:00:00.000Z,11.95
2016-10-15T00:00:00.000Z,11.870000000000001
2016-10-16T00:00:00.000Z,11.954999999999998
2016-10-17T00:00:00.000Z,11.91
2016-10-18T00:00:00.000Z,12.425
2016-10-19T00:00:00.000Z,12.265
2016-10-20T00:00:00.000Z,12.094999999999999
2016-10-21T00:00:00.000Z,12.05
2016-10-22T00:00:00.000Z,12.030000000000001
2016-10-23T00:00:00.000Z,11.995000000000001
2016-10-24T00:00:00.000Z,11.955
2016-10-25T00:00:00.000Z,11.52
2016-10-26T00:00:00.000Z,11.489999999999998
2016-10-27T00:00:00.000Z,11.39
2016-10-28T00:00:00.000Z,11.265
2016-10-29T00:00:00.000Z,10.335
2016-10-30T00:00:00.000Z,10.85
2016-10-31T00:00:00.000Z,11.25
2016-11-01T00:00:00.000Z,10.754999999999999
2016-11-02T00:00:00.000Z,10.925
2016-11-03T00:00:00.000Z,10.915
2016-11-04T00:00:00.000Z,10.975000000000001
2016-11-05T00:00:00.000Z,11.095
2016-11-06T00:00:00.000Z,11.025
2016-11-07T00:00:00.000Z,10.945
2016-11-08T00:00:00.000Z,10.899999999999999
2016-11-09T00:00:00.000Z,10.495000000000001
2016-11-10T00:00:00.000Z,10.585
2016-11-11T00:00:00.000Z,10.43
2016-11-12T00:00:00.000Z,9.99
2016-11-13T00:00:00.000Z,10.030000000000001
2016-11-14T00:00:00.000Z,10.035
2016-11-15T00:00:00.000Z,10.065000000000001
2016-11-16T00:00:00.000Z,10.115
2016-11-17T00:00:00.000Z,9.975000000000001
2016-11-18T00:00:00.000Z,9.705
2016-11-19T00:00:00.000Z,9.605
2016-11-20T00:00:00.000Z,9.629999999999999
2016-11-21T00:00:00.000Z,9.54
2016-11-22T00:00:00.000Z,9.879999999999999
2016-11-23T00:00:00.000Z,9.82
2016-11-24T00:00:00.000Z,9.254999999999999
2016-11-25T00:00:00.000Z,9.46
2016-11-26T00:00:00.000Z,9.370000000000001
2016-11-27T00:00:00.000Z,8.99
2016-11-28T00:00:00.000Z,8.8
2016-11-29T00:00:00.000Z,8.255
2016-11-30T00:00:00.000Z,8.4
2016-12-01T00:00:00.000Z,8.469999999999999
2016-12-02T00:00:00.000Z,7.869999999999999
2016-12-03T00:00:00.000Z,7.785
2016-12-04T00:00:00.000Z,7.67
2016-12-05T00:00:00.000Z,7.0649999999999995
2016-12-06T00:00:00.000Z,6.885
2016-12-07T00:00:00.000Z,7.970000000000001
2016-12-08T00:00:00.000Z,8.545
2016-12-09T00:00:00.000Z,8.31
2016-12-10T00:00:00.000Z,8.295
2016-12-11T00:00:00.000Z,8.155000000000001
2016-12-12T00:00:00.000Z,8.375
2016-12-13T00:00:00.000Z,8.425
2016-12-14T00:00:00.000Z,8.335
2016-12-15T00:00:00.000Z,7.975
2016-12-16T00:00:00.000Z,7.845000000000001
2016-12-17T00:00:00.000Z,7.67
2016-12-18T00:00:00.000Z,7.800000000000001
2016-12-19T00:00:00.000Z,7.745
2016-12-20T00:00:00.000Z,7.65
2016-12-21T00:00:00.000Z,7.765000000000001
2016-12-22T00:00:00.000Z,7.7
2016-12-23T00:00:00.000Z,7.345
2016-12-24T00:00:00.000Z,7.23
2016-12-25T00:00:00.000Z,7.205
2016-12-26T00:00:00.000Z,7.140000000000001
2016-12-27T00:00:00.000Z,7.1850000000000005
2016-12-28T00:00:00.000Z,7.375
2016-12-29T00:00:00.000Z,8
2016-12-30T00:00:00.000Z,8.235
2016-12-31T00:00:00.000Z,8.075
2017-01-01T00:00:00.000Z,8.28
2017-01-02T00:00:00.000Z,8.25
2017-01-03T00:00:00.000Z,9.059999999999999
2017-01-04T00:00:00.000Z,10.100000000000001
2017-01-05T00:00:00.000Z,10.350000000000001
2017-01-06T00:00:00.000Z,9.93
2017-01-07T00:00:00.000Z,9.795
2017-01-08T00:00:00.000Z,10.030000000000001
2017-01-09T00:00:00.000Z,10.39
2017-01-10T00:00:00.000Z,10.455
2017-01-11T00:00:00.000Z,10.105
2017-01-12T00:00:00.000Z,9.685
2017-01-13T00:00:00.000Z,9.685
2017-01-14T00:00:00.000Z,9.77
2017-01-15T00:00:00.000Z,9.86
2017-01-16T00:00:00.000Z,9.835
2017-01-17T00:00:00.000Z,10.045
2017-01-18T00:00:00.000Z,10.185
2017-01-19T00:00:00.000Z,10.344999999999999
2017-01-20T00:00:00.000Z,10.530000000000001
2017-01-21T00:00:00.000Z,10.77
2017-01-22T00:00:00.000Z,10.805
2017-01-23T00:00:00.000Z,10.795000000000002
2017-01-24T00:00:00.000Z,10.68
2017-01-25T00:00:00.000Z,10.525
2017-01-26T00:00:00.000Z,10.575
2017-01-27T00:00:00.000Z,10.54
2017-01-28T00:00:00.000Z,10.504999999999999
2017-01-29T00:00:00.000Z,10.5
2017-01-30T00:00:00.000Z,10.594999999999999
2017-01-31T00:00:00.000Z,10.665
2017-02-01T00:00:00.000Z,10.7
2017-02-02T00:00:00.000Z,10.745000000000001
2017-02-03T00:00:00.000Z,10.75
2017-02-04T00:00:00.000Z,11.14
2017-02-05T00:00:00.000Z,11.245000000000001
2017-02-06T00:00:00.000Z,11.285
2017-02-07T00:00:00.000Z,11.405000000000001
2017-02-08T00:00:00.000Z,11.355
2017-02-09T00:00:00.000Z,11.01
2017-02-10T00:00:00.000Z,11.125
2017-02-11T00:00:00.000Z,11.364999999999998
2017-02-12T00:00:00.000Z,11.415
2017-02-13T00:00:00.000Z,11.34
2017-02-14T00:00:00.000Z,12.685
2017-02-15T00:00:00.000Z,13.155000000000001
2017-02-16T00:00:00.000Z,12.850000000000001
2017-02-17T00:00:00.000Z,12.809999999999999
2017-02-18T00:00:00.000Z,12.8
2017-02-19T00:00:00.000Z,12.83
2017-02-20T00:00:00.000Z,12.690000000000001
2017-02-21T00:00:00.000Z,12.545
2017-02-22T00:00:00.000Z,12.76
2017-02-23T00:00:00.000Z,12.97
2017-02-24T00:00:00.000Z,13.004999999999999
2017-02-25T00:00:00.000Z,13.375
2017-02-26T00:00:00.000Z,14.01
2017-02-27T00:00:00.000Z,15.195
2017-02-28T00:00:00.000Z,15.969999999999999
2017-03-01T00:00:00.000Z,16.665
2017-03-02T00:00:00.000Z,18.11
2017-03-03T00:00:00.000Z,19.435
2017-03-04T00:00:00.000Z,19.375
2017-03-05T00:00:00.000Z,18.75
2017-03-06T00:00:00.000Z,19.65
2017-03-07T00:00:00.000Z,19.165
2017-03-08T00:00:00.000Z,17.72
2017-03-09T00:00:00.000Z,17.035
2017-03-10T00:00:00.000Z,18.125
2017-03-11T00:00:00.000Z,20.18
2017-03-12T00:00:00.000Z,22.505
2017-03-13T00:00:00.000Z,27.17
2017-03-14T00:00:00.000Z,28.395
2017-03-15T00:00:00.000Z,31.814999999999998
2017-03-16T00:00:00.000Z,40.655
2017-03-17T00:00:00.000Z,44.715
2017-03-18T00:00:00.000Z,37.935
2017-03-19T00:00:00.000Z,39.474999999999994
2017-03-20T00:00:00.000Z,43.22
2017-03-21T00:00:00.000Z,42.739999999999995
2017-03-22T00:00:00.000Z,40.75
2017-03-23T00:00:00.000Z,42.425
2017-03-24T00:00:00.000Z,48.255
2017-03-25T00:00:00.000Z,50.605000000000004
2017-03-26T00:00:00.000Z,50.065
2017-03-27T00:00:00.000Z,50.025
2017-03-28T00:00:00.000Z,49.525
2017-03-29T00:00:00.000Z,52.025
2017-03-30T00:00:00.000Z,52.495000000000005
2017-03-31T00:00:00.000Z,49.525
2017-04-01T00:00:00.000Z,50.21
2017-04-02T00:00:00.000Z,49.364999999999995
2017-04-03T00:00:00.000Z,45.625
2017-04-04T00:00:00.000Z,43.625
2017-04-05T00:00:00.000Z,45.805
2017-04-06T00:00:00.000Z,43.43
2017-04-07T00:00:00.000Z,43.08
2017-04-08T00:00:00.000Z,43.97
2017-04-09T00:00:00.000Z,43.76
2017-04-10T00:00:00.000Z,43.53
2017-04-11T00:00:00.000Z,43.95
2017-04-12T00:00:00.000Z,45.575
2017-04-13T00:00:00.000Z,48.59
2017-04-14T00:00:00.000Z,48.315
2017-04-15T00:00:00.000Z,54.46
2017-04-16T00:00:00.000Z,48.385
2017-04-17T00:00:00.000Z,48.05
2017-04-18T00:00:00.000Z,49
2017-04-19T00:00:00.000Z,48.68
2017-04-20T00:00:00.000Z,48.535
2017-04-21T00:00:00.000Z,48.775000000000006
2017-04-22T00:00:00.000Z,48.459999999999994
2017-04-23T00:00:00.000Z,48.415
2017-04-24T00:00:00.000Z,49.565
2017-04-25T00:00:00.000Z,50.2
2017-04-26T00:00:00.000Z,52.31
2017-04-27T00:00:00.000Z,57.925
2017-04-28T00:00:00.000Z,67.965
2017-04-29T00:00:00.000Z,70.825
2017-04-30T00:00:00.000Z,75.27000000000001
2017-05-01T00:00:00.000Z,77.66499999999999
2017-05-02T00:00:00.000Z,77.94
2017-05-03T00:00:00.000Z,78.18
2017-05-04T00:00:00.000Z,87.325
2017-05-05T00:00:00.000Z,92.38499999999999
2017-05-06T00:00:00.000Z,93.08
2017-05-07T00:00:00.000Z,79.555
2017-05-08T00:00:00.000Z,87.19
2017-05-09T00:00:00.000Z,82.32499999999999
2017-05-10T00:00:00.000Z,88.155
2017-05-11T00:00:00.000Z,88.16
2017-05-12T00:00:00.000Z,86.86
2017-05-13T00:00:00.000Z,85.2
2017-05-14T00:00:00.000Z,88.015
2017-05-15T00:00:00.000Z,90.525
2017-05-16T00:00:00.000Z,88.93
2017-05-17T00:00:00.000Z,85.695
2017-05-18T00:00:00.000Z,91.395
2017-05-19T00:00:00.000Z,112.6
2017-05-20T00:00:00.000Z,124.84
2017-05-21T00:00:00.000Z,135.16
2017-05-22T00:00:00.000Z,157.42000000000002
2017-05-23T00:00:00.000Z,165.55
2017-05-24T00:00:00.000Z,184.48000000000002
2017-05-25T00:00:00.000Z,188.48000000000002
2017-05-26T00:00:00.000Z,169.615
2017-05-27T00:00:00.000Z,141.895
2017-05-28T00:00:00.000Z,169.435
2017-05-29T00:00:00.000Z,181.55
2017-05-30T00:00:00.000Z,208.955
2017-05-31T00:00:00.000Z,223.985
2017-06-01T00:00:00.000Z,221.76
2017-06-02T00:00:00.000Z,222.325
2017-06-03T00:00:00.000Z,222.6
2017-06-04T00:00:00.000Z,236.61
2017-06-05T00:00:00.000Z,245.06
2017-06-06T00:00:00.000Z,257.31
2017-06-07T00:00:00.000Z,255.485
2017-06-08T00:00:00.000Z,255.82999999999998
2017-06-09T00:00:00.000Z,269.25
2017-06-10T00:00:00.000Z,315.305
2017-06-11T00:00:00.000Z,332.79999999999995
2017-06-12T00:00:00.000Z,364.6
2017-06-13T00:00:00.000Z,379.6
2017-06-14T00:00:00.000Z,355.425
2017-06-15T00:00:00.000Z,306.36
2017-06-16T00:00:00.000Z,338.835
2017-06-17T00:00:00.000Z,355.59000000000003
2017-06-18T00:00:00.000Z,360.23
2017-06-19T00:00:00.000Z,355.08000000000004
2017-06-20T00:00:00.000Z,344.45500000000004
2017-06-21T00:00:00.000Z,245.665
2017-06-22T00:00:00.000Z,320.80499999999995
2017-06-23T00:00:00.000Z,325.575
2017-06-24T00:00:00.000Z,314.505
2017-06-25T00:00:00.000Z,281.64
2017-06-26T00:00:00.000Z,251.55
2017-06-27T00:00:00.000Z,249.055
2017-06-28T00:00:00.000Z,292.38
2017-06-29T00:00:00.000Z,304.085
2017-06-30T00:00:00.000Z,287.865
2017-07-01T00:00:00.000Z,267.495
2017-07-02T00:00:00.000Z,273.745
2017-07-03T00:00:00.000Z,278.475
2017-07-04T00:00:00.000Z,273.765
2017-07-05T00:00:00.000Z,263.865
2017-07-06T00:00:00.000Z,268.06
2017-07-07T00:00:00.000Z,251.20499999999998
2017-07-08T00:00:00.000Z,239.655
2017-07-09T00:00:00.000Z,244.19
2017-07-10T00:00:00.000Z,214.15
2017-07-11T00:00:00.000Z,195.685
2017-07-12T00:00:00.000Z,204.34
2017-07-13T00:00:00.000Z,209.93
2017-07-14T00:00:00.000Z,194.845
2017-07-15T00:00:00.000Z,183.82999999999998
2017-07-16T00:00:00.000Z,152.27499999999998
2017-07-17T00:00:00.000Z,172.255
2017-07-18T00:00:00.000Z,217.15499999999997
2017-07-19T00:00:00.000Z,215.615
2017-07-20T00:00:00.000Z,215.135
2017-07-21T00:00:00.000Z,223.04000000000002
2017-07-22T00:00:00.000Z,225.925
2017-07-23T00:00:00.000Z,227.235
2017-07-24T00:00:00.000Z,226.8
2017-07-25T00:00:00.000Z,209.31
2017-07-26T00:00:00.000Z,201.195
2017-07-27T00:00:00.000Z,202.305
2017-07-28T00:00:00.000Z,196.85000000000002
2017-07-29T00:00:00.000Z,193.63
2017-07-30T00:00:00.000Z,202
2017-07-31T00:00:00.000Z,196.155
2017-08-01T00:00:00.000Z,216.91000000000003
2017-08-02T00:00:00.000Z,222.345
2017-08-03T00:00:00.000Z,222.96
2017-08-04T00:00:00.000Z,223.58999999999997
2017-08-05T00:00:00.000Z,239.09500000000003
2017-08-06T00:00:00.000Z,262.005
2017-08-07T00:00:00.000Z,265.9
2017-08-08T00:00:00.000Z,283.245
2017-08-09T00:00:00.000Z,296.925
2017-08-10T00:00:00.000Z,299.70000000000005
2017-08-11T00:00:00.000Z,303.15
2017-08-12T00:00:00.000Z,311.42499999999995
2017-08-13T00:00:00.000Z,298.45500000000004
2017-08-14T00:00:00.000Z,300.52
2017-08-15T00:00:00.000Z,285.54499999999996
2017-08-16T00:00:00.000Z,291.975
2017-08-17T00:00:00.000Z,304.31
2017-08-18T00:00:00.000Z,296.845
2017-08-19T00:00:00.000Z,291.22
2017-08-20T00:00:00.000Z,293.63
2017-08-21T00:00:00.000Z,320.185
2017-08-22T00:00:00.000Z,311.24
2017-08-23T00:00:00.000Z,319.13
2017-08-24T00:00:00.000Z,322.29499999999996
2017-08-25T00:00:00.000Z,330.96500000000003
2017-08-26T00:00:00.000Z,330.29999999999995
2017-08-27T00:00:00.000Z,340.36
2017-08-28T00:00:00.000Z,342.95500000000004
2017-08-29T00:00:00.000Z,361.21000000000004
2017-08-30T00:00:00.000Z,379.025
2017-08-31T00:00:00.000Z,385.265
2017-09-01T00:00:00.000Z,391.005
2017-09-02T00:00:00.000Z,360.45500000000004
2017-09-03T00:00:00.000Z,353.435
2017-09-04T00:00:00.000Z,316.2
2017-09-05T00:00:00.000Z,300.17
2017-09-06T00:00:00.000Z,329.79499999999996
2017-09-07T00:00:00.000Z,331.14
2017-09-08T00:00:00.000Z,314.255
2017-09-09T00:00:00.000Z,301.39
2017-09-10T00:00:00.000Z,293.23
2017-09-11T00:00:00.000Z,298.45000000000005
2017-09-12T00:00:00.000Z,301.065
2017-09-13T00:00:00.000Z,275.775
2017-09-14T00:00:00.000Z,251.355
2017-09-15T00:00:00.000Z,234.225
2017-09-16T00:00:00.000Z,259.08500000000004
2017-09-17T00:00:00.000Z,252.88
2017-09-18T00:00:00.000Z,279.525
2017-09-19T00:00:00.000Z,287.925
2017-09-20T00:00:00.000Z,285.73
2017-09-21T00:00:00.000Z,269.675
2017-09-22T00:00:00.000Z,262.51
2017-09-23T00:00:00.000Z,273.15
2017-09-24T00:00:00.000Z,285.395
2017-09-25T00:00:00.000Z,289.745
2017-09-26T00:00:00.000Z,291.45
2017-09-27T00:00:00.000Z,300.235
2017-09-28T00:00:00.000Z,304.21000000000004
2017-09-29T00:00:00.000Z,291.665
2017-09-30T00:00:00.000Z,299.115
2017-10-01T00:00:00.000Z,300.115
2017-10-02T00:00:00.000Z,298.735
2017-10-03T00:00:00.000Z,293.39
2017-10-04T00:00:00.000Z,292.065
2017-10-05T00:00:00.000Z,292.1
2017-10-06T00:00:00.000Z,301.375
2017-10-07T00:00:00.000Z,309.375
2017-10-08T00:00:00.000Z,310.825
2017-10-09T00:00:00.000Z,298.33
2017-10-10T00:00:00.000Z,299.115
2017-10-11T00:00:00.000Z,301.15
2017-10-12T00:00:00.000Z,305.21
2017-10-13T00:00:00.000Z,322.995
2017-10-14T00:00:00.000Z,340.485
2017-10-15T00:00:00.000Z,330.14
2017-10-16T00:00:00.000Z,342.645
2017-10-17T00:00:00.000Z,322.495
2017-10-18T00:00:00.000Z,302.145
2017-10-19T00:00:00.000Z,310.505
2017-10-20T00:00:00.000Z,306.985
2017-10-21T00:00:00.000Z,297.005
2017-10-22T00:00:00.000Z,298.28999999999996
2017-10-23T00:00:00.000Z,284.605
2017-10-24T00:00:00.000Z,295.62
2017-10-25T00:00:00.000Z,294.90999999999997
2017-10-26T00:00:00.000Z,296.03499999999997
2017-10-27T00:00:00.000Z,295.57
2017-10-28T00:00:00.000Z,294.08000000000004
2017-10-29T00:00:00.000Z,301.68
2017-10-30T00:00:00.000Z,307.76
2017-10-31T00:00:00.000Z,307.13
2017-11-01T00:00:00.000Z,296.635
2017-11-02T00:00:00.000Z,284.96
2017-11-03T00:00:00.000Z,295.995
2017-11-04T00:00:00.000Z,299.35
2017-11-05T00:00:00.000Z,297.355
2017-11-06T00:00:00.000Z,299.53
2017-11-07T00:00:00.000Z,295.605
2017-11-08T00:00:00.000Z,304.875
2017-11-09T00:00:00.000Z,317.525
2017-11-10T00:00:00.000Z,306.59000000000003
2017-11-11T00:00:00.000Z,308.155
2017-11-12T00:00:00.000Z,307.35
2017-11-13T00:00:00.000Z,311.96500000000003
2017-11-14T00:00:00.000Z,325.79999999999995
2017-11-15T00:00:00.000Z,335.03
2017-11-16T00:00:00.000Z,328.375
2017-11-17T00:00:00.000Z,330.19
2017-11-18T00:00:00.000Z,338.145
2017-11-19T00:00:00.000Z,357.605
2017-11-20T00:00:00.000Z,363.54999999999995
2017-11-21T00:00:00.000Z,362.14
2017-11-22T00:00:00.000Z,370.79
2017-11-23T00:00:00.000Z,400.18
2017-11-24T00:00:00.000Z,439.28
2017-11-25T00:00:00.000Z,470.395
2017-11-26T00:00:00.000Z,461.31
2017-11-27T00:00:00.000Z,475.95000000000005
2017-11-28T00:00:00.000Z,469.185
2017-11-29T00:00:00.000Z,462.39500000000004
2017-11-30T00:00:00.000Z,428.475
2017-12-01T00:00:00.000Z,441.995
2017-12-02T00:00:00.000Z,460.53999999999996
2017-12-03T00:00:00.000Z,463.565
2017-12-04T00:00:00.000Z,459.4
2017-12-05T00:00:00.000Z,459.655
2017-12-06T00:00:00.000Z,435
2017-12-07T00:00:00.000Z,419.505
2017-12-08T00:00:00.000Z,435.71500000000003
2017-12-09T00:00:00.000Z,477.725
2017-12-10T00:00:00.000Z,450.53999999999996
2017-12-11T00:00:00.000Z,477.68
2017-12-12T00:00:00.000Z,588.91
2017-12-13T00:00:00.000Z,674.48
2017-12-14T00:00:00.000Z,706.9849999999999
2017-12-15T00:00:00.000Z,655.61
2017-12-16T00:00:00.000Z,698.4449999999999
2017-12-17T00:00:00.000Z,712.2
2017-12-18T00:00:00.000Z,739.585
2017-12-19T00:00:00.000Z,818.24
2017-12-20T00:00:00.000Z,771.975
2017-12-21T00:00:00.000Z,800.0999999999999
2017-12-22T00:00:00.000Z,642.22
2017-12-23T00:00:00.000Z,699.315
2017-12-24T00:00:00.000Z,649.095
2017-12-25T00:00:00.000Z,709.5350000000001
2017-12-26T00:00:00.000Z,739.13
2017-12-27T00:00:00.000Z,736.5999999999999
2017-12-28T00:00:00.000Z,706.345
2017-12-29T00:00:00.000Z,732.7
2017-12-30T00:00:00.000Z,702.775
2017-12-31T00:00:00.000Z,716.53
2018-01-01T00:00:00.000Z,744.815
2018-01-02T00:00:00.000Z,819.39
2018-01-03T00:00:00.000Z,899.8
2018-01-04T00:00:00.000Z,949.235
2018-01-05T00:00:00.000Z,976.175
2018-01-06T00:00:00.000Z,984.23
2018-01-07T00:00:00.000Z,1060.525
2018-01-08T00:00:00.000Z,1098.045
2018-01-09T00:00:00.000Z,1217
2018-01-10T00:00:00.000Z,1298.0349999999999
2018-01-11T00:00:00.000Z,1217.385
2018-01-12T00:00:00.000Z,1187.335
2018-01-13T00:00:00.000Z,1341.935
2018-01-14T00:00:00.000Z,1328.4
2018-01-15T00:00:00.000Z,1326.21
2018-01-16T00:00:00.000Z,1073.25
2018-01-17T00:00:00.000Z,940.205
2018-01-18T00:00:00.000Z,1021.73
2018-01-19T00:00:00.000Z,1033.12
2018-01-20T00:00:00.000Z,1100.7199999999998
2018-01-21T00:00:00.000Z,1079.315
2018-01-22T00:00:00.000Z,1000.64
2018-01-23T00:00:00.000Z,964.4849999999999
2018-01-24T00:00:00.000Z,1009.785
2018-01-25T00:00:00.000Z,1062.31
2018-01-26T00:00:00.000Z,1031.36
2018-01-27T00:00:00.000Z,1077.88
2018-01-28T00:00:00.000Z,1171.045
2018-01-29T00:00:00.000Z,1195.925
2018-01-30T00:00:00.000Z,1103.95
2018-01-31T00:00:00.000Z,1071.875
2018-02-01T00:00:00.000Z,1055.165
2018-02-02T00:00:00.000Z,887.165
2018-02-03T00:00:00.000Z,921.39
2018-02-04T00:00:00.000Z,876.2049999999999
2018-02-05T00:00:00.000Z,743.45
2018-02-06T00:00:00.000Z,682.96
2018-02-07T00:00:00.000Z,788.28
2018-02-08T00:00:00.000Z,797.44
2018-02-09T00:00:00.000Z,830.86
2018-02-10T00:00:00.000Z,862.705
2018-02-11T00:00:00.000Z,816.935
2018-02-12T00:00:00.000Z,842.97
2018-02-13T00:00:00.000Z,845.685
2018-02-14T00:00:00.000Z,881.62
2018-02-15T00:00:00.000Z,926.5899999999999
2018-02-16T00:00:00.000Z,927.385
2018-02-17T00:00:00.000Z,954.8900000000001
2018-02-18T00:00:00.000Z,943.72
2018-02-19T00:00:00.000Z,933.61
2018-02-20T00:00:00.000Z,918.0699999999999
2018-02-21T00:00:00.000Z,862.3399999999999
2018-02-22T00:00:00.000Z,830.12
2018-02-23T00:00:00.000Z,835.1949999999999
2018-02-24T00:00:00.000Z,842.6800000000001
2018-02-25T00:00:00.000Z,834.035
2018-02-26T00:00:00.000Z,857.0899999999999
2018-02-27T00:00:00.000Z,878.3199999999999
2018-02-28T00:00:00.000Z,869.0450000000001
2018-03-01T00:00:00.000Z,863.465
2018-03-02T00:00:00.000Z,863.275
2018-03-03T00:00:00.000Z,860.1500000000001
2018-03-04T00:00:00.000Z,852.85
2018-03-05T00:00:00.000Z,859.04
2018-03-06T00:00:00.000Z,827.345
2018-03-07T00:00:00.000Z,775.85
2018-03-08T00:00:00.000Z,730.675
2018-03-09T00:00:00.000Z,686.26
2018-03-10T00:00:00.000Z,713.235
2018-03-11T00:00:00.000Z,699.2950000000001
2018-03-12T00:00:00.000Z,709
2018-03-13T00:00:00.000Z,696.69
2018-03-14T00:00:00.000Z,645.04
2018-03-15T00:00:00.000Z,596.27
2018-03-16T00:00:00.000Z,605.645
2018-03-17T00:00:00.000Z,576.61
2018-03-18T00:00:00.000Z,507.05499999999995
2018-03-19T00:00:00.000Z,537.455
2018-03-20T00:00:00.000Z,541.89
2018-03-21T00:00:00.000Z,567.84
2018-03-22T00:00:00.000Z,547.115
2018-03-23T00:00:00.000Z,525.315
2018-03-24T00:00:00.000Z,532.76
2018-03-25T00:00:00.000Z,524.7
2018-03-26T00:00:00.000Z,496.84000000000003
2018-03-27T00:00:00.000Z,469.17
2018-03-28T00:00:00.000Z,452.775
2018-03-29T00:00:00.000Z,414.425
2018-03-30T00:00:00.000Z,388.08000000000004
2018-03-31T00:00:00.000Z,405.52
2018-04-01T00:00:00.000Z,379.405
2018-04-02T00:00:00.000Z,384.96000000000004
2018-04-03T00:00:00.000Z,403.775
2018-04-04T00:00:00.000Z,393.885
2018-04-05T00:00:00.000Z,377.355
2018-04-06T00:00:00.000Z,374.645
2018-04-07T00:00:00.000Z,383.38
2018-04-08T00:00:00.000Z,394.6
2018-04-09T00:00:00.000Z,409.605
2018-04-10T00:00:00.000Z,405.05499999999995
2018-04-11T00:00:00.000Z,422.20500000000004
2018-04-12T00:00:00.000Z,456.05499999999995
2018-04-13T00:00:00.000Z,505.52500000000003
2018-04-14T00:00:00.000Z,501.19
2018-04-15T00:00:00.000Z,518.55
2018-04-16T00:00:00.000Z,518.325
2018-04-17T00:00:00.000Z,511.27500000000003
2018-04-18T00:00:00.000Z,514.155
2018-04-19T00:00:00.000Z,546.005
2018-04-20T00:00:00.000Z,590.06
2018-04-21T00:00:00.000Z,600.62
2018-04-22T00:00:00.000Z,618.05
2018-04-23T00:00:00.000Z,633.99
2018-04-24T00:00:00.000Z,677.8499999999999
2018-04-25T00:00:00.000Z,648.245
2018-04-26T00:00:00.000Z,633.1600000000001
2018-04-27T00:00:00.000Z,663.395
2018-04-28T00:00:00.000Z,666.78
2018-04-29T00:00:00.000Z,682.115
2018-04-23T00:00:00.000Z,682.115
2018-04-30T00:00:00.000Z,731.8521428571428
2018-05-07T00:00:00.000Z,720.1328571428572
2018-05-14T00:00:00.000Z,699.3471428571429
2018-05-21T00:00:00.000Z,616.1828571428571
2018-05-28T00:00:00.000Z,569.3807142857142
2018-06-04T00:00:00.000Z,593.6657142857144
2018-06-11T00:00:00.000Z,500.07071428571425
2018-06-18T00:00:00.000Z,500.80428571428564
2018-06-25T00:00:00.000Z,441.59285714285716
2018-07-02T00:00:00.000Z,471.35714285714283
2018-07-09T00:00:00.000Z,443.94500000000005
2018-07-16T00:00:00.000Z,469.98071428571427
2018-07-23T00:00:00.000Z,466.8807142857143
2018-07-30T00:00:00.000Z,423.3914285714286
2018-08-06T00:00:00.000Z,358.17
2018-08-13T00:00:00.000Z,292.8514285714286
2018-08-20T00:00:00.000Z,278.3014285714286
2018-08-27T00:00:00.000Z,287.07714285714286
2018-09-03T00:00:00.000Z,240.09428571428572
2018-09-10T00:00:00.000Z,200.67428571428573
2018-09-17T00:00:00.000Z,223.09071428571428
2018-09-24T00:00:00.000Z,224.31785714285712
2018-10-01T00:00:00.000Z,224.98857142857136
2018-10-08T00:00:00.000Z,210.98499999999996
2018-10-15T00:00:00.000Z,207.21999999999997
2018-10-22T00:00:00.000Z,203.18928571428572
2018-10-29T00:00:00.000Z,199.69571428571427
2018-11-05T00:00:00.000Z,213.00428571428574
2018-11-12T00:00:00.000Z,187.82857142857142
2018-11-19T00:00:00.000Z,130.7242857142857
2018-11-26T00:00:00.000Z,115.17571428571429
2018-12-03T00:00:00.000Z,99.99499999999999
2018-12-10T00:00:00.000Z,87.77499999999999
2018-12-17T00:00:00.000Z,108.21000000000001
2018-12-24T00:00:00.000Z,134.84642857142856
2018-12-31T00:00:00.000Z,149.3678571428571
2019-01-07T00:00:00.000Z,138.96428571428572
2019-01-14T00:00:00.000Z,123.07071428571429
2019-01-21T00:00:00.000Z,116.62928571428571
2019-01-28T00:00:00.000Z,107.52499999999999
2019-02-04T00:00:00.000Z,111.11
2019-02-11T00:00:00.000Z,123.76071428571429
2019-02-18T00:00:00.000Z,147.79928571428573
2019-02-25T00:00:00.000Z,135.80714285714288
2019-03-04T00:00:00.000Z,135.25499999999997
2019-03-11T00:00:00.000Z,135.87642857142856
2019-03-18T00:00:00.000Z,137.8992857142857
2019-03-25T00:00:00.000Z,138.90714285714284
2019-04-01T00:00:00.000Z,160.5878571428572
2019-04-08T00:00:00.000Z,171.5107142857143
2019-04-15T00:00:00.000Z,169.04500000000002
2019-04-22T00:00:00.000Z,162.79857142857142
2019-04-29T00:00:00.000Z,162.23357142857145
2019-05-06T00:00:00.000Z,177.125
2019-05-13T00:00:00.000Z,233.49785714285713
2019-05-20T00:00:00.000Z,251.13928571428573
2019-05-27T00:00:00.000Z,266.9042857142857
2019-06-03T00:00:00.000Z,245.67785714285716
2019-06-10T00:00:00.000Z,255.92714285714283
2019-06-17T00:00:00.000Z,282.62285714285713
2019-06-24T00:00:00.000Z,311.0878571428571
2019-07-01T00:00:00.000Z,291.40500000000003
2019-07-08T00:00:00.000Z,283.0457142857143
2019-07-15T00:00:00.000Z,218.31214285714285
2019-07-22T00:00:00.000Z,214.29
2019-07-29T00:00:00.000Z,215.62071428571429
2019-08-05T00:00:00.000Z,220.14357142857142
2019-08-12T00:00:00.000Z,193.885
2019-08-19T00:00:00.000Z,192.3114285714286
2019-08-26T00:00:00.000Z,176.12642857142853
2019-09-02T00:00:00.000Z,176.13214285714284
2019-09-09T00:00:00.000Z,181.95785714285714
2019-09-16T00:00:00.000Z,210.2357142857143
2019-09-23T00:00:00.000Z,175.31857142857143
2019-09-30T00:00:00.000Z,175.79142857142855
2019-10-07T00:00:00.000Z,184.07642857142855
2019-10-14T00:00:00.000Z,177.07142857142858
2019-10-21T00:00:00.000Z,173.8485714285714
2019-10-28T00:00:00.000Z,184.11928571428572
2019-11-04T00:00:00.000Z,187.00500000000002
2019-11-11T00:00:00.000Z,184.6614285714286
2019-11-18T00:00:00.000Z,163.53357142857143
2019-11-25T00:00:00.000Z,149.6107142857143
2019-12-02T00:00:00.000Z,148.48142857142855
2019-12-09T00:00:00.000Z,144.73357142857142
2019-12-16T00:00:00.000Z,129.22357142857143
2019-12-23T00:00:00.000Z,128.42285714285714
2019-12-30T00:00:00.000Z,132.05285714285714
2020-01-06T00:00:00.000Z,141.75785714285715
2020-01-13T00:00:00.000Z,162.8607142857143
2020-01-20T00:00:00.000Z,163.99142857142857
2020-01-27T00:00:00.000Z,177.78785714285712
2020-02-03T00:00:00.000Z,207.32928571428576
2020-02-10T00:00:00.000Z,254.2785714285714
2020-02-17T00:00:00.000Z,263.7421428571428
2020-02-24T00:00:00.000Z,235.75571428571425
2020-03-02T00:00:00.000Z,229.3492857142857
2020-03-09T00:00:00.000Z,159.38714285714286
2020-03-16T00:00:00.000Z,123.95000000000002
2020-03-23T00:00:00.000Z,133.60071428571428
2020-03-30T00:00:00.000Z,138.2
2020-04-06T00:00:00.000Z,163.63642857142855
2020-04-13T00:00:00.000Z,166.82142857142858
2020-04-20T00:00:00.000Z,183.905
2020-04-27T00:00:00.000Z,207.03428571428572
2020-05-04T00:00:00.000Z,205.72285714285718
2020-05-11T00:00:00.000Z,195.93214285714288
2020-05-18T00:00:00.000Z,207.5528571428571
2020-05-25T00:00:00.000Z,215.9557142857143
2020-06-01T00:00:00.000Z,240.98571428571427
2020-06-08T00:00:00.000Z,239.47428571428574
2020-06-15T00:00:00.000Z,229.80928571428572
2020-06-22T00:00:00.000Z,232.59285714285716
2020-06-29T00:00:00.000Z,226.8942857142857
2020-07-06T00:00:00.000Z,239.86714285714285
2020-07-13T00:00:00.000Z,236.98000000000002
2020-07-20T00:00:00.000Z,269.5492857142857
2020-07-27T00:00:00.000Z,339.15142857142854
2020-08-03T00:00:00.000Z,389.86571428571426
2020-08-10T00:00:00.000Z,407.2200000000001
2020-08-17T00:00:00.000Z,408.75428571428574
2020-08-24T00:00:00.000Z,394.4507142857143
2020-08-31T00:00:00.000Z,403.645
2020-09-07T00:00:00.000Z,357.9335714285714
2020-09-14T00:00:00.000Z,375.52642857142854
2020-09-21T00:00:00.000Z,344.99142857142857
2020-09-28T00:00:00.000Z,353.07214285714286
2020-10-05T00:00:00.000Z,354.795
2020-10-12T00:00:00.000Z,375.5885714285714
2020-10-19T00:00:00.000Z,396.70714285714286
2020-10-26T00:00:00.000Z,391.6571428571429
2020-11-02T00:00:00.000Z,414.8935714285714
2020-11-09T00:00:00.000Z,457.6471428571428
2020-11-16T00:00:00.000Z,495.8821428571428
2020-11-23T00:00:00.000Z,560.6085714285715
2020-11-30T00:00:00.000Z,597.0128571428571
2020-12-07T00:00:00.000Z,567.1071428571429
2020-12-14T00:00:00.000Z,625.6757142857142
2020-12-21T00:00:00.000Z,620.4992857142859
2020-12-28T00:00:00.000Z,754.6107142857143
2021-01-04T00:00:00.000Z,1158.172142857143
2021-01-11T00:00:00.000Z,1142.2864285714284
2021-01-18T00:00:00.000Z,1253.8024999999998
2021-01-18T00:00:00.000Z,1273.025
2021-01-25T00:00:00.000Z,1334.8864285714285
2021-02-01T00:00:00.000Z,1566.7735714285714
2021-02-08T00:00:00.000Z,1772.3257142857144
2021-02-15T00:00:00.000Z,1859.099285714286
2021-02-22T00:00:00.000Z,1539.554285714286
2021-03-01T00:00:00.000Z,1561.185714285714
2021-03-08T00:00:00.000Z,1814.0364285714284
2021-03-15T00:00:00.000Z,1797.3657142857144
2021-03-22T00:00:00.000Z,1669.345
2021-03-29T00:00:00.000Z,1933.0757142857142
2021-04-05T00:00:00.000Z,2078.9221428571427
2021-04-12T00:00:00.000Z,2315.0792857142856
2021-04-19T00:00:00.000Z,2286.495
2021-04-26T00:00:00.000Z,2706.4021428571427
2021-05-03T00:00:00.000Z,3496.5042857142857
2021-05-10T00:00:00.000Z,3892.4607142857144
2021-05-17T00:00:00.000Z,2705.262142857143
2021-05-24T00:00:00.000Z,2537.8735714285713
2021-05-31T00:00:00.000Z,2665.6478571428574
2021-06-07T00:00:00.000Z,2488.0607142857143
2021-06-14T00:00:00.000Z,2368.9678571428567
2021-06-21T00:00:00.000Z,1914.3049999999998
2021-06-28T00:00:00.000Z,2161.632857142857
2021-07-05T00:00:00.000Z,2206.867142857143
2021-07-12T00:00:00.000Z,1957.5149999999999
2021-07-19T00:00:00.000Z,1986.365
2021-07-26T00:00:00.000Z,2379.7371428571428
2021-08-02T00:00:00.000Z,2765.261428571429
2021-08-09T00:00:00.000Z,3166.598571428571
2021-08-16T00:00:00.000Z,3171.1535714285715
2021-08-23T00:00:00.000Z,3217.657857142857
2021-08-30T00:00:00.000Z,3665.5071428571428
2021-09-06T00:00:00.000Z,3472.9192857142857
2021-09-13T00:00:00.000Z,3428.335
2021-09-20T00:00:00.000Z,2973.9435714285714
2021-09-27T00:00:00.000Z,3095.7628571428572
2021-10-04T00:00:00.000Z,3502.475714285714
2021-10-11T00:00:00.000Z,3669.4150000000004
2021-10-18T00:00:00.000Z,3992.8792857142857
2021-10-25T00:00:00.000Z,4220.476428571428
2021-11-01T00:00:00.000Z,4472.547142857143
2021-11-08T00:00:00.000Z,4680.686428571428
2021-11-15T00:00:00.000Z,4306.225
2021-11-22T00:00:00.000Z,4222.022857142857
2021-11-29T00:00:00.000Z,4372.120714285715
2021-12-06T00:00:00.000Z,4176.310714285714
2021-12-13T00:00:00.000Z,3899.0207142857143
2021-12-20T00:00:00.000Z,4015.2435714285716
2021-12-27T00:00:00.000Z,3800.702142857143
2022-01-03T00:00:00.000Z,3448.2628571428577
2022-01-10T00:00:00.000Z,3252.6864285714287
2022-01-17T00:00:00.000Z,2905.4457142857145
2022-01-24T00:00:00.000Z,2484.9285714285716
2022-01-31T00:00:00.000Z,2795.187857142857
2022-02-07T00:00:00.000Z,3056.0042857142857
2022-02-14T00:00:00.000Z,2909.4592857142857
2022-02-21T00:00:00.000Z,2660.21
2022-02-28T00:00:00.000Z,2788.5992857142855
2022-03-07T00:00:00.000Z,2593.595714285714
2022-03-14T00:00:00.000Z,2764.1064285714283
2022-03-21T00:00:00.000Z,3055.3357142857144
2022-03-28T00:00:00.000Z,3405.3021428571424
2022-04-04T00:00:00.000Z,3309.2485714285717
2022-04-11T00:00:00.000Z,3047.6492857142853
2022-04-18T00:00:00.000Z,3013.34
2022-04-25T00:00:00.000Z,2859.1321428571428
2022-05-02T00:00:00.000Z,2747.9742857142855
2022-05-09T00:00:00.000Z,2143.7992857142854
2022-05-16T00:00:00.000Z,2008.8978571428572
2022-05-23T00:00:00.000Z,1874.6021428571428
2022-05-30T00:00:00.000Z,1847.5200000000002
2022-06-06T00:00:00.000Z,1724.1821428571427
2022-06-13T00:00:00.000Z,1125.7
2022-06-20T00:00:00.000Z,1154.825
2022-06-27T00:00:00.000Z,1107.0092857142859
2022-07-04T00:00:00.000Z,1175.405
2022-07-11T00:00:00.000Z,1182.8742857142859
2022-07-18T00:00:00.000Z,1549.0071428571428
2022-07-25T00:00:00.000Z,1611.9442857142856
2022-08-01T00:00:00.000Z,1660.7699999999998
2022-08-08T00:00:00.000Z,1859.4014285714286
2022-08-15T00:00:00.000Z,1783.612857142857
2022-08-22T00:00:00.000Z,1583.202142857143
2022-08-29T00:00:00.000Z,1553.9635714285716
2022-09-05T00:00:00.000Z,1658.5485714285714
2022-09-12T00:00:00.000Z,1548.8864285714287
2022-09-19T00:00:00.000Z,1318.4107142857142
2022-09-26T00:00:00.000Z,1321.0221428571429
2022-10-03T00:00:00.000Z,1332.4142857142856
2022-10-10T00:00:00.000Z,1289.9114285714284
2022-10-17T00:00:00.000Z,1306.1335714285717
2022-10-24T00:00:00.000Z,1512.7735714285716
2022-10-31T00:00:00.000Z,1589.0657142857144
2022-11-07T00:00:00.000Z,1310.439285714286
2022-11-14T00:00:00.000Z,1218.3021428571428
2022-11-21T00:00:00.000Z,1169.055
2022-11-28T00:00:00.000Z,1246.51
2022-12-05T00:00:00.000Z,1265.212142857143
2022-12-12T00:00:00.000Z,1250.395
2022-12-19T00:00:00.000Z,1205.969285714286
2022-12-26T00:00:00.000Z,1203.1307142857142
2023-01-02T00:00:00.000Z,1243.8435714285713
2023-01-09T00:00:00.000Z,1414.9885714285715
2023-01-16T00:00:00.000Z,1588.1757142857143
2023-01-23T00:00:00.000Z,1596.6421428571427
2023-01-30T00:00:00.000Z,1630.7692857142858
2023-02-06T00:00:00.000Z,1586.6814285714286
2023-02-13T00:00:00.000Z,1627.7364285714284
2023-02-20T00:00:00.000Z,1639.0992857142853
2023-02-27T00:00:00.000Z,1610.8328571428572
2023-03-06T00:00:00.000Z,1506.8742857142859
2023-03-13T00:00:00.000Z,1718.7921428571428
2023-03-20T00:00:00.000Z,1771.635
2023-03-27T00:00:00.000Z,1788.7085714285713
2023-04-03T00:00:00.000Z,1858.7807142857143
2023-04-10T00:00:00.000Z,1988.7621428571426
2023-04-17T00:00:00.000Z,1966.2157142857143
2023-04-24T00:00:00.000Z,1882.2507142857144
2023-05-01T00:00:00.000Z,1894.767857142857
2023-05-08T00:00:00.000Z,1820.3349999999998
2023-05-15T00:00:00.000Z,1812.7964285714284
2023-05-22T00:00:00.000Z,1824.9407142857142
2023-05-29T00:00:00.000Z,1888.8649999999998
2023-06-05T00:00:00.000Z,1824.3371428571427
2023-06-12T00:00:00.000Z,1712.2950000000003
2023-06-19T00:00:00.000Z,1844.4185714285716
2023-06-26T00:00:00.000Z,1885.8278571428568
2023-07-03T00:00:00.000Z,1900.4664285714284
2023-07-10T00:00:00.000Z,1915.235
2023-07-17T00:00:00.000Z,1894.2807142857143
2023-07-24T00:00:00.000Z,1867.402857142857
2023-07-31T00:00:00.000Z,1841.7257142857145
2023-08-07T00:00:00.000Z,1846.6214285714284
2023-08-14T00:00:00.000Z,1740.3707142857145
2023-08-21T00:00:00.000Z,1653.395
2023-08-28T00:00:00.000Z,1660.885
2023-09-04T00:00:00.000Z,1632.4585714285713
2023-09-11T00:00:00.000Z,1612.1757142857143
2023-09-18T00:00:00.000Z,1610.9064285714285
2023-09-25T00:00:00.000Z,1638.6907142857142
2023-10-02T00:00:00.000Z,1646.8799999999999
2023-10-09T00:00:00.000Z,1562.6635714285715
2023-10-16T00:00:00.000Z,1580.371
2023-10-20T00:00:00.000Z,1596.7150000000001
2023-10-21T00:00:00.000Z,1618.92
2023-10-22T00:00:00.000Z,1645.3
2023-10-23T00:00:00.000Z,1728.6999999999998
2023-10-24T00:00:00.000Z,1800.4650000000001
2023-10-25T00:00:00.000Z,1789.03
2023-10-26T00:00:00.000Z,1814.6100000000001
2023-10-27T00:00:00.000Z,1774.73
2023-10-28T00:00:00.000Z,1787.35
2023-10-29T00:00:00.000Z,1787.395
2023-10-30T00:00:00.000Z,1804.38
2023-10-31T00:00:00.000Z,1800.975
2023-11-01T00:00:00.000Z,1820.98
2023-11-02T00:00:00.000Z,1830.2199999999998
2023-11-03T00:00:00.000Z,1806.525
2023-11-04T00:00:00.000Z,1847.865
2023-11-05T00:00:00.000Z,1880.645
2023-11-06T00:00:00.000Z,1893.125
2023-11-07T00:00:00.000Z,1879.475
2023-11-08T00:00:00.000Z,1889.495
2023-11-09T00:00:00.000Z,2007.435
2023-11-10T00:00:00.000Z,2101.16
2023-11-11T00:00:00.000Z,2061.685
2023-11-12T00:00:00.000Z,2040.405
2023-11-13T00:00:00.000Z,2074.3
2023-11-14T00:00:00.000Z,1998.115
2023-11-15T00:00:00.000Z,2015.4950000000001
2023-11-16T00:00:00.000Z,2011.315
2023-11-17T00:00:00.000Z,1948.775
2023-11-18T00:00:00.000Z,1945.15
2023-11-19T00:00:00.000Z,1980.51
2023-11-20T00:00:00.000Z,2031.4450000000002
2023-11-21T00:00:00.000Z,1984.1799999999998
2023-11-22T00:00:00.000Z,2011.2450000000001
2023-11-23T00:00:00.000Z,2064.755
2023-11-24T00:00:00.000Z,2096.8100000000004
2023-11-25T00:00:00.000Z,2079.315
2023-11-26T00:00:00.000Z,2066.43
2023-11-27T00:00:00.000Z,2028.955
2023-11-28T00:00:00.000Z,2035.7350000000001
2023-11-29T00:00:00.000Z,2047.6550000000002
2023-11-30T00:00:00.000Z,2038.29
2023-12-01T00:00:00.000Z,2078.715
2023-12-02T00:00:00.000Z,2138.215
2023-12-03T00:00:00.000Z,2183.89
2023-12-04T00:00:00.000Z,2233.1549999999997
2023-12-05T00:00:00.000Z,2249.19
2023-12-06T00:00:00.000Z,2266.2650000000003
2023-12-07T00:00:00.000Z,2302.8450000000003
2023-12-08T00:00:00.000Z,2365.4849999999997
2023-12-09T00:00:00.000Z,2366.8599999999997
2023-12-10T00:00:00.000Z,2350.105
2023-12-11T00:00:00.000Z,2244.185
2023-12-12T00:00:00.000Z,2204.27
2023-12-13T00:00:00.000Z,2214.885
2023-12-14T00:00:00.000Z,2281.9049999999997
2023-12-15T00:00:00.000Z,2259.6
2023-12-16T00:00:00.000Z,2236.1949999999997
2023-12-17T00:00:00.000Z,2218.325
2023-12-18T00:00:00.000Z,2169.38
2023-12-19T00:00:00.000Z,2194.56
2023-12-20T00:00:00.000Z,2211.44
2023-12-21T00:00:00.000Z,2231.205
2023-12-22T00:00:00.000Z,2287.525
2023-12-23T00:00:00.000Z,2299.79
2023-12-24T00:00:00.000Z,2285.975
2023-12-25T00:00:00.000Z,2279.4750000000004
2023-12-26T00:00:00.000Z,2224.615
2023-12-27T00:00:00.000Z,2303.015
2023-12-28T00:00:00.000Z,2392.385
2023-12-29T00:00:00.000Z,2321.375
2023-12-30T00:00:00.000Z,2295.48
2023-12-31T00:00:00.000Z,2289.62
2024-01-01T00:00:00.000Z,2308.96
2024-01-02T00:00:00.000Z,2388.1499999999996
2024-01-03T00:00:00.000Z,2238.8
2024-01-04T00:00:00.000Z,2250.215
2024-01-05T00:00:00.000Z,2243
2024-01-06T00:00:00.000Z,2244.84
2024-01-07T00:00:00.000Z,2232.665
2024-01-08T00:00:00.000Z,2264.39
2024-01-09T00:00:00.000Z,2302.255
2024-01-10T00:00:00.000Z,2492.485
2024-01-11T00:00:00.000Z,2628.7
2024-01-12T00:00:00.000Z,2586.535
2024-01-13T00:00:00.000Z,2543.3
2024-01-14T00:00:00.000Z,2523.625
2024-01-15T00:00:00.000Z,2510.325
2024-01-16T00:00:00.000Z,2556.015
2024-01-17T00:00:00.000Z,2548.76
2024-01-18T00:00:00.000Z,2485.415
2024-01-19T00:00:00.000Z,2457.39
2024-01-20T00:00:00.000Z,2471.325
2024-01-21T00:00:00.000Z,2466.25
2024-01-22T00:00:00.000Z,2383.17
2024-01-23T00:00:00.000Z,2257.27
2024-01-24T00:00:00.000Z,2229.16
2024-01-25T00:00:00.000Z,2205.54
2024-01-26T00:00:00.000Z,2237.95
2024-01-27T00:00:00.000Z,2266.875
2024-01-28T00:00:00.000Z,2273.785
2024-01-29T00:00:00.000Z,2278.085
2024-01-30T00:00:00.000Z,2344.365
2024-01-31T00:00:00.000Z,2307.3149999999996
2024-02-01T00:00:00.000Z,2275.09
2024-02-02T00:00:00.000Z,2301.94
2024-02-03T00:00:00.000Z,2310.27
2024-02-04T00:00:00.000Z,2288.3450000000003
2024-02-05T00:00:00.000Z,2301.9300000000003
2024-02-06T00:00:00.000Z,2344.1549999999997
2024-02-07T00:00:00.000Z,2413.1949999999997
2024-02-08T00:00:00.000Z,2436.795
2024-02-09T00:00:00.000Z,2471.505
2024-02-10T00:00:00.000Z,2495.3599999999997
2024-02-11T00:00:00.000Z,2517.545
2024-02-12T00:00:00.000Z,2569.545
2024-02-13T00:00:00.000Z,2638.9849999999997
2024-02-14T00:00:00.000Z,2704.11
2024-02-15T00:00:00.000Z,2815.165
2024-02-16T00:00:00.000Z,2802.115
2024-02-17T00:00:00.000Z,2763.2799999999997
2024-02-18T00:00:00.000Z,2831.125
2024-02-19T00:00:00.000Z,2920.92
2024-02-20T00:00:00.000Z,2953.545
2024-02-21T00:00:00.000Z,2943.2
2024-02-22T00:00:00.000Z,2970.855
2024-02-23T00:00:00.000Z,2949.005
2024-02-24T00:00:00.000Z,2956.035
2024-02-25T00:00:00.000Z,3051.67
2024-02-26T00:00:00.000Z,3117.45
2024-02-27T00:00:00.000Z,3228.1400000000003
2024-02-28T00:00:00.000Z,3342.54
2024-02-29T00:00:00.000Z,3412.1800000000003
2024-03-01T00:00:00.000Z,3397.3450000000003
2024-03-02T00:00:00.000Z,3430.08
2024-03-03T00:00:00.000Z,3429.385
2024-03-04T00:00:00.000Z,3539.975
2024-03-05T00:00:00.000Z,3517.105
2024-03-06T00:00:00.000Z,3702.4049999999997
2024-03-07T00:00:00.000Z,3838.495
2024-03-08T00:00:00.000Z,3914.2349999999997
2024-03-09T00:00:00.000Z,3915.415
2024-03-10T00:00:00.000Z,3885.4350000000004
2024-03-11T00:00:00.000Z,3921.66
2024-03-12T00:00:00.000Z,3962.41
2024-03-13T00:00:00.000Z,4009.13
2024-03-14T00:00:00.000Z,3866.08
2024-03-15T00:00:00.000Z,3749.605
2024-03-16T00:00:00.000Z,3624.085
2024-03-17T00:00:00.000Z,3544.25
2024-03-18T00:00:00.000Z,3548.46
2024-03-19T00:00:00.000Z,3348.09
2024-03-20T00:00:00.000Z,3296.9449999999997
2024-03-21T00:00:00.000Z,3499.105
2024-03-22T00:00:00.000Z,3396.56
2024-03-23T00:00:00.000Z,3353.605
2024-03-24T00:00:00.000Z,3385.7
2024-03-25T00:00:00.000Z,3540.11
2024-03-26T00:00:00.000Z,3612.555
2024-03-27T00:00:00.000Z,3562.225
2024-03-28T00:00:00.000Z,3537.3
2024-03-29T00:00:00.000Z,3529.325
2024-03-30T00:00:00.000Z,3527.855
2024-03-31T00:00:00.000Z,3580.59
2024-04-01T00:00:00.000Z,3530.4049999999997
2024-04-02T00:00:00.000Z,3360.315
2024-04-03T00:00:00.000Z,3286.2799999999997
2024-04-04T00:00:00.000Z,3348.465
2024-04-05T00:00:00.000Z,3280.0249999999996
2024-04-06T00:00:00.000Z,3353.7
2024-04-07T00:00:00.000Z,3402.54
2024-04-08T00:00:00.000Z,3567.94
2024-04-09T00:00:00.000Z,3589.455
2024-04-10T00:00:00.000Z,3487.6850000000004
2024-04-11T00:00:00.000Z,3545.495
2024-04-12T00:00:00.000Z,3324.2
2024-04-13T00:00:00.000Z,3067.115
2024-04-14T00:00:00.000Z,3043.7349999999997
2024-04-15T00:00:00.000Z,3153.295
2024-04-16T00:00:00.000Z,3074.1235234861365